{
  "templates": [
    {
      "name": "h",
      "args":
      {
        "p": {"min": 0.1, "max": 100.0},
        "t": {"min": 100, "max": 800.0}
      },
      "return_value": -1,
      "body": "249224.04*(10.0345645150427467+0.02804395564151*POW((540/(t+273.15)),-6)-0.28581095232582*POW((540/(t+273.15)),-5)+1.22131494671784*POW((540/(t+273.15)),-4)-2.8481638342888*POW((540/(t+273.15)),-3)+4.383951131945*POW((540/(t+273.15)),-2)-0.56817264921544*(540/(t+273.15))+0.063805391259921*POW((540/(t+273.15)),2)-0.035669724584716*POW((540/(t+273.15)-0.5),1)-0.137988041089095*POW((540/(t+273.15)-0.5),2)-0.345487554500592*POW((540/(t+273.15)-0.5),5)-0.000033032641670203*POW((p),1)+0.0003789797503263*POW((p),1)*POW((540/(t+273.15)-0.5),1)+0.00064959155481004*POW((p),1)*POW((540/(t+273.15)-0.5),3)-0.000107390146129749*POW((p),1)*POW((540/(t+273.15)-0.5),6)-0.000038079214570483*POW((p),2)-0.000131416713028728*POW((p),2)*POW((540/(t+273.15)-0.5),1)-0.000203760598930965*POW((p),2)*POW((540/(t+273.15)-0.5),2)-0.000071533435854167*POW((p),2)*POW((540/(t+273.15)-0.5),6)+0.000018942414343547*POW((p),3)-0.000110182940335131*POW((p),3)*POW((540/(t+273.15)-0.5),2)+0.000498973685185598*POW((p),3)*POW((540/(t+273.15)-0.5),6)+0.000027667582829898*POW((p),4)*POW((540/(t+273.15)-0.5),1)-0.000192576711692874*POW((p),4)*POW((540/(t+273.15)-0.5),5)+0.000530636787716735*POW((p),4)*POW((540/(t+273.15)-0.5),6)+0.0000056870401371009*POW((p),5)-0.000017543006560078*POW((p),5)*POW((540/(t+273.15)-0.5),1)-0.000130836910368116*POW((p),5)*POW((540/(t+273.15)-0.5),3)+0.00017410736239407*POW((p),5)*POW((540/(t+273.15)-0.5),5)+0.0000600526738576128*POW((p),5)*POW((540/(t+273.15)-0.5),6)+0.000048091064787108*POW((p),6)*POW((540/(t+273.15)-0.5),3)+0.0000043537215051897*POW((p),6)*POW((540/(t+273.15)-0.5),6)-0.00000384933613424124*POW((p),7)*POW((540/(t+273.15)-0.5),3)+0.00000187181066162307*POW((p),7)*POW((540/(t+273.15)-0.5),6)+0.000000062738423873848*POW((p),8)+0.000000203116481869944*POW((p),8)*POW((540/(t+273.15)-0.5),3)-0.0000000084756316278152*POW((p),9)+0.0000000088261380717456*POW((p),9)*POW((540/(t+273.15)-0.5),3)+0.00000000025076470720849*POW((p),10))",
      "description": "Энтальпия перегретого пара. p - давление (МПа), t - температура (С), [Дж/кг]"
    },
    {
      "name": "s",
      "args":
      {
        "p": {"min": 0.1, "max": 100.0},
        "t": {"min": 100, "max": 800.0}
      },
      "return_value": -1,
      "body": "461.526*( (540/(t+273.15))*(0.02804395564151*6*POW((540/(t+273.15)),-6) - 0.28581095232582*5*POW((540/(t+273.15)),-5) + 1.22131494671784*4*POW((540/(t+273.15)),-4) - 2.8481638342888*3*POW((540/(t+273.15)),-3) + 4.383951131945*2*POW((540/(t+273.15)),-2) - 0.56817264921544*1*POW((540/(t+273.15)),-1) + 0.063805391259921*2*(540/(t+273.15)) - 0.035669724584716*1 - 0.137988041089095*2*(540/(t+273.15)-0.5) - 0.345487554500592*5*POW((540/(t+273.15)-0.5),4) + 0.0003789797503263*(p) + 0.00064959155481004*3*(p)*POW((540/(t+273.15)-0.5),2) - 0.000107390146129749*6*(p)*POW((540/(t+273.15)-0.5),5) - 0.000038079214570483*2*(p)*(540/(t+273.15)) - 0.000131416713028728*2*(p)*POW((540/(t+273.15)),0.5) - 0.000203760598930965*2*(p)*(540/(t+273.15)-0.5) - 0.000071533435854167*2*(p)*5*POW((540/(t+273.15)-0.5),4) + 0.000018942414343547*3*POW((p),2)*(540/(t+273.15)) - 0.000110182940335131*3*POW((p),2)*2*(540/(t+273.15)-0.5) + 0.000498973685185598*3*POW((p),2)*6*POW((540/(t+273.15)-0.5),5) + 0.000027667582829898*4*POW((p),3) - 0.000192576711692874*4*POW((p),3)*5*POW((540/(t+273.15)-0.5),4) + 0.000530636787716735*4*POW((p),3)*6*POW((540/(t+273.15)-0.5),5) + 0.0000056870401371009*5*POW((p),4)*(540/(t+273.15)) - 0.000017543006560078*5*POW((p),4) - 0.000130836910368116*5*POW((p),4)*3*POW((540/(t+273.15)-0.5),2) + 0.00017410736239407*5*POW((p),4)*5*POW((540/(t+273.15)-0.5),4) + 0.0000600526738576128*5*POW((p),4)*6*POW((540/(t+273.15)-0.5),5) + 0.000048091064787108*6*POW((p),5)*3*POW((540/(t+273.15)-0.5),2) + 0.0000043537215051897*6*POW((p),5)*6*POW((540/(t+273.15)-0.5),5) - 0.00000384933613424124*7*POW((p),6)*3*POW((540/(t+273.15)-0.5),2) + 0.00000187181066162307*7*POW((p),6)*6*POW((540/(t+273.15)-0.5),5) + 0.000000062738423873848*8*POW((p),7)*(540/(t+273.15)) + 0.000000203116481869944*8*POW((p),7)*3*POW((540/(t+273.15)-0.5),2) - 0.0000000084756316278152*9*POW((p),8)*(540/(t+273.15)) + 0.0000000088261380717456*9*POW((p),8)*3*POW((540/(t+273.15)-0.5),2) + 0.00000000025076470720849*10*POW((p),9)*(540/(t+273.15)) ) - LOG(p) )",
      "description": "Энтропия перегретого пара. p - давление (МПа), t - температура (С), [Дж/кгК]"
    },
    {
       "name": "t",
       "args":
      {
        "p": {"min": 0.1, "max": 100.0},
        "s": {}
      },
      "return_value": -1,
       "body": "540 / (0.17478268058307e3 + 0.34806930892873e2*(s/1000-2) + 0.65292584978455e1*POW((s/1000-2),2) + 0.33039981775489*POW((s/1000-2),3) - 0.019281382923196*POW((s/1000-2),4) - 0.0024909197244573*POW((s/1000-2),5) - 0.00026107536495892*POW((s/1000-2),6) - 0.025988125618894*(p-2) + 0.007915092961632*(p-2)*(s/1000-2) - 0.0016134168620686*POW((p-2),1)*POW((s/1000-2),2) + 0.00015682832558585*POW((p-2),1)*POW((s/1000-2),3) + 0.000016884321963152*POW((p-2),1)*POW((s/1000-2),4) - 0.0000018677930440015*POW((p-2),1)*POW((s/1000-2),5) + 0.00000009631926103955*POW((p-2),1)*POW((s/1000-2),6) + 0.0014280853577116*POW((p-2),2) - 0.00036485322531404*POW((p-2),2)*(s/1000-2) + 0.00006666955148743*POW((p-2),2)*POW((s/1000-2),2) - 0.0000074404627117695*POW((p-2),2)*POW((s/1000-2),3) + 0.00000016670547213545*POW((p-2),2)*POW((s/1000-2),4) + 0.0000001578401618426*POW((p-2),2)*POW((s/1000-2),5) - 0.000000006114851131166*POW((p-2),2)*POW((s/1000-2),6) - 0.000034135582343848*POW((p-2),3) + 0.0000062997479618251*POW((p-2),3)*(s/1000-2) - 0.0000008391045605932*POW((p-2),3)*POW((s/1000-2),2) + 0.0000001054325876115*POW((p-2),3)*POW((s/1000-2),3) - 0.000000003636838451199*POW((p-2),3)*POW((s/1000-2),4) - 0.000000002089965414496*POW((p-2),3)*POW((s/1000-2),5) + 0.00000000009542546767531*POW((p-2),3)*POW((s/1000-2),6) + 0.000000646412934136*POW((p-2),4) - 0.00000010016926304865*POW((p-2),4)*(s/1000-2) + 0.00000001126286037559*POW((p-2),4)*POW((s/1000-2),2) - 0.0000000012891881928815*POW((p-2),4)*POW((s/1000-2),3) + 0.00000000006293036958538*POW((p-2),4)*POW((s/1000-2),4) + 0.00000000001769646010402*POW((p-2),4)*POW((s/1000-2),5) - 0.0000000000010211020904445*POW((p-2),4)*POW((s/1000-2),6) - 0.000000006689575452423*POW((p-2),5) + 0.0000000008828269232193*POW((p-2),5)*(s/1000-2) - 0.00000000009399062684861*POW((p-2),5)*POW((s/1000-2),2) + 0.00000000001029060600314*POW((p-2),5)*POW((s/1000-2),3) - 0.0000000000005009599635906*POW((p-2),5)*POW((s/1000-2),4) - 0.00000000000013779184298575*POW((p-2),5)*POW((s/1000-2),5) + 0.000000000000009144530027676*POW((p-2),5)*POW((s/1000-2),6) + 0.00000000003857540003834*POW((p-2),6) - 0.00000000000441444225009*POW((p-2),6)*(s/1000-2) + 0.0000000000004645370947086*POW((p-2),6)*POW((s/1000-2),2) - 0.00000000000005079762930742*POW((p-2),6)*POW((s/1000-2),3)) - 273.15",
       "description": "Температура перегретого пара p - давление (МПа), s - энтропия (Дж/кгК), [C]"
    },
    {
      "name": "ts",
      "args":
      {
        "p": {"min": 0.000611212, "max":  22.064}
      },
      "return_value": -1,