Timestamp;Value;Quality;Tagname;TagId;Description;Engineering Unit;Project Status;Range Low;Range High;
2025.10.27 00:00:00.000 GMT+00:00;23.028927;195;00BRU11CT001§§XQ01;28312775;T ШК 00BRU11;°C;1;0.0;100.0;
2025.10.27 00:00:00.000 GMT+00:00;20.799572;195;00BRU12CT001§§XQ01;28312798;T ШК 00BRU12;°C;1;0.0;100.0;
2025.10.27 00:00:00.000 GMT+00:00;-9.997107;35;02GCK20CQ001§§XQ01;28313130;рН ВПК ПДГР-1;pH;1;0.0;100.0;
2025.10.27 00:00:00.000 GMT+00:00;-9.997107;35;02GCK20CQ002§§XQ01;28313383;рН ВПК ПДГР-2;pH;1;0.0;100.0;
2025.10.27 00:00:00.000 GMT+00:00;-9.997107;35;02GCK20CQ003§§XQ01;28313112;рН ВПК ПДГР-3;pH;1;0.0;100.0;
2025.10.27 00:00:00.000 GMT+00:00;-9.997107;35;02GCK20CQ004§§XQ01;28313292;рН ВПК ПДГР-4;pH;1;0.0;100.0;
2025.10.27 00:00:00.000 GMT+00:00;-9.997107;35;02GCK90CQ001§§XQ01;28313183;рН В НАП НАС ДЕК В;pH;1;0.0;100.0;
2025.10.27 00:00:00.000 GMT+00:00;-49.98553;35;20BMA01CE001§§XQ01;28313067;U СЕКЦ 20BMA;В;1;0.0;500.0;
2025.10.27 00:00:00.000 GMT+00:00;-249.92766;35;20BMA01CE002§§XQ01;28313089;I ВВ РАБ ПИТ СЕКЦ 20BMA;А;1;0.0;2500.0;
2025.10.27 00:00:00.000 GMT+00:00;-49.98553;35;20BMB01CE001§§XQ01;28313368;U СЕКЦ 20BMB;В;1;0.0;500.0;
2025.10.27 00:00:00.000 GMT+00:00;-249.92766;35;20BMB01CE002§§XQ01;28313137;I ВВ РАБ ПИТ СЕКЦ 20BMB;А;1;0.0;2500.0;
2025.10.27 00:00:00.000 GMT+00:00;396.96225;195;20BMD01CE001§§XQ01;28313163;U СЕКЦ 20BMD;В;1;0.0;500.0;
2025.10.27 00:00:00.000 GMT+00:00;230.33221;195;20BMD01CE002§§XQ01;28313287;I ВВ РАБ ПИТ СЕКЦ 20BMD;А;1;0.0;1000.0;
2025.10.27 00:00:00.000 GMT+00:00;396.27045;195;20BMD01CE101§§XQ01;28313202;U СЕКЦ 20BMD;В;1;0.0;500.0;
2025.10.27 00:00:00.000 GMT+00:00;2.9160767;195;20BMD01CE102§§XQ01;28313342;I ВВ РЕЗ ПИТ СЕКЦ 20BMD;А;1;0.0;1000.0;
2025.10.27 00:00:00.000 GMT+00:00;-49.98553;35;20BMD01CE201§§XQ01;28313256;U СЕКЦ 20BMD;В;1;0.0;500.0;
2025.10.27 00:00:00.000 GMT+00:00;-99.97106;35;20BMD01CE202§§XQ01;28313375;I ВВ ПИТ ДГ СЕКЦ 20BMD;А;1;0.0;1000.0;
2025.10.27 00:00:00.000 GMT+00:00;234.15363;195;20BUA10CE001A§§XQ01;28315353;U1 ЩПТ1 СЕКЦ 1 ШКАФ 1А;В;1;0.0;250.0;
2025.10.27 00:00:00.000 GMT+00:00;234.375;195;20BUA10CE001B§§XQ01;28315355;U2 ЩПТ1 СЕКЦ 1 ШКАФ 1А;В;1;0.0;250.0;
2025.10.27 00:00:00.000 GMT+00:00;233.72371;195;20BUA10CE001C§§XQ01;28315351;U3 ЩПТ1 СЕКЦ 1 ШКАФ 1А;В;1;0.0;250.0;
2025.10.27 00:00:00.000 GMT+00:00;233.79633;195;20BUA10CE002A§§XQ01;28315346;U1 ЩПТ1 СЕКЦ 2 ШКАФ 3А;В;1;0.0;250.0;
2025.10.27 00:00:00.000 GMT+00:00;234.08144;195;20BUA10CE002B§§XQ01;28315354;U2 ЩПТ1 СЕКЦ 2 ШКАФ 3А;В;1;0.0;250.0;
2025.10.27 00:00:00.000 GMT+00:00;233.36227;195;20BUA10CE002C§§XQ01;28315348;U3 ЩПТ1 СЕКЦ 2 ШКАФ 3А;В;1;0.0;250.0;
2025.10.27 00:00:00.000 GMT+00:00;234.375;195;20BUA10CE003A§§XQ01;28315343;U1 ЩПТ1 АБ-6 ШКАФ 2А;В;1;0.0;250.0;
2025.10.27 00:00:00.000 GMT+00:00;233.34192;195;20BUA10CE003B§§XQ01;28315345;U2 ЩПТ1 АБ-6 ШКАФ 2А;В;1;0.0;250.0;
2025.10.27 00:00:00.000 GMT+00:00;234.15799;195;20BUA10CE003C§§XQ01;28315356;U3 ЩПТ1 АБ-6 ШКАФ 2А;В;1;0.0;250.0;
2025.10.27 00:00:00.000 GMT+00:00;4.0;227;20BUA10CE901§257767§O_MODE;28315350;Active Output Mode;;1;0.0;100.0;
2025.10.27 00:00:00.000 GMT+00:00;234.15692;195;20BUA10CE901§§XQ01;28315349;СР U ЩПТ1 СЕКЦ 1 ШКАФ 1А;В;1;0.0;300.0;
2025.10.27 00:00:00.000 GMT+00:00;4.0;195;20BUA10CE902§257767§O_MODE;28315342;Active Output Mode;;1;0.0;100.0;
2025.10.27 00:00:00.000 GMT+00:00;233.81654;195;20BUA10CE902§§XQ01;28315347;СР U ЩПТ1 СЕКЦ 2 ШКАФ 3А;В;1;0.0;300.0;
2025.10.27 00:00:00.000 GMT+00:00;4.0;227;20BUA10CE903§257767§O_MODE;28315344;Active Output Mode;;1;0.0;100.0;
2025.10.27 00:00:00.000 GMT+00:00;234.15799;195;20BUA10CE903§§XQ01;28315352;СР U ЩПТ1 АБ-6 ШКАФ 2А;В;1;0.0;250.0;
2025.10.27 00:00:00.000 GMT+00:00;233.57928;195;20BUA20CE001A§§XQ01;28315374;U1 ЩПТ2 СЕКЦ 1 ШКАФ 2;В;1;0.0;250.0;
2025.10.27 00:00:00.000 GMT+00:00;233.72395;195;20BUA20CE001B§§XQ01;28315370;U2 ЩПТ2 СЕКЦ 1 ШКАФ 2;В;1;0.0;250.0;
2025.10.27 00:00:00.000 GMT+00:00;233.42363;195;20BUA20CE001C§§XQ01;28315376;U3 ЩПТ2 СЕКЦ 1 ШКАФ 2;В;1;0.0;250.0;
2025.10.27 00:00:00.000 GMT+00:00;232.92824;195;20BUA20CE002A§§XQ01;28315373;U1 ЩПТ2 СЕКЦ 2 ШКАФ 5;В;1;0.0;250.0;
2025.10.27 00:00:00.000 GMT+00:00;232.56654;195;20BUA20CE002B§§XQ01;28315369;U2 ЩПТ2 СЕКЦ 2 ШКАФ 5;В;1;0.0;250.0;
2025.10.27 00:00:00.000 GMT+00:00;232.98283;195;20BUA20CE002C§§XQ01;28315379;U2 ЩПТ2 СЕКЦ 2 ШКАФ 5;В;1;0.0;250.0;
2025.10.27 00:00:00.000 GMT+00:00;233.35283;195;20BUA20CE003A§§XQ01;28315372;U1 ЩПТ2 АБ-6 ШКАФ 4;В;1;0.0;250.0;
2025.10.27 00:00:00.000 GMT+00:00;233.2896;195;20BUA20CE003B§§XQ01;28315366;U2 ЩПТ2 АБ-6 ШКАФ 4;В;1;0.0;250.0;
2025.10.27 00:00:00.000 GMT+00:00;234.0133;195;20BUA20CE003C§§XQ01;28315371;U2 ЩПТ2 АБ-6 ШКАФ 4;В;1;0.0;250.0;
2025.10.27 00:00:00.000 GMT+00:00;4.0;227;20BUA20CE901§257767§O_MODE;28315367;Active Output Mode;;1;0.0;100.0;
2025.10.27 00:00:00.000 GMT+00:00;233.57928;195;20BUA20CE901§§XQ01;28315368;СР U ЩПТ2 1 СЕКЦ ШКАФ 2;В;1;0.0;250.0;
2025.10.27 00:00:00.000 GMT+00:00;4.0;227;20BUA20CE902§257767§O_MODE;28315377;Active Output Mode;;1;0.0;100.0;
2025.10.27 00:00:00.000 GMT+00:00;232.92824;195;20BUA20CE902§§XQ01;28315378;СР U ЩПТ2 2 СЕКЦ ШКАФ 5;В;1;0.0;250.0;
2025.10.27 00:00:00.000 GMT+00:00;4.0;227;20BUA20CE903§257767§O_MODE;28315375;Active Output Mode;;1;0.0;100.0;
2025.10.27 00:00:00.000 GMT+00:00;233.32455;195;20BUA20CE903§§XQ01;28315380;СР U ЩПТ2 АБ ШКАФ 4;В;1;0.0;250.0;
2025.10.27 00:00:00.000 GMT+00:00;26.400343;195;20BUX01CT001§§XQ01;28312842;T ШК 20BUX01;°C;1;0.0;100.0;
2025.10.27 00:00:00.000 GMT+00:00;25.900322;195;20BUX02CT001§§XQ01;28312773;T ШК 20BUX02;°C;1;0.0;100.0;
2025.10.27 00:00:00.000 GMT+00:00;27.000286;195;20BUX03CT001§§XQ01;28312839;T ШК 20BUX03;°C;1;0.0;100.0;
2025.10.27 00:00:00.000 GMT+00:00;110.96643;195;20EKB01CL001§§XQ01;28312852;L БАК КОНД ГАЗ;мм;1;0.0;1300.0;
2025.10.27 00:00:00.000 GMT+00:00;-270.0;35;20EKD00CT001§§XQ01;28312645;РЕЗ;°C;1;-50.0;400.0;
2025.10.27 00:00:00.000 GMT+00:00;26.231308;195;20EKD11CG801§§XQ01;28312698;УП РК УСД (ППГ) Н1;%;1;0.0;100.0;
2025.10.27 00:00:00.000 GMT+00:00;1.0325322;195;20EKD11CP001§§XQ01;28312682;P Г ПЕРЕД РК УСД (ППГ) Н1;МПа;1;0.0;1.6;
2025.10.27 00:00:00.000 GMT+00:00;0.4231221;195;20EKD11CP002§§XQ01;28312679;P Г ПОСЛЕ РК УСД (ППГ) Н1;МПа;1;0.0;1.6;
2025.10.27 00:00:00.000 GMT+00:00;3.4437904;195;20EKD12CG801§§XQ01;28312659;УП РК УСД (ППГ) Н2;%;1;0.0;100.0;
2025.10.27 00:00:00.000 GMT+00:00;1.0437146;195;20EKD12CP001§§XQ01;28312844;P Г ПЕРЕД РК УСД (ППГ) Н2;МПа;1;0.0;1.6;
2025.10.27 00:00:00.000 GMT+00:00;0.42311656;195;20EKD12CP002§§XQ01;28312825;P Г ПОСЛЕ РК УСД (ППГ) Н2;МПа;1;0.0;1.6;
2025.10.27 00:00:00.000 GMT+00:00;10.360324;195;20EKE11CP001§§XQ01;28312877;P ВХ СЕПАРАТОР 1;;1;0.0;100.0;
2025.10.27 00:00:00.000 GMT+00:00;10.357612;195;20EKE11CP002§§XQ01;28312741;P ПРОМЕЖ СЕПАРАТОР 1;;1;0.0;100.0;
2025.10.27 00:00:00.000 GMT+00:00;10.418193;195;20EKE11CP003§§XQ01;28312943;P ВЫХ СЕПАРАТОР 1;;1;0.0;100.0;
2025.10.27 00:00:00.000 GMT+00:00;10.3784075;195;20EKE12CP001§§XQ01;28312646;P ВХ СЕПАРАТОР 2;;1;0.0;100.0;
2025.10.27 00:00:00.000 GMT+00:00;10.382025;195;20EKE12CP002§§XQ01;28312700;P ПРОМЕЖ СЕПАРАТОР 2;;1;0.0;100.0;
2025.10.27 00:00:00.000 GMT+00:00;10.278042;195;20EKE12CP003§§XQ01;28312938;P ВЫХ СЕПАРАТОР 2;;1;0.0;100.0;
2025.10.27 00:00:00.000 GMT+00:00;10.423617;195;20EKE13CP001§§XQ01;28312688;P ВХ СЕПАРАТОР 3;;1;0.0;100.0;
2025.10.27 00:00:00.000 GMT+00:00;10.339527;195;20EKE13CP002§§XQ01;28312963;P ПРОМЕЖ СЕПАРАТОР 3;;1;0.0;100.0;
2025.10.27 00:00:00.000 GMT+00:00;10.341335;195;20EKE13CP003§§XQ01;28312898;P ВЫХ СЕПАРАТОР 3;;1;0.0;100.0;
2025.10.27 00:00:00.000 GMT+00:00;0.98338974;195;20EKG11CP001§§XQ01;28312953;P Г ГРС Шоссейная;МПа;1;0.0;2.0;
2025.10.27 00:00:00.000 GMT+00:00;5.7870586E-4;195;20EKG12CP001§§XQ01;28312891;P Г ГРС Восточная;МПа;1;0.0;2.0;
2025.10.27 00:00:00.000 GMT+00:00;1.0364585;195;20EKG13CP001§§XQ01;28312782;P Г ПЕРЕД УОГ (ППГ) ОБЩ КОЛ;МПа;1;0.0;2.0;
2025.10.27 00:00:00.000 GMT+00:00;7.5920587;195;20EKG13CT001§§XQ01;28312855;Т Г ПЕРЕД УОГ (ППГ) ОБЩ КОЛ;°C;1;-30.0;70.0;
2025.10.27 00:00:00.000 GMT+00:00;1.0381944;195;20EKG21CP001§§XQ01;28312675;P Г ПОСЛЕ УОГ (ППГ);МПа;1;0.0;2.0;
2025.10.27 00:00:00.000 GMT+00:00;-39.991734;3;20EKG21CT001§§XQ01;28312933;Т Г ПОСЛЕ УОГ (ППГ);°C;1;-30.0;70.0;
2025.10.27 00:00:00.000 GMT+00:00;47313.234;195;20EKG31CF001§§XQ01;28312723;F Г УУРГ (ППГ) Н1;нм3/ч;1;0.0;150000.0;
2025.10.27 00:00:00.000 GMT+00:00;69.70486;195;20EKG31CF002§§XQ01;28312759;РЕЗ;нм3/ч;1;0.0;100.0;
2025.10.27 00:00:00.000 GMT+00:00;-9.997107;35;20EKG31CF003§§XQ01;28312799;РЕЗ;нм3/ч;1;0.0;100.0;
2025.10.27 00:00:00.000 GMT+00:00;434.02777;195;20EKG32CF001§§XQ01;28312755;F Г УУРГ (ППГ) Н2;нм3/ч;1;0.0;150000.0;
2025.10.27 00:00:00.000 GMT+00:00;69.64699;195;20EKG32CF002§§XQ01;28312811;РЕЗ;нм3/ч;1;0.0;100.0;
2025.10.27 00:00:00.000 GMT+00:00;-9.997107;35;20EKG32CF003§§XQ01;28312889;РЕЗ;нм3/ч;1;0.0;100.0;
2025.10.27 00:00:00.000 GMT+00:00;0.4230237;195;20EKG50CP001§§XQ01;28312792;P Г ПОСЛЕ УСД (ППГ) ОБЩ КОЛ;МПа;1;0.0;2.0;
2025.10.27 00:00:00.000 GMT+00:00;-39.99711;3;20EKG50CT001§§XQ01;28312892;T Г ВЫХ УСД;°C;1;-30.0;70.0;
2025.10.27 00:00:00.000 GMT+00:00;2.2650464;195;20EKG60CP001§§XQ01;28312638;P Г ПОСЛЕ ДКС ОБЩ КОЛ;МПа;1;0.0;4.0;
2025.10.27 00:00:00.000 GMT+00:00;-39.99711;35;20EKG60CT001§§XQ01;28312653;T Г ПОСЛЕ ДКС ОБЩ КОЛ;°C;1;-30.0;70.0;
2025.10.27 00:00:00.000 GMT+00:00;2.3;227;20EKG60DP001§ЗАДАТЧИК§OUT;28312692;Output Value;МПА;1;2.0;2.4;
2025.10.27 00:00:00.000 GMT+00:00;33.573273;195;20EKG61CT001§§XQ01;28312743;T Г ПОСЛЕ ДКС Н1;°C;1;-30.0;70.0;
2025.10.27 00:00:00.000 GMT+00:00;20.107899;195;20EKG62CT001§§XQ01;28312848;T Г ПОСЛЕ ДКС Н2;°C;1;-30.0;70.0;
2025.10.27 00:00:00.000 GMT+00:00;35.0;195;20EKH10AA801§§XQ01;28312786;ВХОДНОЙ РК;;1;0.0;100.0;
2025.10.27 00:00:00.000 GMT+00:00;100.0;195;20EKH10AA802§§XQ01;28312920;БАЙПАСНЫЙ РК;;1;0.0;100.0;
2025.10.27 00:00:00.000 GMT+00:00;100.0;195;20EKH10AA841§§XQ01;28312686;РК  ГАЗА НА УПЛ, СТ 1;%;1;0.0;100.0;
2025.10.27 00:00:00.000 GMT+00:00;100.0;195;20EKH10AA842§§XQ01;28312768;РК  ГАЗА НА УПЛ, СТ 2;%;1;0.0;100.0;
2025.10.27 00:00:00.000 GMT+00:00;100.0;195;20EKH10AA843§§XQ01;28312744;РК  ГАЗА НА УПЛ, СТ 3;%;1;0.0;100.0;
2025.10.27 00:00:00.000 GMT+00:00;24.627281;195;20EKH10AA851§§XQ01;28312707;РК  АЗОТА НА УПЛ, СТ 1;%;1;0.0;100.0;
2025.10.27 00:00:00.000 GMT+00:00;19.602688;195;20EKH10AA852§§XQ01;28312684;РК  АЗОТА НА УПЛ, СТ 2;%;1;0.0;100.0;
2025.10.27 00:00:00.000 GMT+00:00;19.640234;195;20EKH10AA853§§XQ01;28312710;РК  АЗОТА НА УПЛ, СТ 3;%;1;0.0;100.0;
2025.10.27 00:00:00.000 GMT+00:00;15996.0;195;20EKH10AH001§§XQ01;28312945;МОТОЧАСЫ;;1;0.0;100.0;
2025.10.27 00:00:00.000 GMT+00:00;20056.0;195;20EKH10AN001§§XQ01;28312952;МОТОЧАСЫ;;1;0.0;100.0;
2025.10.27 00:00:00.000 GMT+00:00;-0.7161264;195;20EKH10CE002§§XQ01;28312946;ТОК ГЛАВНОГО ДВИГАТЕЛЯ;;1;0.0;100.0;
2025.10.27 00:00:00.000 GMT+00:00;35.187847;195;20EKH10CG801§§XQ01;28312884;ПОЗИЦ ВХОД РЕГ;%;1;0.0;100.0;
2025.10.27 00:00:00.000 GMT+00:00;99.79022;195;20EKH10CG802§§XQ01;28312843;ПОЗИЦИОНЕР БАЙПАСНОГО КЛАПАНА;%;1;0.0;100.0;
2025.10.27 00:00:00.000 GMT+00:00;4.2061934;195;20EKH10CP001§§XQ01;28312787;P НА ВПУСКЕ СТ 1 ПОСЛЕ КЛАПАНА;;1;0.0;100.0;
2025.10.27 00:00:00.000 GMT+00:00;22.652742;195;20EKH10CP002§§XQ01;28312660;P В СИСТЕМЕ;Bar;1;0.0;100.0;
2025.10.27 00:00:00.000 GMT+00:00;4.189701;195;20EKH10CP003§§XQ01;28312783;P НА ВПУСКЕ СТ 1 ДО КЛАПАНА;;1;0.0;100.0;
2025.10.27 00:00:00.000 GMT+00:00;4.2262306;195;20EKH10CP004§§XQ01;28312760;P НА НАГНЕТАНИИ СТ 1;;1;0.0;100.0;
2025.10.27 00:00:00.000 GMT+00:00;2.3426013;195;20EKH10CP005§§XQ01;28312790;P  ВОДЫ НА ВХОДЕ В КОМПРЕССОР;Bar;1;0.0;100.0;
2025.10.27 00:00:00.000 GMT+00:00;1.547267;195;20EKH10CP006§§XQ01;28312835;P  ВОДЫ НА ВЫХОДЕ ИЗ КОМПРЕССОРА;Bar;1;0.0;100.0;
2025.10.27 00:00:00.000 GMT+00:00;4.1936793;195;20EKH10CP008§§XQ01;28312868;P НА НАГНЕТАНИИ СТ 2;Bar;1;0.0;100.0;
2025.10.27 00:00:00.000 GMT+00:00;4.175234;195;20EKH10CP022§§XQ01;28312857;P НА НАГНЕТАНИИ СТ 3;;1;0.0;100.0;
2025.10.27 00:00:00.000 GMT+00:00;22.633934;195;20EKH10CP024§§XQ01;28312702;P В СИСТЕМЕ;Bar;1;0.0;100.0;
2025.10.27 00:00:00.000 GMT+00:00;17.9;195;20EKH10CT001§§XQ01;28312813;T ВОДЫ НА ВХОДЕ В КОМПРЕССОР;°C;1;0.0;100.0;
2025.10.27 00:00:00.000 GMT+00:00;17.5;195;20EKH10CT002§§XQ01;28312794;T ВОДЫ НА ВЫХОДЕ ИЗ КОМПРЕССОРА;°C;1;0.0;100.0;
2025.10.27 00:00:00.000 GMT+00:00;18.5;195;20EKH10CT005§§XQ01;28312881;T ГАЗА ПОСЛЕ КОНЦЕВОГО ТЕПЛООБМ;°C;1;0.0;100.0;
2025.10.27 00:00:00.000 GMT+00:00;23.6;195;20EKH10CT006§§XQ01;28312654;T ОБМ U;°C;1;0.0;100.0;
2025.10.27 00:00:00.000 GMT+00:00;24.2;195;20EKH10CT007§§XQ01;28312746;T ОБМ V;°C;1;0.0;100.0;
2025.10.27 00:00:00.000 GMT+00:00;24.1;195;20EKH10CT008§§XQ01;28312864;T ОБМ W;°C;1;0.0;100.0;
2025.10.27 00:00:00.000 GMT+00:00;28.4;195;20EKH10CT009§§XQ01;28312935;T ПДШП ПРИВОДНОЙ СТОРОНЫ;°C;1;0.0;100.0;
2025.10.27 00:00:00.000 GMT+00:00;28.6;195;20EKH10CT010§§XQ01;28312637;T ПДШП НЕ ПРИВОДНОЙ СТОРОНЫ;°C;1;0.0;100.0;
2025.10.27 00:00:00.000 GMT+00:00;19.6;195;20EKH10CT011§§XQ01;28312870;T ВПУСКНОЙ ТРУБОПРОВОД СТ 1;°C;1;0.0;100.0;
2025.10.27 00:00:00.000 GMT+00:00;19.6;195;20EKH10CT012§§XQ01;28312677;T ВПУСКНОЙ ТРУБОПРОВОД СТ 2;°C;1;0.0;100.0;
2025.10.27 00:00:00.000 GMT+00:00;22.0;195;20EKH10CT014§§XQ01;28312754;T ВПУСКНОЙ ТРУБОПРОВОД СТ 3;°C;1;0.0;100.0;
2025.10.27 00:00:00.000 GMT+00:00;20.9;195;20EKH10CT015§§XQ01;28312908;T ТРУБОПРОВОД НАГНЕТАНИЯ;°C;1;0.0;100.0;
2025.10.27 00:00:00.000 GMT+00:00;30.6;195;20EKH10CT020§§XQ01;28312806;T ВАЛА ПОСЛЕ 1 СТ;°C;1;0.0;100.0;
2025.10.27 00:00:00.000 GMT+00:00;31.6;195;20EKH10CT021§§XQ01;28312758;T ВАЛА ДО 1 СТ;°C;1;0.0;100.0;
2025.10.27 00:00:00.000 GMT+00:00;31.0;195;20EKH10CT022§§XQ01;28312949;T ВАЛА ПОСЛЕ 2 СТ;°C;1;0.0;100.0;
2025.10.27 00:00:00.000 GMT+00:00;30.5;195;20EKH10CT023§§XQ01;28312905;T ВАЛА ДО 2 СТ;°C;1;0.0;100.0;
2025.10.27 00:00:00.000 GMT+00:00;31.2;195;20EKH10CT024§§XQ01;28312960;T ВАЛА ПОСЛЕ 3 СТ;°C;1;0.0;100.0;
2025.10.27 00:00:00.000 GMT+00:00;31.6;195;20EKH10CT025§§XQ01;28312930;T ВАЛА ДО 3 СТ;°C;1;0.0;100.0;
2025.10.27 00:00:00.000 GMT+00:00;35.2;195;20EKH10CT026§§XQ01;28312749;T  УП ПДШП ПРИВОД СТОРОНА;°C;1;0.0;100.0;
2025.10.27 00:00:00.000 GMT+00:00;35.0;195;20EKH10CT027§§XQ01;28312962;T РАД ПДШП ПРИВОД СТОРОНА;°C;1;0.0;100.0;
2025.10.27 00:00:00.000 GMT+00:00;35.5;195;20EKH10CT028§§XQ01;28312685;T РАД ПДШП НЕПРИВОД СТОРОНА;°C;1;0.0;100.0;
2025.10.27 00:00:00.000 GMT+00:00;35.4;195;20EKH10CT029§§XQ01;28312827;T  УП ПДШП НЕПРИВОД СТОРОНА;°C;1;0.0;100.0;
2025.10.27 00:00:00.000 GMT+00:00;142.83551;195;20EKH10CY031§§XQ01;28312867;ОС РОТ ГДК1;;1;0.0;100.0;
2025.10.27 00:00:00.000 GMT+00:00;0.27560017;195;20EKH10CY032§§XQ01;28312934;ВИБР(X) СТ1 ГДК1;;1;0.0;100.0;
2025.10.27 00:00:00.000 GMT+00:00;1.0518739;195;20EKH10CY033§§XQ01;28312896;ВИБР(X) СТ2 ГДК1;;1;0.0;100.0;
2025.10.27 00:00:00.000 GMT+00:00;-0.36746687;195;20EKH10CY035§§XQ01;28312819;ВИБР(X) СТ3 ГДК1;;1;0.0;100.0;
2025.10.27 00:00:00.000 GMT+00:00;0.07808671;195;20EKH10CY036§§XQ01;28312663;ВИБР(Y) СТ1 ГДК1;;1;0.0;100.0;
2025.10.27 00:00:00.000 GMT+00:00;0.9416339;195;20EKH10CY037§§XQ01;28312838;ВИБР(Y) СТ2 ГДК1;;1;0.0;100.0;
2025.10.27 00:00:00.000 GMT+00:00;-0.12402007;195;20EKH10CY039§§XQ01;28312834;ВИБР(Y) СТ3 ГДК1;;1;0.0;100.0;
2025.10.27 00:00:00.000 GMT+00:00;54.504852;195;20EKH20AA801§§XQ01;28313281;ВХОДНОЙ РК;;1;0.0;100.0;
2025.10.27 00:00:00.000 GMT+00:00;0.0;195;20EKH20AA802§§XQ01;28313397;БАЙПАСНЫЙ РК;;1;0.0;100.0;
2025.10.27 00:00:00.000 GMT+00:00;26.802197;195;20EKH20AA841§§XQ01;28313179;РК  ГАЗА НА УПЛ, СТ 1;%;1;0.0;100.0;
2025.10.27 00:00:00.000 GMT+00:00;30.13564;195;20EKH20AA842§§XQ01;28313116;РК  ГАЗА НА УПЛ, СТ 2;%;1;0.0;100.0;
2025.10.27 00:00:00.000 GMT+00:00;24.412212;195;20EKH20AA843§§XQ01;28313223;РК  ГАЗА НА УПЛ, СТ 3;%;1;0.0;100.0;
2025.10.27 00:00:00.000 GMT+00:00;27.184906;195;20EKH20AA851§§XQ01;28313278;РК  АЗОТА НА УПЛ, СТ 1;%;1;0.0;100.0;
2025.10.27 00:00:00.000 GMT+00:00;37.15813;195;20EKH20AA852§§XQ01;28313336;РК  АЗОТА НА УПЛ, СТ 2;%;1;0.0;100.0;
2025.10.27 00:00:00.000 GMT+00:00;23.22102;195;20EKH20AA853§§XQ01;28313192;РК  АЗОТА НА УПЛ, СТ 3;%;1;0.0;100.0;
2025.10.27 00:00:00.000 GMT+00:00;16012.0;195;20EKH20AH001§§XQ01;28313133;МОТОЧАСЫ;;1;0.0;100.0;
2025.10.27 00:00:00.000 GMT+00:00;21392.0;195;20EKH20AN001§§XQ01;28313282;МОТОЧАСЫ;;1;0.0;100.0;
2025.10.27 00:00:00.000 GMT+00:00;345.58524;195;20EKH20CE002§§XQ01;28313395;ТОК ГЛАВНОГО ДВИГАТЕЛЯ;;1;0.0;100.0;
2025.10.27 00:00:00.000 GMT+00:00;54.743885;195;20EKH20CG801§§XQ01;28313265;ПОЗИЦ ВХОД РЕГ;%;1;0.0;100.0;
2025.10.27 00:00:00.000 GMT+00:00;-0.3987503;195;20EKH20CG802§§XQ01;28313216;ПОЗИЦИОНЕР БАЙПАСНОГО КЛАПАНА;%;1;0.0;100.0;
2025.10.27 00:00:00.000 GMT+00:00;3.574845;195;20EKH20CP001§§XQ01;28313167;P НА ВПУСКЕ СТ 1 ПОСЛЕ КЛАПАНА;Bar;1;0.0;100.0;
2025.10.27 00:00:00.000 GMT+00:00;3.9900537;195;20EKH20CP003§§XQ01;28313377;P НА ВПУСКЕ СТ 1 ДО КЛАПАНА;Bar;1;0.0;100.0;
2025.10.27 00:00:00.000 GMT+00:00;7.8046923;195;20EKH20CP004§§XQ01;28313236;P НА НАГНЕТАНИИ СТ 1;Bar;1;0.0;100.0;
2025.10.27 00:00:00.000 GMT+00:00;2.3615894;195;20EKH20CP005§§XQ01;28313372;P  ВОДЫ НА ВХОДЕ В КОМПРЕССОР;Bar;1;0.0;100.0;
2025.10.27 00:00:00.000 GMT+00:00;1.5570323;195;20EKH20CP006§§XQ01;28313215;P  ВОДЫ НА ВЫХОДЕ ИЗ КОМПРЕССОРА;Bar;1;0.0;100.0;
2025.10.27 00:00:00.000 GMT+00:00;14.431031;195;20EKH20CP008§§XQ01;28313150;P НА НАГНЕТАНИИ СТ 2;Bar;1;0.0;100.0;
2025.10.27 00:00:00.000 GMT+00:00;23.017315;195;20EKH20CP022§§XQ01;28313273;P НА НАГНЕТАНИИ СТ 3;Bar;1;0.0;100.0;
2025.10.27 00:00:00.000 GMT+00:00;17.6;195;20EKH20CT001§§XQ01;28313138;T ВОДЫ НА ВХОДЕ В КОМПРЕССОР;°C;1;0.0;100.0;
2025.10.27 00:00:00.000 GMT+00:00;24.6;195;20EKH20CT002§§XQ01;28313275;T ВОДЫ НА ВЫХОДЕ ИЗ КОМПРЕССОРА;°C;1;0.0;100.0;
2025.10.27 00:00:00.000 GMT+00:00;38.0;195;20EKH20CT005§§XQ01;28313238;T ГАЗА ПОСЛЕ КОНЦЕВОГО ТЕПЛООБМ;°C;1;0.0;100.0;
2025.10.27 00:00:00.000 GMT+00:00;73.200005;195;20EKH20CT006§§XQ01;28313378;T ОБМ U;°C;1;0.0;100.0;
2025.10.27 00:00:00.000 GMT+00:00;71.6;195;20EKH20CT007§§XQ01;28313297;T ОБМ V;°C;1;0.0;100.0;
2025.10.27 00:00:00.000 GMT+00:00;72.4;195;20EKH20CT008§§XQ01;28313184;T ОБМ W;°C;1;0.0;100.0;
2025.10.27 00:00:00.000 GMT+00:00;67.9;195;20EKH20CT009§§XQ01;28313328;T ПДШП ПРИВОДНОЙ СТОРОНЫ;°C;1;0.0;100.0;
2025.10.27 00:00:00.000 GMT+00:00;67.5;195;20EKH20CT010§§XQ01;28313144;T ПДШП НЕ ПРИВОДНОЙ СТОРОНЫ;°C;1;0.0;100.0;
2025.10.27 00:00:00.000 GMT+00:00;5.5;195;20EKH20CT011§§XQ01;28313255;T ВПУСКНОЙ ТРУБОПРОВОД СТ 1;°C;1;0.0;100.0;
2025.10.27 00:00:00.000 GMT+00:00;61.8;195;20EKH20CT012§§XQ01;28313146;T ВПУСКНОЙ ТРУБОПРОВОД СТ 2;°C;1;0.0;100.0;
2025.10.27 00:00:00.000 GMT+00:00;110.8;195;20EKH20CT014§§XQ01;28313393;T ВПУСКНОЙ ТРУБОПРОВОД СТ 3;°C;1;0.0;100.0;
2025.10.27 00:00:00.000 GMT+00:00;152.1;195;20EKH20CT015§§XQ01;28313185;T ТРУБОПРОВОД НАГНЕТАНИЯ;°C;1;0.0;100.0;
2025.10.27 00:00:00.000 GMT+00:00;58.9;195;20EKH20CT020§§XQ01;28313173;T ВАЛА ПОСЛЕ 1 СТ;°C;1;0.0;100.0;
2025.10.27 00:00:00.000 GMT+00:00;63.600002;195;20EKH20CT021§§XQ01;28313217;T ВАЛА ДО 1 СТ;°C;1;0.0;100.0;
2025.10.27 00:00:00.000 GMT+00:00;70.200005;195;20EKH20CT022§§XQ01;28313356;T ВАЛА ПОСЛЕ 2 СТ;°C;1;0.0;100.0;
2025.10.27 00:00:00.000 GMT+00:00;61.0;195;20EKH20CT023§§XQ01;28313157;T ВАЛА ДО 2 СТ;°C;1;0.0;100.0;
2025.10.27 00:00:00.000 GMT+00:00;64.0;195;20EKH20CT024§§XQ01;28313303;T ВАЛА ПОСЛЕ 3 СТ;°C;1;0.0;100.0;
2025.10.27 00:00:00.000 GMT+00:00;66.0;195;20EKH20CT025§§XQ01;28313140;T ВАЛА ДО 3 СТ;°C;1;0.0;100.0;
2025.10.27 00:00:00.000 GMT+00:00;56.8;195;20EKH20CT026§§XQ01;28313165;T  УП ПДШП ПРИВОД СТОРОНА;°C;1;0.0;100.0;
2025.10.27 00:00:00.000 GMT+00:00;55.3;195;20EKH20CT027§§XQ01;28313176;T РАД ПДШП ПРИВОД СТОРОНА;°C;1;0.0;100.0;
2025.10.27 00:00:00.000 GMT+00:00;67.200005;195;20EKH20CT028§§XQ01;28313122;T РАД ПДШП НЕПРИВОД СТОРОНА;°C;1;0.0;100.0;
2025.10.27 00:00:00.000 GMT+00:00;67.1;195;20EKH20CT029§§XQ01;28313296;T  УП ПДШП НЕПРИВОД СТОРОНА;°C;1;0.0;100.0;
2025.10.27 00:00:00.000 GMT+00:00;-76.17474;195;20EKH20CY031§§XQ01;28313314;ОС РОТ ГДК2;;1;0.0;100.0;
2025.10.27 00:00:00.000 GMT+00:00;8.842172;195;20EKH20CY032§§XQ01;28313354;ВИБР(X) СТ1 ГДК2;;1;0.0;100.0;
2025.10.27 00:00:00.000 GMT+00:00;5.103196;195;20EKH20CY033§§XQ01;28313295;ВИБР(X) СТ2 ГДК2;;1;0.0;100.0;
2025.10.27 00:00:00.000 GMT+00:00;7.1564174;195;20EKH20CY035§§XQ01;28313260;ВИБР(X) СТ3 ГДК2;;1;0.0;100.0;
2025.10.27 00:00:00.000 GMT+00:00;9.508205;195;20EKH20CY036§§XQ01;28313351;ВИБР(Y) СТ1 ГДК2;;1;0.0;100.0;
2025.10.27 00:00:00.000 GMT+00:00;6.2377505;195;20EKH20CY037§§XQ01;28313331;ВИБР(Y) СТ2 ГДК2;;1;0.0;100.0;
2025.10.27 00:00:00.000 GMT+00:00;7.891351;195;20EKH20CY039§§XQ01;28313246;ВИБР(Y) СТ3 ГДК2;;1;0.0;100.0;
2025.10.27 00:00:00.000 GMT+00:00;35.0;195;20EKH30AA801§§XQ01;28312928;ВХОДНОЙ РК;;1;0.0;100.0;
2025.10.27 00:00:00.000 GMT+00:00;100.0;195;20EKH30AA802§§XQ01;28312747;БАЙПАСНЫЙ РК;;1;0.0;100.0;
2025.10.27 00:00:00.000 GMT+00:00;100.0;195;20EKH30AA841§§XQ01;28312805;РК  ГАЗА НА УПЛ, СТ 1;%;1;0.0;100.0;
2025.10.27 00:00:00.000 GMT+00:00;100.0;195;20EKH30AA842§§XQ01;28312731;РК  ГАЗА НА УПЛ, СТ 2;%;1;0.0;100.0;
2025.10.27 00:00:00.000 GMT+00:00;100.0;195;20EKH30AA843§§XQ01;28312890;РК  ГАЗА НА УПЛ, СТ 3;%;1;0.0;100.0;
2025.10.27 00:00:00.000 GMT+00:00;25.215036;195;20EKH30AA851§§XQ01;28312830;РК  АЗОТА НА УПЛ, СТ 1;%;1;0.0;100.0;
2025.10.27 00:00:00.000 GMT+00:00;16.27187;195;20EKH30AA852§§XQ01;28312810;РК  АЗОТА НА УПЛ, СТ 2;%;1;0.0;100.0;
2025.10.27 00:00:00.000 GMT+00:00;22.502834;195;20EKH30AA853§§XQ01;28312727;РК  АЗОТА НА УПЛ, СТ 3;%;1;0.0;100.0;
2025.10.27 00:00:00.000 GMT+00:00;13536.0;195;20EKH30AH001§§XQ01;28312771;МОТОЧАСЫ;;1;0.0;100.0;
2025.10.27 00:00:00.000 GMT+00:00;20656.0;195;20EKH30AN001§§XQ01;28312815;МОТОЧАСЫ;;1;0.0;100.0;
2025.10.27 00:00:00.000 GMT+00:00;0.3689136;195;20EKH30CE002§§XQ01;28312762;ТОК ГЛАВНОГО ДВИГАТЕЛЯ;;1;0.0;100.0;
2025.10.27 00:00:00.000 GMT+00:00;35.21678;195;20EKH30CG801§§XQ01;28312914;ПОЗИЦ ВХОД РЕГ;%;1;0.0;100.0;
2025.10.27 00:00:00.000 GMT+00:00;99.131966;195;20EKH30CG802§§XQ01;28312680;ПОЗИЦИОНЕР БАЙПАСНОГО КЛАПАНА;%;1;0.0;100.0;
2025.10.27 00:00:00.000 GMT+00:00;4.185361;195;20EKH30CP001§§XQ01;28312924;P НА ВПУСКЕ СТ 1 ПОСЛЕ КЛАПАНА;Bar;1;0.0;100.0;
2025.10.27 00:00:00.000 GMT+00:00;4.1862288;195;20EKH30CP003§§XQ01;28312796;P НА ВПУСКЕ СТ 1 ДО КЛАПАНА;Bar;1;0.0;100.0;
2025.10.27 00:00:00.000 GMT+00:00;4.2012744;195;20EKH30CP004§§XQ01;28312958;P НА НАГНЕТАНИИ СТ 1;Bar;1;0.0;100.0;
2025.10.27 00:00:00.000 GMT+00:00;2.3952255;195;20EKH30CP005§§XQ01;28312789;P  ВОДЫ НА ВХОДЕ В КОМПРЕССОР;Bar;1;0.0;100.0;
2025.10.27 00:00:00.000 GMT+00:00;1.4403905;195;20EKH30CP006§§XQ01;28312800;P  ВОДЫ НА ВЫХОДЕ ИЗ КОМПРЕССОРА;Bar;1;0.0;100.0;
2025.10.27 00:00:00.000 GMT+00:00;4.184999;195;20EKH30CP008§§XQ01;28312739;P НА НАГНЕТАНИИ СТ 2;Bar;1;0.0;100.0;
2025.10.27 00:00:00.000 GMT+00:00;4.2461233;195;20EKH30CP022§§XQ01;28312648;P НА НАГНЕТАНИИ СТ 3;Bar;1;0.0;100.0;
2025.10.27 00:00:00.000 GMT+00:00;15.3;195;20EKH30CT001§§XQ01;28312673;T ВОДЫ НА ВХОДЕ В КОМПРЕССОР;°C;1;0.0;100.0;
2025.10.27 00:00:00.000 GMT+00:00;17.5;195;20EKH30CT002§§XQ01;28312888;T ВОДЫ НА ВЫХОДЕ ИЗ КОМПРЕССОРА;°C;1;0.0;100.0;
2025.10.27 00:00:00.000 GMT+00:00;18.7;195;20EKH30CT005§§XQ01;28312735;T ГАЗА ПОСЛЕ КОНЦЕВОГО ТЕПЛООБМ;°C;1;0.0;100.0;
2025.10.27 00:00:00.000 GMT+00:00;34.2;195;20EKH30CT006§§XQ01;28312824;T ОБМ U;°C;1;0.0;100.0;
2025.10.27 00:00:00.000 GMT+00:00;36.4;195;20EKH30CT007§§XQ01;28312837;T ОБМ V;°C;1;0.0;100.0;
2025.10.27 00:00:00.000 GMT+00:00;37.2;195;20EKH30CT008§§XQ01;28312833;T ОБМ W;°C;1;0.0;100.0;
2025.10.27 00:00:00.000 GMT+00:00;30.2;195;20EKH30CT009§§XQ01;28312967;T ПДШП ПРИВОДНОЙ СТОРОНЫ;°C;1;0.0;100.0;
2025.10.27 00:00:00.000 GMT+00:00;30.800001;195;20EKH30CT010§§XQ01;28312695;T ПДШП НЕ ПРИВОДНОЙ СТОРОНЫ;°C;1;0.0;100.0;
2025.10.27 00:00:00.000 GMT+00:00;19.1;195;20EKH30CT011§§XQ01;28312661;T ВПУСКНОЙ ТРУБОПРОВОД СТ 1;°C;1;0.0;100.0;
2025.10.27 00:00:00.000 GMT+00:00;19.9;195;20EKH30CT012§§XQ01;28312865;T ВПУСКНОЙ ТРУБОПРОВОД СТ 2;°C;1;0.0;100.0;
2025.10.27 00:00:00.000 GMT+00:00;21.1;195;20EKH30CT014§§XQ01;28312736;T ВПУСКНОЙ ТРУБОПРОВОД СТ 3;°C;1;0.0;100.0;
2025.10.27 00:00:00.000 GMT+00:00;21.0;195;20EKH30CT015§§XQ01;28312696;T ТРУБОПРОВОД НАГНЕТАНИЯ;°C;1;0.0;100.0;
2025.10.27 00:00:00.000 GMT+00:00;32.5;195;20EKH30CT020§§XQ01;28312728;T ВАЛА ПОСЛЕ 1 СТ;°C;1;0.0;100.0;
2025.10.27 00:00:00.000 GMT+00:00;32.600002;195;20EKH30CT021§§XQ01;28312693;T ВАЛА ДО 1 СТ;°C;1;0.0;100.0;
2025.10.27 00:00:00.000 GMT+00:00;32.7;195;20EKH30CT022§§XQ01;28312738;T ВАЛА ПОСЛЕ 2 СТ;°C;1;0.0;100.0;
2025.10.27 00:00:00.000 GMT+00:00;32.4;195;20EKH30CT023§§XQ01;28312664;T ВАЛА ДО 2 СТ;°C;1;0.0;100.0;
2025.10.27 00:00:00.000 GMT+00:00;32.600002;195;20EKH30CT024§§XQ01;28312717;T ВАЛА ПОСЛЕ 3 СТ;°C;1;0.0;100.0;
2025.10.27 00:00:00.000 GMT+00:00;33.4;195;20EKH30CT025§§XQ01;28312672;T ВАЛА ДО 3 СТ;°C;1;0.0;100.0;
2025.10.27 00:00:00.000 GMT+00:00;35.9;195;20EKH30CT026§§XQ01;28312880;T  УП ПДШП ПРИВОД СТОРОНА;°C;1;0.0;100.0;
2025.10.27 00:00:00.000 GMT+00:00;36.100002;195;20EKH30CT027§§XQ01;28312699;T РАД ПДШП ПРИВОД СТОРОНА;°C;1;0.0;100.0;
2025.10.27 00:00:00.000 GMT+00:00;36.2;195;20EKH30CT028§§XQ01;28312719;T РАД ПДШП НЕПРИВОД СТОРОНА;°C;1;0.0;100.0;
2025.10.27 00:00:00.000 GMT+00:00;36.3;195;20EKH30CT029§§XQ01;28312876;T  УП ПДШП НЕПРИВОД СТОРОНА;°C;1;0.0;100.0;
2025.10.27 00:00:00.000 GMT+00:00;62.176514;195;20EKH30CY031§§XQ01;28312899;ОС РОТ ГДК3;;1;0.0;100.0;
2025.10.27 00:00:00.000 GMT+00:00;1.1110809;195;20EKH30CY032§§XQ01;28312939;ВИБР(X) СТ1 ГДК3;;1;0.0;100.0;
2025.10.27 00:00:00.000 GMT+00:00;0.4860979;195;20EKH30CY033§§XQ01;28312718;ВИБР(X) СТ2 ГДК3;;1;0.0;100.0;
2025.10.27 00:00:00.000 GMT+00:00;-0.15045887;195;20EKH30CY035§§XQ01;28312708;ВИБР(X) СТ3 ГДК3;;1;0.0;100.0;
2025.10.27 00:00:00.000 GMT+00:00;0.4571635;195;20EKH30CY036§§XQ01;28312674;ВИБР(Y) СТ1 ГДК3;;1;0.0;100.0;
2025.10.27 00:00:00.000 GMT+00:00;0.49767166;195;20EKH30CY037§§XQ01;28312668;ВИБР(Y) СТ2 ГДК3;;1;0.0;100.0;
2025.10.27 00:00:00.000 GMT+00:00;-0.09259008;195;20EKH30CY039§§XQ01;28312955;ВИБР(Y) СТ3 ГДК3;;1;0.0;100.0;
2025.10.27 00:00:00.000 GMT+00:00;0.0;227;20EKV10AH001§3217121§MAINTAL;28314830;Maintenance Alarm Limit;;1;0.0;100.0;
2025.10.27 00:00:00.000 GMT+00:00;0.0;227;20EKV10AH001§3217121§MAINTINT;28314722;Maintenance Interval (hours);;1;0.0;100.0;
2025.10.27 00:00:00.000 GMT+00:00;0.0;227;20EKV10AH001§3217122§MAINTAL;28314491;Maintenance Alarm Limit;;1;0.0;100.0;
2025.10.27 00:00:00.000 GMT+00:00;0.0;227;20EKV10AH001§3217122§MAINTINT;28314622;Maintenance Interval (hours);;1;0.0;100.0;
2025.10.27 00:00:00.000 GMT+00:00;37507.66;195;20EKV10AH001§§XQ11;28314043;Нагр. гл.мот. к-во вкл K-A;;1;0.0;100.0;
2025.10.27 00:00:00.000 GMT+00:00;420.0;195;20EKV10AH001§§XQ12;28314041;Нагр. гл.мот. к-во вкл K-A;;1;0.0;100.0;
2025.10.27 00:00:00.000 GMT+00:00;37507.66;195;20EKV10AH001§§XQ13;28314040;Нагр. гл.мот. к-во вкл K-A;;1;0.0;100.0;
2025.10.27 00:00:00.000 GMT+00:00;420.0;195;20EKV10AH001§§XQ14;28314039;Нагр. гл.мот. к-во вкл K-A;;1;0.0;100.0;
2025.10.27 00:00:00.000 GMT+00:00;444.0;195;20EKV10AH023_1§§XQ01;28312878;МОТОЧАСЫ;;1;0.0;100.0;
2025.10.27 00:00:00.000 GMT+00:00;476.0;195;20EKV10AH023_2§§XQ01;28312915;МОТОЧАСЫ;;1;0.0;100.0;
2025.10.27 00:00:00.000 GMT+00:00;0.0;227;20EKV10AH023§3217121§MAINTAL;28314561;Maintenance Alarm Limit;;1;0.0;100.0;
2025.10.27 00:00:00.000 GMT+00:00;0.0;227;20EKV10AH023§3217121§MAINTINT;28314716;Maintenance Interval (hours);;1;0.0;100.0;
2025.10.27 00:00:00.000 GMT+00:00;0.0;227;20EKV10AH023§3217122§MAINTAL;28314888;Maintenance Alarm Limit;;1;0.0;100.0;
2025.10.27 00:00:00.000 GMT+00:00;0.0;227;20EKV10AH023§3217122§MAINTINT;28314757;Maintenance Interval (hours);;1;0.0;100.0;
2025.10.27 00:00:00.000 GMT+00:00;1022.74;195;20EKV10AH023§§XQ11;28314328;Маслонагреватель-1 K-A;;1;0.0;100.0;
2025.10.27 00:00:00.000 GMT+00:00;1097.0;195;20EKV10AH023§§XQ12;28314330;Маслонагреватель-1 K-A;;1;0.0;100.0;
2025.10.27 00:00:00.000 GMT+00:00;1022.74;195;20EKV10AH023§§XQ13;28314324;Маслонагреватель-1 K-A;;1;0.0;100.0;
2025.10.27 00:00:00.000 GMT+00:00;1097.0;195;20EKV10AH023§§XQ14;28314326;Маслонагреватель-1 K-A;;1;0.0;100.0;
2025.10.27 00:00:00.000 GMT+00:00;0.0;227;20EKV10AH024§3217121§MAINTAL;28314683;Maintenance Alarm Limit;;1;0.0;100.0;
2025.10.27 00:00:00.000 GMT+00:00;0.0;227;20EKV10AH024§3217121§MAINTINT;28314529;Maintenance Interval (hours);;1;0.0;100.0;
2025.10.27 00:00:00.000 GMT+00:00;0.0;227;20EKV10AH024§3217122§MAINTAL;28314551;Maintenance Alarm Limit;;1;0.0;100.0;
2025.10.27 00:00:00.000 GMT+00:00;0.0;227;20EKV10AH024§3217122§MAINTINT;28314349;Maintenance Interval (hours);;1;0.0;100.0;
2025.10.27 00:00:00.000 GMT+00:00;1024.74;195;20EKV10AH024§§XQ11;28314563;Маслонагреватель-2 K-A;;1;0.0;100.0;
2025.10.27 00:00:00.000 GMT+00:00;1098.0;195;20EKV10AH024§§XQ12;28314570;Маслонагреватель-2 K-A;;1;0.0;100.0;
2025.10.27 00:00:00.000 GMT+00:00;1024.74;195;20EKV10AH024§§XQ13;28314569;Маслонагреватель-2 K-A;;1;0.0;100.0;
2025.10.27 00:00:00.000 GMT+00:00;1098.0;195;20EKV10AH024§§XQ14;28314568;Маслонагреватель-2 K-A;;1;0.0;100.0;
2025.10.27 00:00:00.000 GMT+00:00;0.0;227;20EKV10AP005§3217121§MAINTAL;28314844;Maintenance Alarm Limit;;1;0.0;100.0;
2025.10.27 00:00:00.000 GMT+00:00;0.0;227;20EKV10AP005§3217121§MAINTINT;28314166;Maintenance Interval (hours);;1;0.0;100.0;
2025.10.27 00:00:00.000 GMT+00:00;0.0;227;20EKV10AP005§3217122§MAINTAL;28314319;Maintenance Alarm Limit;;1;0.0;100.0;
2025.10.27 00:00:00.000 GMT+00:00;0.0;227;20EKV10AP005§3217122§MAINTINT;28314391;Maintenance Interval (hours);;1;0.0;100.0;
2025.10.27 00:00:00.000 GMT+00:00;13772.0;195;20EKV10AP005§§XQ01;28312767;МОТОЧАСЫ;;1;0.0;100.0;
2025.10.27 00:00:00.000 GMT+00:00;29936.98;195;20EKV10AP005§§XQ11;28314809;Маслонасос К-A;;1;0.0;100.0;
2025.10.27 00:00:00.000 GMT+00:00;1665.0;195;20EKV10AP005§§XQ12;28314808;Маслонасос К-A;;1;0.0;100.0;
2025.10.27 00:00:00.000 GMT+00:00;29936.98;195;20EKV10AP005§§XQ13;28314819;Маслонасос К-A;;1;0.0;100.0;
2025.10.27 00:00:00.000 GMT+00:00;1665.0;195;20EKV10AP005§§XQ14;28314821;Маслонасос К-A;;1;0.0;100.0;
2025.10.27 00:00:00.000 GMT+00:00;86.040054;195;20EKV10CL102§§XQ01;28312712;L МАСЛЯНОГО РЕЗЕРВУАРА;мм;1;0.0;100.0;
2025.10.27 00:00:00.000 GMT+00:00;1.4459966;195;20EKV10CP005§§XQ01;28312764;P ЛИНИЯ ПОДАЧИ МСЛ ПСЛ ФИЛЬТ;Bar;1;0.0;100.0;
2025.10.27 00:00:00.000 GMT+00:00;1.6188797;195;20EKV10CP006§§XQ01;28312929;DP НА МАСЛЯНОМ ФИЛЬТРЕ;Bar;1;0.0;100.0;
2025.10.27 00:00:00.000 GMT+00:00;33.0;195;20EKV10CT001§§XQ01;28312766;T ЛИНИЯ ПОДАЧИ МАСЛА;°C;1;0.0;100.0;
2025.10.27 00:00:00.000 GMT+00:00;32.4;195;20EKV10CT002§§XQ01;28312740;T ЛИНИЯ ПОДАЧИ МАСЛА;°C;1;0.0;100.0;
2025.10.27 00:00:00.000 GMT+00:00;0.0;227;20EKV20AH001§3217121§MAINTAL;28314382;Maintenance Alarm Limit;;1;0.0;100.0;
2025.10.27 00:00:00.000 GMT+00:00;0.0;227;20EKV20AH001§3217121§MAINTINT;28314288;Maintenance Interval (hours);;1;0.0;100.0;
2025.10.27 00:00:00.000 GMT+00:00;0.0;227;20EKV20AH001§3217122§MAINTAL;28314664;Maintenance Alarm Limit;;1;0.0;100.0;
2025.10.27 00:00:00.000 GMT+00:00;0.0;227;20EKV20AH001§3217122§MAINTINT;28314695;Maintenance Interval (hours);;1;0.0;100.0;
2025.10.27 00:00:00.000 GMT+00:00;38020.23;195;20EKV20AH001§§XQ11;28314840;Нагр.гл.мот.к-во вкл K-B;;1;0.0;100.0;
2025.10.27 00:00:00.000 GMT+00:00;391.0;195;20EKV20AH001§§XQ12;28314838;Нагр.гл.мот.к-во вкл K-B;;1;0.0;100.0;
2025.10.27 00:00:00.000 GMT+00:00;38020.23;195;20EKV20AH001§§XQ13;28314836;Нагр.гл.мот.к-во вкл K-B;;1;0.0;100.0;
2025.10.27 00:00:00.000 GMT+00:00;391.0;195;20EKV20AH001§§XQ14;28314839;Нагр.гл.мот.к-во вкл K-B;;1;0.0;100.0;
2025.10.27 00:00:00.000 GMT+00:00;582.0;195;20EKV20AH023_1§§XQ01;28313286;МОТОЧАСЫ;;1;0.0;100.0;
2025.10.27 00:00:00.000 GMT+00:00;583.0;195;20EKV20AH023_2§§XQ01;28313385;МОТОЧАСЫ;;1;0.0;100.0;
2025.10.27 00:00:00.000 GMT+00:00;0.0;227;20EKV20AH023§3217121§MAINTAL;28314152;Maintenance Alarm Limit;;1;0.0;100.0;
2025.10.27 00:00:00.000 GMT+00:00;0.0;227;20EKV20AH023§3217121§MAINTINT;28314756;Maintenance Interval (hours);;1;0.0;100.0;
2025.10.27 00:00:00.000 GMT+00:00;0.0;227;20EKV20AH023§3217122§MAINTAL;28314653;Maintenance Alarm Limit;;1;0.0;100.0;
2025.10.27 00:00:00.000 GMT+00:00;0.0;227;20EKV20AH023§3217122§MAINTINT;28314774;Maintenance Interval (hours);;1;0.0;100.0;
2025.10.27 00:00:00.000 GMT+00:00;1476.65;195;20EKV20AH023§§XQ11;28314486;Маслонагреватель-1 K-B;;1;0.0;100.0;
2025.10.27 00:00:00.000 GMT+00:00;1233.0;195;20EKV20AH023§§XQ12;28314481;Маслонагреватель-1 K-B;;1;0.0;100.0;
2025.10.27 00:00:00.000 GMT+00:00;1476.65;195;20EKV20AH023§§XQ13;28314479;Маслонагреватель-1 K-B;;1;0.0;100.0;
2025.10.27 00:00:00.000 GMT+00:00;1233.0;195;20EKV20AH023§§XQ14;28314484;Маслонагреватель-1 K-B;;1;0.0;100.0;
2025.10.27 00:00:00.000 GMT+00:00;0.0;227;20EKV20AH024§3217121§MAINTAL;28314384;Maintenance Alarm Limit;;1;0.0;100.0;
2025.10.27 00:00:00.000 GMT+00:00;0.0;227;20EKV20AH024§3217121§MAINTINT;28314272;Maintenance Interval (hours);;1;0.0;100.0;
2025.10.27 00:00:00.000 GMT+00:00;0.0;227;20EKV20AH024§3217122§MAINTAL;28314187;Maintenance Alarm Limit;;1;0.0;100.0;
2025.10.27 00:00:00.000 GMT+00:00;0.0;227;20EKV20AH024§3217122§MAINTINT;28314853;Maintenance Interval (hours);;1;0.0;100.0;
2025.10.27 00:00:00.000 GMT+00:00;1476.65;195;20EKV20AH024§§XQ11;28314523;Маслонагреватель-2 K-B;;1;0.0;100.0;
2025.10.27 00:00:00.000 GMT+00:00;1233.0;195;20EKV20AH024§§XQ12;28314524;Маслонагреватель-2 K-B;;1;0.0;100.0;
2025.10.27 00:00:00.000 GMT+00:00;1476.65;195;20EKV20AH024§§XQ13;28314521;Маслонагреватель-2 K-B;;1;0.0;100.0;
2025.10.27 00:00:00.000 GMT+00:00;1233.0;195;20EKV20AH024§§XQ14;28314522;Маслонагреватель-2 K-B;;1;0.0;100.0;
2025.10.27 00:00:00.000 GMT+00:00;0.0;227;20EKV20AP005§3217121§MAINTAL;28314860;Maintenance Alarm Limit;;1;0.0;100.0;
2025.10.27 00:00:00.000 GMT+00:00;0.0;227;20EKV20AP005§3217121§MAINTINT;28314118;Maintenance Interval (hours);;1;0.0;100.0;
2025.10.27 00:00:00.000 GMT+00:00;0.0;227;20EKV20AP005§3217122§MAINTAL;28314875;Maintenance Alarm Limit;;1;0.0;100.0;
2025.10.27 00:00:00.000 GMT+00:00;0.0;227;20EKV20AP005§3217122§MAINTINT;28314655;Maintenance Interval (hours);;1;0.0;100.0;
2025.10.27 00:00:00.000 GMT+00:00;16560.0;195;20EKV20AP005§§XQ01;28313387;МОТОЧАСЫ;;1;0.0;100.0;
2025.10.27 00:00:00.000 GMT+00:00;34272.99;195;20EKV20AP005§§XQ11;28314224;Маслонасос К-B;;1;0.0;100.0;
2025.10.27 00:00:00.000 GMT+00:00;1741.0;195;20EKV20AP005§§XQ12;28314215;Маслонасос К-B;;1;0.0;100.0;
2025.10.27 00:00:00.000 GMT+00:00;34272.99;195;20EKV20AP005§§XQ13;28314214;Маслонасос К-B;;1;0.0;100.0;
2025.10.27 00:00:00.000 GMT+00:00;1741.0;195;20EKV20AP005§§XQ14;28314216;Маслонасос К-B;;1;0.0;100.0;
2025.10.27 00:00:00.000 GMT+00:00;79.85533;195;20EKV20CL102§§XQ01;28313294;L МАСЛЯНОГО РЕЗЕРВУАРА;;1;0.0;100.0;
2025.10.27 00:00:00.000 GMT+00:00;1.6819566;195;20EKV20CP005§§XQ01;28313249;P ЛИНИЯ ПОДАЧИ МСЛ ПСЛ ФИЛЬТ;Bar;1;0.0;100.0;
2025.10.27 00:00:00.000 GMT+00:00;1.0082191;195;20EKV20CP006§§XQ01;28313321;DP НА МАСЛЯНОМ ФИЛЬТРЕ;Bar;1;0.0;100.0;
2025.10.27 00:00:00.000 GMT+00:00;45.3;195;20EKV20CT001§§XQ01;28313344;T ЛИНИЯ ПОДАЧИ МАСЛА;;1;0.0;100.0;
2025.10.27 00:00:00.000 GMT+00:00;45.3;195;20EKV20CT002§§XQ01;28313279;T ЛИНИЯ ПОДАЧИ МАСЛА;;1;0.0;100.0;
2025.10.27 00:00:00.000 GMT+00:00;0.0;227;20EKV30AH001§3217121§MAINTAL;28314122;Maintenance Alarm Limit;;1;0.0;100.0;
2025.10.27 00:00:00.000 GMT+00:00;0.0;227;20EKV30AH001§3217121§MAINTINT;28314438;Maintenance Interval (hours);;1;0.0;100.0;
2025.10.27 00:00:00.000 GMT+00:00;0.0;227;20EKV30AH001§3217122§MAINTAL;28314436;Maintenance Alarm Limit;;1;0.0;100.0;
2025.10.27 00:00:00.000 GMT+00:00;0.0;227;20EKV30AH001§3217122§MAINTINT;28314038;Maintenance Interval (hours);;1;0.0;100.0;
2025.10.27 00:00:00.000 GMT+00:00;34017.46;195;20EKV30AH001§§XQ11;28314221;Нагр.гл.мот.к-во вкл K-C;;1;0.0;100.0;
2025.10.27 00:00:00.000 GMT+00:00;453.0;195;20EKV30AH001§§XQ12;28314220;Нагр.гл.мот.к-во вкл K-C;;1;0.0;100.0;
2025.10.27 00:00:00.000 GMT+00:00;34017.46;195;20EKV30AH001§§XQ13;28314225;Нагр.гл.мот.к-во вкл K-C;;1;0.0;100.0;
2025.10.27 00:00:00.000 GMT+00:00;453.0;195;20EKV30AH001§§XQ14;28314222;Нагр.гл.мот.к-во вкл K-C;;1;0.0;100.0;
2025.10.27 00:00:00.000 GMT+00:00;844.0;195;20EKV30AH023_1§§XQ01;28312853;МОТОЧАСЫ;;1;0.0;100.0;
2025.10.27 00:00:00.000 GMT+00:00;642.0;195;20EKV30AH023_2§§XQ01;28312841;МОТОЧАСЫ;;1;0.0;100.0;
2025.10.27 00:00:00.000 GMT+00:00;0.0;227;20EKV30AH023§3217121§MAINTAL;28314429;Maintenance Alarm Limit;;1;0.0;100.0;
2025.10.27 00:00:00.000 GMT+00:00;0.0;227;20EKV30AH023§3217121§MAINTINT;28314879;Maintenance Interval (hours);;1;0.0;100.0;
2025.10.27 00:00:00.000 GMT+00:00;0.0;227;20EKV30AH023§3217122§MAINTAL;28314763;Maintenance Alarm Limit;;1;0.0;100.0;
2025.10.27 00:00:00.000 GMT+00:00;0.0;227;20EKV30AH023§3217122§MAINTINT;28314673;Maintenance Interval (hours);;1;0.0;100.0;
2025.10.27 00:00:00.000 GMT+00:00;1825.12;195;20EKV30AH023§§XQ11;28314405;Маслонагреватель-1 K-C;;1;0.0;100.0;
2025.10.27 00:00:00.000 GMT+00:00;1175.0;195;20EKV30AH023§§XQ12;28314407;Маслонагреватель-1 K-C;;1;0.0;100.0;
2025.10.27 00:00:00.000 GMT+00:00;1825.12;195;20EKV30AH023§§XQ13;28314402;Маслонагреватель-1 K-C;;1;0.0;100.0;
2025.10.27 00:00:00.000 GMT+00:00;1175.0;195;20EKV30AH023§§XQ14;28314404;Маслонагреватель-1 K-C;;1;0.0;100.0;
2025.10.27 00:00:00.000 GMT+00:00;0.0;227;20EKV30AH024§3217121§MAINTAL;28314176;Maintenance Alarm Limit;;1;0.0;100.0;
2025.10.27 00:00:00.000 GMT+00:00;0.0;227;20EKV30AH024§3217121§MAINTINT;28314385;Maintenance Interval (hours);;1;0.0;100.0;
2025.10.27 00:00:00.000 GMT+00:00;0.0;227;20EKV30AH024§3217122§MAINTAL;28314868;Maintenance Alarm Limit;;1;0.0;100.0;
2025.10.27 00:00:00.000 GMT+00:00;0.0;227;20EKV30AH024§3217122§MAINTINT;28314146;Maintenance Interval (hours);;1;0.0;100.0;
2025.10.27 00:00:00.000 GMT+00:00;1824.12;195;20EKV30AH024§§XQ11;28314527;Маслонагреватель-2 K-C;;1;0.0;100.0;
2025.10.27 00:00:00.000 GMT+00:00;1175.0;195;20EKV30AH024§§XQ12;28314532;Маслонагреватель-2 K-C;;1;0.0;100.0;
2025.10.27 00:00:00.000 GMT+00:00;1824.12;195;20EKV30AH024§§XQ13;28314530;Маслонагреватель-2 K-C;;1;0.0;100.0;
2025.10.27 00:00:00.000 GMT+00:00;1175.0;195;20EKV30AH024§§XQ14;28314542;Маслонагреватель-2 K-C;;1;0.0;100.0;
2025.10.27 00:00:00.000 GMT+00:00;0.0;227;20EKV30AP005§3217121§MAINTAL;28314337;Maintenance Alarm Limit;;1;0.0;100.0;
2025.10.27 00:00:00.000 GMT+00:00;0.0;227;20EKV30AP005§3217121§MAINTINT;28314782;Maintenance Interval (hours);;1;0.0;100.0;
2025.10.27 00:00:00.000 GMT+00:00;0.0;227;20EKV30AP005§3217122§MAINTAL;28314703;Maintenance Alarm Limit;;1;0.0;100.0;
2025.10.27 00:00:00.000 GMT+00:00;0.0;227;20EKV30AP005§3217122§MAINTINT;28314110;Maintenance Interval (hours);;1;0.0;100.0;
2025.10.27 00:00:00.000 GMT+00:00;12088.0;195;20EKV30AP005§§XQ01;28312901;МОТОЧАСЫ;;1;0.0;100.0;
2025.10.27 00:00:00.000 GMT+00:00;28942.1;195;20EKV30AP005§§XQ11;28314451;Маслонасос К-C;;1;0.0;100.0;
2025.10.27 00:00:00.000 GMT+00:00;1483.0;195;20EKV30AP005§§XQ12;28314452;Маслонасос К-C;;1;0.0;100.0;
2025.10.27 00:00:00.000 GMT+00:00;28942.1;195;20EKV30AP005§§XQ13;28314449;Маслонасос К-C;;1;0.0;100.0;
2025.10.27 00:00:00.000 GMT+00:00;1483.0;195;20EKV30AP005§§XQ14;28314450;Маслонасос К-C;;1;0.0;100.0;
2025.10.27 00:00:00.000 GMT+00:00;84.9731;195;20EKV30CL102§§XQ01;28312651;L МАСЛЯНОГО РЕЗЕРВУАРА;;1;0.0;100.0;
2025.10.27 00:00:00.000 GMT+00:00;1.6405804;195;20EKV30CP005§§XQ01;28312863;P ЛИНИЯ ПОДАЧИ МСЛ ПСЛ ФИЛЬТ;Bar;1;0.0;100.0;
2025.10.27 00:00:00.000 GMT+00:00;1.0017089;195;20EKV30CP006§§XQ01;28312793;DP НА МАСЛЯНОМ ФИЛЬТРЕ;Bar;1;0.0;100.0;
2025.10.27 00:00:00.000 GMT+00:00;34.100002;195;20EKV30CT001§§XQ01;28312917;T ЛИНИЯ ПОДАЧИ МАСЛА;°C;1;0.0;100.0;
2025.10.27 00:00:00.000 GMT+00:00;34.4;195;20EKV30CT002§§XQ01;28312862;T ЛИНИЯ ПОДАЧИ МАСЛА;°C;1;0.0;100.0;
2025.10.27 00:00:00.000 GMT+00:00;0.2459424;195;20EKW10CF041§§XQ01;28312947;F ГАЗА НА УПЛ, СТ 1;нм3/ч;1;0.0;100.0;
2025.10.27 00:00:00.000 GMT+00:00;0.0072336;195;20EKW10CF042§§XQ01;28312721;F ГАЗА НА УПЛ, СТ 2;нм3/ч;1;0.0;100.0;
2025.10.27 00:00:00.000 GMT+00:00;0.0217008;195;20EKW10CF043§§XQ01;28312919;F ГАЗА НА УПЛ, СТ 3;нм3/ч;1;0.0;100.0;
2025.10.27 00:00:00.000 GMT+00:00;16.812695;195;20EKW10CF051§§XQ01;28312788;F АЗОТА НА УПЛ, СТ 1;нм3/ч;1;0.0;100.0;
2025.10.27 00:00:00.000 GMT+00:00;15.105385;195;20EKW10CF052§§XQ01;28312649;F АЗОТА НА УПЛ, СТ 2;;1;0.0;100.0;
2025.10.27 00:00:00.000 GMT+00:00;13.466432;195;20EKW10CF053§§XQ01;28312954;F АЗОТА НА УПЛ, СТ 3;;1;0.0;100.0;
2025.10.27 00:00:00.000 GMT+00:00;15.243867;195;20EKW10CF061§§XQ01;28312670;F МЕТ-АЗОТ СМС С УПЛ, СТ 1;нм3/ч;1;0.0;100.0;
2025.10.27 00:00:00.000 GMT+00:00;18.115534;195;20EKW10CF062§§XQ01;28312779;F МЕТ-АЗОТ СМС С УПЛ, СТ 2;нм3/ч;1;0.0;100.0;
2025.10.27 00:00:00.000 GMT+00:00;13.851717;195;20EKW10CF063§§XQ01;28312820;F МЕТ-АЗОТ СМС С УПЛ, СТ 3;нм3/ч;1;0.0;100.0;
2025.10.27 00:00:00.000 GMT+00:00;0.002495592;195;20EKW10CP071§§XQ01;28312836;DP ФИЛЬТРА ГАЗА СТОЙКИ УПЛ;;1;0.0;100.0;
2025.10.27 00:00:00.000 GMT+00:00;46.164837;195;20EKW20CF041§§XQ01;28313284;F ГАЗА НА УПЛ, СТ 1;нм3/ч;1;0.0;100.0;
2025.10.27 00:00:00.000 GMT+00:00;59.93761;195;20EKW20CF042§§XQ01;28313334;F ГАЗА НА УПЛ, СТ 2;нм3/ч;1;0.0;100.0;
2025.10.27 00:00:00.000 GMT+00:00;72.27813;195;20EKW20CF043§§XQ01;28313380;F ГАЗА НА УПЛ, СТ 3;нм3/ч;1;0.0;100.0;
2025.10.27 00:00:00.000 GMT+00:00;16.820833;195;20EKW20CF051§§XQ01;28313312;F АЗОТА НА УПЛ, СТ 1;нм3/ч;1;0.0;100.0;
2025.10.27 00:00:00.000 GMT+00:00;15.107012;195;20EKW20CF052§§XQ01;28313311;F АЗОТА НА УПЛ, СТ 2;нм3/ч;1;0.0;100.0;
2025.10.27 00:00:00.000 GMT+00:00;13.590126;195;20EKW20CF053§§XQ01;28313261;F АЗОТА НА УПЛ, СТ 3;нм3/ч;1;0.0;100.0;
2025.10.27 00:00:00.000 GMT+00:00;16.77781;195;20EKW20CF061§§XQ01;28313244;F МЕТ-АЗОТ СМС С УПЛ, СТ 1;нм3/ч;1;0.0;100.0;
2025.10.27 00:00:00.000 GMT+00:00;15.833955;195;20EKW20CF062§§XQ01;28313201;F МЕТ-АЗОТ СМС С УПЛ, СТ 2;нм3/ч;1;0.0;100.0;
2025.10.27 00:00:00.000 GMT+00:00;14.109523;195;20EKW20CF063§§XQ01;28313226;F МЕТ-АЗОТ СМС С УПЛ, СТ 3;нм3/ч;1;0.0;100.0;
2025.10.27 00:00:00.000 GMT+00:00;0.050020345;195;20EKW20CP071§§XQ01;28313231;DP ФИЛЬТРА ГАЗА СТОЙКИ УПЛ;;1;0.0;100.0;
2025.10.27 00:00:00.000 GMT+00:00;-0.036168;195;20EKW30CF041§§XQ01;28312832;F ГАЗА НА УПЛ, СТ 1;нм3/ч;1;0.0;100.0;
2025.10.27 00:00:00.000 GMT+00:00;0.0868032;195;20EKW30CF042§§XQ01;28312640;F ГАЗА НА УПЛ, СТ 2;нм3/ч;1;0.0;100.0;
2025.10.27 00:00:00.000 GMT+00:00;0.0217008;195;20EKW30CF043§§XQ01;28312869;F ГАЗА НА УПЛ, СТ 3;нм3/ч;1;0.0;100.0;
2025.10.27 00:00:00.000 GMT+00:00;16.801302;195;20EKW30CF051§§XQ01;28312866;F АЗОТА НА УПЛ, СТ 1;нм3/ч;1;0.0;100.0;
2025.10.27 00:00:00.000 GMT+00:00;14.029568;195;20EKW30CF052§§XQ01;28312965;F АЗОТА НА УПЛ, СТ 2;нм3/ч;1;0.0;100.0;
2025.10.27 00:00:00.000 GMT+00:00;13.695917;195;20EKW30CF053§§XQ01;28312826;F АЗОТА НА УПЛ, СТ 3;нм3/ч;1;0.0;100.0;
2025.10.27 00:00:00.000 GMT+00:00;18.115534;195;20EKW30CF061§§XQ01;28312737;F МЕТ-АЗОТ СМС С УПЛ, СТ 1;нм3/ч;1;0.0;100.0;
2025.10.27 00:00:00.000 GMT+00:00;16.286547;195;20EKW30CF062§§XQ01;28312858;F МЕТ-АЗОТ СМС С УПЛ, СТ 2;нм3/ч;1;0.0;100.0;
2025.10.27 00:00:00.000 GMT+00:00;14.711068;195;20EKW30CF063§§XQ01;28312823;F МЕТ-АЗОТ СМС С УПЛ, СТ 3;нм3/ч;1;0.0;100.0;
2025.10.27 00:00:00.000 GMT+00:00;0.002604096;195;20EKW30CP071§§XQ01;28312922;DP ФИЛЬТРА ГАЗА СТОЙКИ УПЛ;;1;0.0;100.0;
2025.10.27 00:00:00.000 GMT+00:00;7.8101177;195;20EKW40CP011§§XQ01;28312936;P АЗОТА;;1;0.0;100.0;
2025.10.27 00:00:00.000 GMT+00:00;16.073454;195;20EKX00CT001§§XQ01;28312742;T ВЗД ПОМ ДКС;°C;1;-30.0;70.0;
2025.10.27 00:00:00.000 GMT+00:00;7.8664093;195;20EKX00CT002§§XQ01;28312765;T НВЗД ППГ;°C;1;-30.0;70.0;
2025.10.27 00:00:00.000 GMT+00:00;0.0;11;20EKX40CP011§257265§OUT;28315335;Output Value;Бар;2;0.0;10.0;
2025.10.27 00:00:00.000 GMT+00:00;8.553008;195;20EKX40CP011§§OUT;28315336;P ВОЗДУХА ПЕРЕД ДКС;Бар;1;0.0;10.0;
2025.10.27 00:00:00.000 GMT+00:00;0.0;11;20EKX40CP011§§XQ01;28312802;P ВОЗДУХА;;2;0.0;100.0;
2025.10.27 00:00:00.000 GMT+00:00;105.49773;195;20GCK13CG801§§XQ01;28312689;КЛ РЕГ ПОВ ВЫХ КНДР ОБК;%;1;0.0;100.0;
2025.10.27 00:00:00.000 GMT+00:00;-0.09997106;35;20GMA10CL001§§XQ01;28312821;L БЗС;М;1;0.0;1.0;
2025.10.27 00:00:00.000 GMT+00:00;0.0;227;20GMA20AP001§3217121§MAINTAL;28314825;Maintenance Alarm Limit;;1;0.0;100.0;
2025.10.27 00:00:00.000 GMT+00:00;0.0;227;20GMA20AP001§3217121§MAINTINT;28314681;Maintenance Interval (hours);;1;0.0;100.0;
2025.10.27 00:00:00.000 GMT+00:00;0.0;227;20GMA20AP001§3217122§MAINTAL;28314217;Maintenance Alarm Limit;;1;0.0;100.0;
2025.10.27 00:00:00.000 GMT+00:00;0.0;227;20GMA20AP001§3217122§MAINTINT;28314843;Maintenance Interval (hours);;1;0.0;100.0;
2025.10.27 00:00:00.000 GMT+00:00;6385.01;227;20GMA20AP001§§XQ11;28314060;2НБЧС-1;;1;0.0;100.0;
2025.10.27 00:00:00.000 GMT+00:00;2908.0;227;20GMA20AP001§§XQ12;28314059;2НБЧС-1;;1;0.0;100.0;
2025.10.27 00:00:00.000 GMT+00:00;6385.01;227;20GMA20AP001§§XQ13;28314063;2НБЧС-1;;1;0.0;100.0;
2025.10.27 00:00:00.000 GMT+00:00;2908.0;227;20GMA20AP001§§XQ14;28314061;2НБЧС-1;;1;0.0;100.0;
2025.10.27 00:00:00.000 GMT+00:00;0.0;227;20GMA20AP002§3217121§MAINTAL;28314820;Maintenance Alarm Limit;;1;0.0;100.0;
2025.10.27 00:00:00.000 GMT+00:00;0.0;227;20GMA20AP002§3217121§MAINTINT;28314148;Maintenance Interval (hours);;1;0.0;100.0;
2025.10.27 00:00:00.000 GMT+00:00;0.0;227;20GMA20AP002§3217122§MAINTAL;28314851;Maintenance Alarm Limit;;1;0.0;100.0;
2025.10.27 00:00:00.000 GMT+00:00;0.0;227;20GMA20AP002§3217122§MAINTINT;28314724;Maintenance Interval (hours);;1;0.0;100.0;
2025.10.27 00:00:00.000 GMT+00:00;19893.01;227;20GMA20AP002§§XQ11;28314863;2НБЧС-2;;1;0.0;100.0;
2025.10.27 00:00:00.000 GMT+00:00;37873.0;227;20GMA20AP002§§XQ12;28314862;2НБЧС-2;;1;0.0;100.0;
2025.10.27 00:00:00.000 GMT+00:00;19893.01;227;20GMA20AP002§§XQ13;28314861;2НБЧС-2;;1;0.0;100.0;
2025.10.27 00:00:00.000 GMT+00:00;37873.0;227;20GMA20AP002§§XQ14;28314864;2НБЧС-2;;1;0.0;100.0;
2025.10.27 00:00:00.000 GMT+00:00;0.13020833;195;20GMA20CE002§§XQ01;28312801;I 2НБЧС-1;А;1;0.0;50.0;
2025.10.27 00:00:00.000 GMT+00:00;-0.086805575;195;20GMA20CE102§§XQ01;28312715;I 2НБЧС-2;А;1;0.0;50.0;
2025.10.27 00:00:00.000 GMT+00:00;2121.6792;195;20GMA20CL001§§XQ01;28312895;L БЧС;мм;1;0.0;3450.0;
2025.10.27 00:00:00.000 GMT+00:00;-0.0036458333;195;20GMA20CP001§§XQ01;28312850;P НАП 2НБЧС-1;МПа;1;0.0;0.6;
2025.10.27 00:00:00.000 GMT+00:00;0.014058568;195;20GMA20CP002§§XQ01;28312861;P НАП 2НБЧС-2;МПа;1;0.0;0.6;
2025.10.27 00:00:00.000 GMT+00:00;0.0;227;20GMH10AP001§3217121§MAINTAL;28314250;Maintenance Alarm Limit;;1;0.0;100.0;
2025.10.27 00:00:00.000 GMT+00:00;0.0;227;20GMH10AP001§3217121§MAINTINT;28314179;Maintenance Interval (hours);;1;0.0;100.0;
2025.10.27 00:00:00.000 GMT+00:00;0.0;227;20GMH10AP001§3217122§MAINTAL;28314663;Maintenance Alarm Limit;;1;0.0;100.0;
2025.10.27 00:00:00.000 GMT+00:00;0.0;227;20GMH10AP001§3217122§MAINTINT;28314465;Maintenance Interval (hours);;1;0.0;100.0;
2025.10.27 00:00:00.000 GMT+00:00;337.01;227;20GMH10AP001§§XQ11;28314278;2НДП;;1;0.0;100.0;
2025.10.27 00:00:00.000 GMT+00:00;60.0;227;20GMH10AP001§§XQ12;28314277;2НДП;;1;0.0;100.0;
2025.10.27 00:00:00.000 GMT+00:00;337.01;227;20GMH10AP001§§XQ13;28314280;2НДП;;1;0.0;100.0;
2025.10.27 00:00:00.000 GMT+00:00;60.0;227;20GMH10AP001§§XQ14;28314279;2НДП;;1;0.0;100.0;
2025.10.27 00:00:00.000 GMT+00:00;-4.9985533;35;20GMH10CE002§§XQ01;28312720;I 2НДП;А;1;0.0;50.0;
2025.10.27 00:00:00.000 GMT+00:00;0.0;227;20HAC20YQ031§§OUT;28313245;PUMP NH3 1  SPEED;%;1;0.0;100.0;
2025.10.27 00:00:00.000 GMT+00:00;0.0;227;20HAC20YQ031§§XQ01;28313348;рН НАП КЭН-2 1;;1;0.0;100.0;
2025.10.27 00:00:00.000 GMT+00:00;55.0;195;20HAC20YQ032§§OUT;28313319;Controller Output Value;%;1;0.0;100.0;
2025.10.27 00:00:00.000 GMT+00:00;55.0;195;20HAC20YQ032§§XQ01;28313302;рН НАП КЭН-2 1;;1;0.0;100.0;
2025.10.27 00:00:00.000 GMT+00:00;0.0;227;20LAC10FG001§§XQ01;28314918;УП МАСТЕРА;;1;0.0;100.0;
2025.10.27 00:00:00.000 GMT+00:00;0.0;227;20LAE30CF001§§XQ01;28312716;F ПВ ВПР РОУ СН;т/ч;1;0.0;10.0;
2025.10.27 00:00:00.000 GMT+00:00;0.6944444;195;20LAE30CG801§§XQ01;28312276;КЛ РЕГ ВПР КНД РОУ СН;%;1;0.0;100.0;
2025.10.27 00:00:00.000 GMT+00:00;-0.9837963;195;20LAE30CP001§§XQ01;28312897;dP Ф 20LAE30AT001;кПа;1;0.0;100.0;
2025.10.27 00:00:00.000 GMT+00:00;-0.018518519;195;20LAE30CP002§§XQ01;28312662;P ПВ ВПР РОУ СН;МПа;1;0.0;16.0;
2025.10.27 00:00:00.000 GMT+00:00;-0.013737988;195;20LAE30CP003§§XQ01;28312745;P ВХ РК ВПР РОУ СН;МПа;1;0.0;16.0;
2025.10.27 00:00:00.000 GMT+00:00;36.200012;195;20LAE30CT001§§XQ01;28312969;T ПВ ВПР РОУ СН;°C;1;-50.0;500.0;
2025.10.27 00:00:00.000 GMT+00:00;-0.027777778;195;20LBA20CP001§§XQ01;28312882;P П ВХ РОУ СН;МПа;1;0.0;16.0;
2025.10.27 00:00:00.000 GMT+00:00;49.399994;195;20LBA20CT001§§XQ01;28312704;T П ВХ РОУ СН;°C;1;-50.0;500.0;
2025.10.27 00:00:00.000 GMT+00:00;0.45211226;195;20LBG10CP001§§XQ01;28312925;P П КСН;МПа;1;0.0;2.5;
2025.10.27 00:00:00.000 GMT+00:00;0.55;227;20LBG10DP001§230639§OUT;28312575;Output Value;МПа;1;0.4;0.85;
2025.10.27 00:00:00.000 GMT+00:00;21.89493;195;20LBG10DP001§244970§OUT;28312557;Output Value;;1;0.0;100.0;
2025.10.27 00:00:00.000 GMT+00:00;0.069012396;195;20LBL20CF001_C§T_H§XQ01;28315103;F П ВЫХ РОУ СН РАСЧ;;1;0.0;40.0;
2025.10.27 00:00:00.000 GMT+00:00;8.1930594E-11;195;20LBL20CF001§§XQ01;28312726;F П ВЫХ РОУ СН;т/ч;1;0.0;40.0;
2025.10.27 00:00:00.000 GMT+00:00;0.6944444;195;20LBL20CG801§§XQ01;28312582;РОУ СН;%;1;0.0;100.0;
2025.10.27 00:00:00.000 GMT+00:00;0.0027642301;195;20LBL20CP001§§XQ01;28312851;P П ВЫХ РОУ СН;МПа;1;0.0;2.5;
2025.10.27 00:00:00.000 GMT+00:00;99.80002;195;20LBL20CT001§§XQ01;28312656;T П ВЫХ РОУ СН;°C;1;0.0;400.0;
2025.10.27 00:00:00.000 GMT+00:00;-33.799995;195;20LBL20DT001§245286§OUT;28312609;Output Value;;1;0.0;100.0;
2025.10.27 00:00:00.000 GMT+00:00;0.0;227;20LBL20DT001§246212§OUT;28312528;Product;;1;0.0;100.0;
2025.10.27 00:00:00.000 GMT+00:00;235.0;227;20LBL20DT001§§XQ02;28312553;РЕГ Т-ры РОУ СН;°C;1;230.0;265.0;
2025.10.27 00:00:00.000 GMT+00:00;8.391204;195;20LCA01CP001§§XQ01;28312756;dP Ф;кПа;1;0.0;100.0;
2025.10.27 00:00:00.000 GMT+00:00;7.7641435;195;20LCA01CP002§§XQ01;28312701;dP Ф;кПа;1;0.0;100.0;
2025.10.27 00:00:00.000 GMT+00:00;33.100006;195;20LCA01CT001§§XQ01;28312750;T КНД ВЫХ КНДР;°C;1;0.0;150.0;
2025.10.27 00:00:00.000 GMT+00:00;6.0017443;195;20LCA02CQ001§§XQ01;28313307;рН КНД БЗК;pH;1;9.0;6.0;
2025.10.27 00:00:00.000 GMT+00:00;0.68142366;195;20LCA02CQ002§§XQ01;28313113;ЭПР КНД БЗК;мкСм/см;1;0.0;15.0;
2025.10.27 00:00:00.000 GMT+00:00;-199.94212;35;20LCA02CQ003§§XQ01;28313374;ТОС КНД БЗК;мкг/л;1;0.0;2000.0;
2025.10.27 00:00:00.000 GMT+00:00;34.399994;195;20LCA02CT001§§XQ01;28312778;T КНД ВЫХ КНДР;°C;1;0.0;150.0;
2025.10.27 00:00:00.000 GMT+00:00;-0.016203705;195;20LCA11CP002§§XQ01;28312642;P КНД НАП 23КЭН-1А;МПа;1;0.0;1.6;
2025.10.27 00:00:00.000 GMT+00:00;-0.015277779;195;20LCA12CP002§§XQ01;28312950;P КНД НАП 23КЭН-1Б;МПа;1;0.0;1.6;
2025.10.27 00:00:00.000 GMT+00:00;0.7664681;195;20LCA13CP002§§XQ01;28312807;P КНД НАП 23КЭН-1В;МПа;1;0.0;1.6;
2025.10.27 00:00:00.000 GMT+00:00;0.782874;195;20LCA14CP002§§XQ01;28312854;P КНД НАП 23КЭН-1Г;МПа;1;0.0;1.6;
2025.10.27 00:00:00.000 GMT+00:00;-0.016666668;195;20LCA15CP002§§XQ01;28312923;P КНД НАП 23КЭН-1Д;МПа;1;0.0;1.6;
2025.10.27 00:00:00.000 GMT+00:00;0.0;195;20LCA20CF901§244956§OUT;28312829;Output Value;;1;0.0;100.0;
2025.10.27 00:00:00.000 GMT+00:00;265.9699;195;20LCA20CF901§244957§OUT;28312681;Output Value;;1;0.0;100.0;
2025.10.27 00:00:00.000 GMT+00:00;58.15901;195;20LCA20CG801§§XQ01;28312893;РК L КОЛ ОСН КНД;%;1;0.0;100.0;
2025.10.27 00:00:00.000 GMT+00:00;2.9238267;195;20LCA20CG802§§XQ01;28312734;РК L КНД КНДР;%;1;0.0;100.0;
2025.10.27 00:00:00.000 GMT+00:00;0.70370376;195;20LCA20CP001§§XQ01;28312706;P КНД НАП КОЛ 23КЭН-1;МПа;1;0.0;1.6;
2025.10.27 00:00:00.000 GMT+00:00;200.81018;195;20LCA20CQ001§§XQ01;28313119;О2 КНД НАП 23КЭН-1;мкг/л;1;0.0;200.0;
2025.10.27 00:00:00.000 GMT+00:00;0.3125;195;20LCA20CQ002§§XQ01;28313280;ЭПР КНД НАП 23КЭН-1;мкСм/см;1;0.0;15.0;
2025.10.27 00:00:00.000 GMT+00:00;34.395866;195;20LCA20CT001§§XQ01;28312822;T КНД НАП КОЛ 23КЭН-1;°C;1;0.0;150.0;
2025.10.27 00:00:00.000 GMT+00:00;380.52814;195;20LCA30CF001§§XQ01;28312921;F КНД ВХ БОУ;т/ч;1;0.0;635.0;
2025.10.27 00:00:00.000 GMT+00:00;153.23512;195;20LCA30CF002_C§T_H§XQ01;28315096;F КНД ВЫХ БОУ РАСЧ;;1;0.0;400.0;
2025.10.27 00:00:00.000 GMT+00:00;153.4307;195;20LCA30CF002§§XQ01;28312847;F КНД ВЫХ БОУ;т/ч;1;0.0;635.0;
2025.10.27 00:00:00.000 GMT+00:00;267.58273;195;20LCA30CF901§§XQ01;28312966;F КНД К КУ;т/ч;1;0.0;635.0;
2025.10.27 00:00:00.000 GMT+00:00;0.28790283;195;20LCA30CP001§§XQ01;28312809;P КНД ВХ БОУ;МПа;1;0.0;1.0;
2025.10.27 00:00:00.000 GMT+00:00;0.26535907;195;20LCA30CP002§§XQ01;28312942;P КНД ВЫХ БОУ;МПа;1;0.0;1.0;
2025.10.27 00:00:00.000 GMT+00:00;0.09908275;195;20LCA30CP003§§XQ01;28312665;P КНД НАП КОЛ ВХ 23КЭН-2;МПа;1;0.0;0.6;
2025.10.27 00:00:00.000 GMT+00:00;0.0;227;20LCA30CP004§§XQ01;28312875;dP Ф КНД 1;кПа;1;0.0;100.0;
2025.10.27 00:00:00.000 GMT+00:00;0.028935185;195;20LCA30CP005§§XQ01;28312879;dP Ф КНД 2;кПа;1;0.0;100.0;
2025.10.27 00:00:00.000 GMT+00:00;35.006714;195;20LCA30CT001§§XQ01;28312900;T КНД ВХ БОУ;°C;1;-50.0;150.0;
2025.10.27 00:00:00.000 GMT+00:00;34.72212;195;20LCA30CT002§§XQ01;28312903;T КНД ВЫХ БОУ;°C;1;-50.0;150.0;
2025.10.27 00:00:00.000 GMT+00:00;0.65;251;20LCA30DP001§230018§OUT;28312641;Output Value;;1;0.0;100.0;
2025.10.27 00:00:00.000 GMT+00:00;0.25;219;20LCA30DP001§230049§XQ02;28312804;РЕГ dР напора КНБ и Рконд за  КПУ;;1;0.0;100.0;
2025.10.27 00:00:00.000 GMT+00:00;-1.597886;219;20LCA30DP001§§ER;28312671;РЕГ dР напора КНБ и Рконд за  КПУ;%;1;-100.0;100.0;
2025.10.27 00:00:00.000 GMT+00:00;0.25736478;195;20LCA31CP001§§XQ01;28312658;P КНД ВСАС 23КЭН-2А;МПа;1;0.0;1.6;
2025.10.27 00:00:00.000 GMT+00:00;0.25611728;195;20LCA31CP002§§XQ01;28312907;P КНД НАП 23КЭН-2А;МПа;1;0.0;2.5;
2025.10.27 00:00:00.000 GMT+00:00;0.25533208;195;20LCA32CP001§§XQ01;28312757;P КНД ВСАС 23КЭН-2Б;МПа;1;0.0;1.6;
2025.10.27 00:00:00.000 GMT+00:00;0.25777304;195;20LCA32CP002§§XQ01;28312713;P КНД НАП 23КЭН-2Б;МПа;1;0.0;2.5;
2025.10.27 00:00:00.000 GMT+00:00;0.25347748;195;20LCA33CP001§§XQ01;28312657;P КНД ВСАС 23КЭН-2В;МПа;1;0.0;1.6;
2025.10.27 00:00:00.000 GMT+00:00;1.8097628;195;20LCA33CP002§§XQ01;28312643;P КНД НАП 23КЭН-2В;МПа;1;0.0;2.5;
2025.10.27 00:00:00.000 GMT+00:00;1.7412703;195;20LCA40CP001§§XQ01;28312647;P КНД НАП КОЛ 23КЭН-2В;МПа;1;0.0;2.5;
2025.10.27 00:00:00.000 GMT+00:00;1.6773443;195;20LCA40CP002§§XQ01;28312795;P КНД ПОСЛЕ КПУ;МПа;1;0.0;2.5;
2025.10.27 00:00:00.000 GMT+00:00;1.641418;195;20LCA40CP910§§XQ01;28312814;Р-Р НАП ВСАС КЭН II СТ;МПа;1;0.0;2.5;
2025.10.27 00:00:00.000 GMT+00:00;9.042535;195;20LCA40CQ001§§XQ01;28313134;рН КНД НАП 23КЭН-2;pH;1;7.5;10.5;
2025.10.27 00:00:00.000 GMT+00:00;0.2777778;195;20LCA40CQ002§§XQ01;28313254;ЭПР КНД НАП 23КЭН-2;мкСм/см;1;0.0;15.0;
2025.10.27 00:00:00.000 GMT+00:00;34.5;195;20LCA40CT001§§XQ01;28312941;T КНД НАП КОЛ 23КЭН-2;°C;1;0.0;150.0;
2025.10.27 00:00:00.000 GMT+00:00;35.80002;195;20LCA40CT002§§XQ01;28312690;T КНД ВЫХ КПУ;°C;1;0.0;150.0;
2025.10.27 00:00:00.000 GMT+00:00;9.042884;195;20LCA40DQ002§243714§OUT;28313218;Output Value;pH;1;9.0;9.4;
2025.10.27 00:00:00.000 GMT+00:00;0.0;227;20LCA40DQ002§243730§OUT;28313200;Output Value;;1;0.0;100.0;
2025.10.27 00:00:00.000 GMT+00:00;0.0;227;20LCA40DQ002§243734§OUT;28313228;Output Value;;1;0.0;100.0;
2025.10.27 00:00:00.000 GMT+00:00;0.0;227;20LCB11AP001§3217121§MAINTAL;28314321;Maintenance Alarm Limit;;1;0.0;100.0;
2025.10.27 00:00:00.000 GMT+00:00;0.0;227;20LCB11AP001§3217121§MAINTINT;28314789;Maintenance Interval (hours);;1;0.0;100.0;
2025.10.27 00:00:00.000 GMT+00:00;0.0;227;20LCB11AP001§3217122§MAINTAL;28314422;Maintenance Alarm Limit;;1;0.0;100.0;
2025.10.27 00:00:00.000 GMT+00:00;0.0;227;20LCB11AP001§3217122§MAINTINT;28314786;Maintenance Interval (hours);;1;0.0;100.0;
2025.10.27 00:00:00.000 GMT+00:00;42543.24;195;20LCB11AP001§§XQ11;28314416;23КЭН-1А;;1;0.0;100.0;
2025.10.27 00:00:00.000 GMT+00:00;822.0;195;20LCB11AP001§§XQ12;28314415;23КЭН-1А;;1;0.0;100.0;
2025.10.27 00:00:00.000 GMT+00:00;42543.24;195;20LCB11AP001§§XQ13;28314427;23КЭН-1А;;1;0.0;100.0;
2025.10.27 00:00:00.000 GMT+00:00;822.0;195;20LCB11AP001§§XQ14;28314428;23КЭН-1А;;1;0.0;100.0;
2025.10.27 00:00:00.000 GMT+00:00;-0.2612606;195;20LCB11CE002§§XQ01;28312816;I 23КЭН-1А;А;1;0.0;300.0;
2025.10.27 00:00:00.000 GMT+00:00;31.905773;195;20LCB11CT001§§XQ01;28312812;T ПОДШ 23КЭН-1А;°C;1;-50.0;150.0;
2025.10.27 00:00:00.000 GMT+00:00;0.0;227;20LCB12AP001§3217121§MAINTAL;28314816;Maintenance Alarm Limit;;1;0.0;100.0;
2025.10.27 00:00:00.000 GMT+00:00;0.0;227;20LCB12AP001§3217121§MAINTINT;28314207;Maintenance Interval (hours);;1;0.0;100.0;
2025.10.27 00:00:00.000 GMT+00:00;0.0;227;20LCB12AP001§3217122§MAINTAL;28314080;Maintenance Alarm Limit;;1;0.0;100.0;
2025.10.27 00:00:00.000 GMT+00:00;0.0;227;20LCB12AP001§3217122§MAINTINT;28314733;Maintenance Interval (hours);;1;0.0;100.0;
2025.10.27 00:00:00.000 GMT+00:00;38279.57;195;20LCB12AP001§§XQ11;28314129;23КЭН-1Б;;1;0.0;100.0;
2025.10.27 00:00:00.000 GMT+00:00;854.0;195;20LCB12AP001§§XQ12;28314130;23КЭН-1Б;;1;0.0;100.0;
2025.10.27 00:00:00.000 GMT+00:00;38279.57;195;20LCB12AP001§§XQ13;28314131;23КЭН-1Б;;1;0.0;100.0;
2025.10.27 00:00:00.000 GMT+00:00;854.0;195;20LCB12AP001§§XQ14;28314138;23КЭН-1Б;;1;0.0;100.0;
2025.10.27 00:00:00.000 GMT+00:00;-0.30489329;195;20LCB12CE002§§XQ01;28312803;I 23КЭН-1Б;А;1;0.0;300.0;
2025.10.27 00:00:00.000 GMT+00:00;32.700005;195;20LCB12CT001§§XQ01;28312883;T ПОДШ 23КЭН-1Б;°C;1;-50.0;150.0;
2025.10.27 00:00:00.000 GMT+00:00;0.0;227;20LCB13AP001§3217121§MAINTAL;28314370;Maintenance Alarm Limit;;1;0.0;100.0;
2025.10.27 00:00:00.000 GMT+00:00;0.0;227;20LCB13AP001§3217121§MAINTINT;28314788;Maintenance Interval (hours);;1;0.0;100.0;
2025.10.27 00:00:00.000 GMT+00:00;0.0;227;20LCB13AP001§3217122§MAINTAL;28314164;Maintenance Alarm Limit;;1;0.0;100.0;
2025.10.27 00:00:00.000 GMT+00:00;0.0;227;20LCB13AP001§3217122§MAINTINT;28314333;Maintenance Interval (hours);;1;0.0;100.0;
2025.10.27 00:00:00.000 GMT+00:00;45229.71;195;20LCB13AP001§§XQ11;28314253;23КЭН-1В;;1;0.0;100.0;
2025.10.27 00:00:00.000 GMT+00:00;467.0;195;20LCB13AP001§§XQ12;28314252;23КЭН-1В;;1;0.0;100.0;
2025.10.27 00:00:00.000 GMT+00:00;45229.71;195;20LCB13AP001§§XQ13;28314255;23КЭН-1В;;1;0.0;100.0;
2025.10.27 00:00:00.000 GMT+00:00;467.0;195;20LCB13AP001§§XQ14;28314254;23КЭН-1В;;1;0.0;100.0;
2025.10.27 00:00:00.000 GMT+00:00;179.9501;195;20LCB13CE002§§XQ01;28312722;I 23КЭН-1В;А;1;0.0;300.0;
2025.10.27 00:00:00.000 GMT+00:00;43.300747;195;20LCB13CT001§§XQ01;28312828;T ПОДШ 23КЭН-1В;°C;1;-50.0;150.0;
2025.10.27 00:00:00.000 GMT+00:00;0.0;227;20LCB14AP001§3217121§MAINTAL;28314818;Maintenance Alarm Limit;;1;0.0;100.0;
2025.10.27 00:00:00.000 GMT+00:00;0.0;227;20LCB14AP001§3217121§MAINTINT;28314790;Maintenance Interval (hours);;1;0.0;100.0;
2025.10.27 00:00:00.000 GMT+00:00;0.0;227;20LCB14AP001§3217122§MAINTAL;28314287;Maintenance Alarm Limit;;1;0.0;100.0;
2025.10.27 00:00:00.000 GMT+00:00;0.0;227;20LCB14AP001§3217122§MAINTINT;28314651;Maintenance Interval (hours);;1;0.0;100.0;
2025.10.27 00:00:00.000 GMT+00:00;13657.92;195;20LCB14AP001§§XQ11;28314437;23КЭН-1Г;;1;0.0;100.0;
2025.10.27 00:00:00.000 GMT+00:00;1213.0;195;20LCB14AP001§§XQ12;28314432;23КЭН-1Г;;1;0.0;100.0;
2025.10.27 00:00:00.000 GMT+00:00;13657.92;195;20LCB14AP001§§XQ13;28314433;23КЭН-1Г;;1;0.0;100.0;
2025.10.27 00:00:00.000 GMT+00:00;1213.0;195;20LCB14AP001§§XQ14;28314435;23КЭН-1Г;;1;0.0;100.0;
2025.10.27 00:00:00.000 GMT+00:00;51.677055;195;20LCB14CE002§§XQ01;28312916;I 23КЭН-1Г;А;1;0.0;100.0;
2025.10.27 00:00:00.000 GMT+00:00;0.0;227;20LCB15AP001§3217121§MAINTAL;28314062;Maintenance Alarm Limit;;1;0.0;100.0;
2025.10.27 00:00:00.000 GMT+00:00;0.0;227;20LCB15AP001§3217121§MAINTINT;28314081;Maintenance Interval (hours);;1;0.0;100.0;
2025.10.27 00:00:00.000 GMT+00:00;0.0;227;20LCB15AP001§3217122§MAINTAL;28314363;Maintenance Alarm Limit;;1;0.0;100.0;
2025.10.27 00:00:00.000 GMT+00:00;0.0;227;20LCB15AP001§3217122§MAINTINT;28314466;Maintenance Interval (hours);;1;0.0;100.0;
2025.10.27 00:00:00.000 GMT+00:00;13394.41;195;20LCB15AP001§§XQ11;28314267;23КЭН-1Д;;1;0.0;100.0;
2025.10.27 00:00:00.000 GMT+00:00;1051.0;195;20LCB15AP001§§XQ12;28314266;23КЭН-1Д;;1;0.0;100.0;
2025.10.27 00:00:00.000 GMT+00:00;13394.41;195;20LCB15AP001§§XQ13;28314265;23КЭН-1Д;;1;0.0;100.0;
2025.10.27 00:00:00.000 GMT+00:00;1051.0;195;20LCB15AP001§§XQ14;28314264;23КЭН-1Д;;1;0.0;100.0;
2025.10.27 00:00:00.000 GMT+00:00;0.40522102;195;20LCB15CE002§§XQ01;28312817;I 23КЭН-1Д;А;1;0.0;100.0;
2025.10.27 00:00:00.000 GMT+00:00;0.0;227;20LCB31AP001§3217121§MAINTAL;28314350;Maintenance Alarm Limit;;1;0.0;100.0;
2025.10.27 00:00:00.000 GMT+00:00;0.0;227;20LCB31AP001§3217121§MAINTINT;28314754;Maintenance Interval (hours);;1;0.0;100.0;
2025.10.27 00:00:00.000 GMT+00:00;0.0;227;20LCB31AP001§3217122§MAINTAL;28314229;Maintenance Alarm Limit;;1;0.0;100.0;
2025.10.27 00:00:00.000 GMT+00:00;0.0;227;20LCB31AP001§3217122§MAINTINT;28314412;Maintenance Interval (hours);;1;0.0;100.0;
2025.10.27 00:00:00.000 GMT+00:00;55333.14;195;20LCB31AP001§§XQ11;28314741;23КЭН-2А;;1;0.0;100.0;
2025.10.27 00:00:00.000 GMT+00:00;361.0;195;20LCB31AP001§§XQ12;28314739;23КЭН-2А;;1;0.0;100.0;
2025.10.27 00:00:00.000 GMT+00:00;55333.14;195;20LCB31AP001§§XQ13;28314737;23КЭН-2А;;1;0.0;100.0;
2025.10.27 00:00:00.000 GMT+00:00;361.0;195;20LCB31AP001§§XQ14;28314736;23КЭН-2А;;1;0.0;100.0;
2025.10.27 00:00:00.000 GMT+00:00;-0.028935185;195;20LCB31CE002§§XQ01;28312669;I 23КЭН-2А;А;1;0.0;100.0;
2025.10.27 00:00:00.000 GMT+00:00;28.599998;195;20LCB31CT001§§XQ01;28312666;T ПОДШ 23КЭН-2А;°C;1;-50.0;150.0;
2025.10.27 00:00:00.000 GMT+00:00;0.0;227;20LCB32AP001§3217121§MAINTAL;28314744;Maintenance Alarm Limit;;1;0.0;100.0;
2025.10.27 00:00:00.000 GMT+00:00;0.0;227;20LCB32AP001§3217121§MAINTINT;28314045;Maintenance Interval (hours);;1;0.0;100.0;
2025.10.27 00:00:00.000 GMT+00:00;0.0;227;20LCB32AP001§3217122§MAINTAL;28314503;Maintenance Alarm Limit;;1;0.0;100.0;
2025.10.27 00:00:00.000 GMT+00:00;0.0;227;20LCB32AP001§3217122§MAINTINT;28314140;Maintenance Interval (hours);;1;0.0;100.0;
2025.10.27 00:00:00.000 GMT+00:00;56083.01;195;20LCB32AP001§§XQ11;28314634;23КЭН-2Б;;1;0.0;100.0;
2025.10.27 00:00:00.000 GMT+00:00;354.0;195;20LCB32AP001§§XQ12;28314609;23КЭН-2Б;;1;0.0;100.0;
2025.10.27 00:00:00.000 GMT+00:00;56083.01;195;20LCB32AP001§§XQ13;28314607;23КЭН-2Б;;1;0.0;100.0;
2025.10.27 00:00:00.000 GMT+00:00;354.0;195;20LCB32AP001§§XQ14;28314605;23КЭН-2Б;;1;0.0;100.0;
2025.10.27 00:00:00.000 GMT+00:00;-0.45803118;195;20LCB32CE002§§XQ01;28312927;I 23КЭН-2Б;А;1;0.0;100.0;
2025.10.27 00:00:00.000 GMT+00:00;28.701372;195;20LCB32CT001§§XQ01;28312808;T ПОДШ 23КЭН-2Б;°C;1;-50.0;150.0;
2025.10.27 00:00:00.000 GMT+00:00;0.0;227;20LCB33AP001§3217121§MAINTAL;28314785;Maintenance Alarm Limit;;1;0.0;100.0;
2025.10.27 00:00:00.000 GMT+00:00;0.0;227;20LCB33AP001§3217121§MAINTINT;28314175;Maintenance Interval (hours);;1;0.0;100.0;
2025.10.27 00:00:00.000 GMT+00:00;0.0;227;20LCB33AP001§3217122§MAINTAL;28314740;Maintenance Alarm Limit;;1;0.0;100.0;
2025.10.27 00:00:00.000 GMT+00:00;0.0;227;20LCB33AP001§3217122§MAINTINT;28314882;Maintenance Interval (hours);;1;0.0;100.0;
2025.10.27 00:00:00.000 GMT+00:00;54379.77;195;20LCB33AP001§§XQ11;28314772;23КЭН-2В;;1;0.0;100.0;
2025.10.27 00:00:00.000 GMT+00:00;341.0;195;20LCB33AP001§§XQ12;28314771;23КЭН-2В;;1;0.0;100.0;
2025.10.27 00:00:00.000 GMT+00:00;54379.77;195;20LCB33AP001§§XQ13;28314775;23КЭН-2В;;1;0.0;100.0;
2025.10.27 00:00:00.000 GMT+00:00;341.0;195;20LCB33AP001§§XQ14;28314776;23КЭН-2В;;1;0.0;100.0;
2025.10.27 00:00:00.000 GMT+00:00;22.774237;195;20LCB33CE002§§XQ01;28312791;I 23КЭН-2В;А;1;0.0;100.0;
2025.10.27 00:00:00.000 GMT+00:00;32.800003;195;20LCB33CT001§§XQ01;28312909;T ПОДШ 23КЭН-2В;°C;1;-50.0;150.0;
2025.10.27 00:00:00.000 GMT+00:00;1.6390128;195;20LCE11CP001§§XQ01;28312615;P КНД ВХ БРОУ ВД БРОУ НД;МПа;1;0.0;4.0;
2025.10.27 00:00:00.000 GMT+00:00;35.899994;195;20LCE11CT001§§XQ01;28312536;T КНД ВПР БРОУ ВД БРОУ НД;°C;1;-50.0;500.0;
2025.10.27 00:00:00.000 GMT+00:00;-9.997107;35;20LCE60CG801§§XQ01;28312356;РК ВПР ППУ КНДР;%;1;0.0;100.0;
2025.10.27 00:00:00.000 GMT+00:00;-1.4995661;35;20LCF10CQ001§§XQ01;28313327;ЭПР ДР В НАП НАС Б СЛИВ  КОТ;мкСм/см;1;0.0;15.0;
2025.10.27 00:00:00.000 GMT+00:00;-1.4995661;35;20LCF20CQ001§§XQ01;28313362;ЭПР ДР В НАП НДБ;мкСм/см;1;0.0;15.0;
2025.10.27 00:00:00.000 GMT+00:00;108.70001;195;20LCM10CT001§§XQ01;28312831;T ЛИН СЛИВ РД;°C;1;-50.0;500.0;
2025.10.27 00:00:00.000 GMT+00:00;0.21180555;195;20LCP11CF001§§XQ01;28312951;F АП ОВ;т/ч;1;0.0;183.0;
2025.10.27 00:00:00.000 GMT+00:00;0.173544;195;20LCP11CG801§§XQ01;28312940;РК ЛИН АП ОВ;%;1;0.0;100.0;
2025.10.27 00:00:00.000 GMT+00:00;0.5680438;195;20LCP11CP001§§XQ01;28312650;P ОВ ВХ ДИАФР 20LCP11CF001;МПа;1;0.0;1.0;
2025.10.27 00:00:00.000 GMT+00:00;20.899996;195;20LCP11CT001§§XQ01;28312968;T ОВ ВЫХ ДИАФР 20LCP11CF001;°C;1;-50.0;200.0;
2025.10.27 00:00:00.000 GMT+00:00;26.051437;195;20LCP12CF001§§XQ01;28312913;F НОРМ ПОДП ОВ;т/ч;1;0.0;50.0;
2025.10.27 00:00:00.000 GMT+00:00;47.309113;195;20LCP12CG801§§XQ01;28312859;РК ЛИН НОРМ ПОДП ОВ;%;1;0.0;100.0;
2025.10.27 00:00:00.000 GMT+00:00;0.560825;195;20LCP12CP001§§XQ01;28312711;P ОВ ВХ ДИАФР 20LCP12CF001;МПа;1;0.0;1.0;
2025.10.27 00:00:00.000 GMT+00:00;21.100368;195;20LCP12CT001§§XQ01;28312784;T ОВ ВЫХ ДИАФР 20LCP12CF001;°C;1;-50.0;500.0;
2025.10.27 00:00:00.000 GMT+00:00;-5.813163E-6;195;20LCW10CG801§§XQ01;28313160;РК ЛИН ПОДП ОХЛ ОТБ ПРБ;%;1;0.0;100.0;
2025.10.27 00:00:00.000 GMT+00:00;33.295498;195;20LCW20C901§§XQ01;28312906;Output Value;°C;1;-50.0;1000.0;
2025.10.27 00:00:00.000 GMT+00:00;1.7316425;195;20LCW20CP001§§XQ01;28312724;P КНД ВХ ОК;МПа;1;0.0;4.0;
2025.10.27 00:00:00.000 GMT+00:00;35.799965;195;20LCW20CT001§§XQ01;28312961;T КНД ВХ ОК;°C;1;-50.0;500.0;
2025.10.27 00:00:00.000 GMT+00:00;31.100006;195;20LCW20DT001§230233§OUT;28312751;Output Value;°C;1;20.0;100.0;
2025.10.27 00:00:00.000 GMT+00:00;35.30002;195;20LCW20DT001§241550§OUT;28312948;Output Value;;1;0.0;100.0;
2025.10.27 00:00:00.000 GMT+00:00;0.0;227;20LCW20DT001§241551§OUT;28312871;Output Value;;1;0.0;100.0;
2025.10.27 00:00:00.000 GMT+00:00;31.0;195;20LCW21CT001§§XQ01;28312639;T КНД ВЫХ ОК;°C;1;-50.0;500.0;
2025.10.27 00:00:00.000 GMT+00:00;35.30002;195;20LCW22CT001§§XQ01;28312667;T ВЫХ ОХЛ КНД 2;°C;1;-50.0;200.0;
2025.10.27 00:00:00.000 GMT+00:00;0.29436347;195;20LCW30CP001§§XQ01;28312964;P ОХЛ КНД КОЛ 23КЭН-2;МПа;1;0.0;0.4;
2025.10.27 00:00:00.000 GMT+00:00;0.17847224;195;20LCW30CP002§§XQ01;28312911;P ОХЛ ПОДШ 23КЭН-2;МПа;1;0.0;0.4;
2025.10.27 00:00:00.000 GMT+00:00;36.40001;195;20LCW30CT001§§XQ01;28312288;ТК В ОБЩЕМ КОЛ;°C;1;-50.0;200.0;
2025.10.27 00:00:00.000 GMT+00:00;0.6944444;195;20LCW31CP001§§XQ01;28312785;ПД НА ЛИНИИ РАЗГР 23КЭН-2А;кПа;1;0.0;160.0;
2025.10.27 00:00:00.000 GMT+00:00;35.37743;195;20LCW31CT001§§XQ01;28312371;T СЛ ПОДШ 23КЭН-2А;°C;1;0.0;150.0;
2025.10.27 00:00:00.000 GMT+00:00;0.6481481;195;20LCW32CP001§§XQ01;28312957;ПД НА ЛИНИИ РАЗГР 23КЭН-2Б;кПа;1;0.0;160.0;
2025.10.27 00:00:00.000 GMT+00:00;35.100006;195;20LCW32CT001§§XQ01;28312271;T СЛ ПОДШ 23КЭН-2Б;°C;1;0.0;150.0;
2025.10.27 00:00:00.000 GMT+00:00;-1.5277777;195;20LCW33CP001§§XQ01;28312818;ПД НА ЛИНИИ РАЗГР 23КЭН-2Б;кПа;1;0.0;160.0;
2025.10.27 00:00:00.000 GMT+00:00;36.588737;195;20LCW33CT001§§XQ01;28312339;T СЛ ПОДШ 23КЭН-2В;°C;1;0.0;150.0;
2025.10.27 00:00:00.000 GMT+00:00;33.5;195;20LCW40CT001§§XQ01;28312912;T КНД КОЛ ВЫХ ОХЛ;°C;1;-50.0;200.0;
2025.10.27 00:00:00.000 GMT+00:00;0.33346862;195;20LCW50CP001§§XQ01;28312910;P КНД КОЛ ПОДВ КУ-21;МПа;1;0.0;1.0;
2025.10.27 00:00:00.000 GMT+00:00;371.07324;195;20LCW50CP002§§XQ01;28312849;P КНД КОЛ ВЫХ ОХЛ;кПа;1;0.0;600.0;
2025.10.27 00:00:00.000 GMT+00:00;28.10185;195;20LCW51CP001§§XQ01;28312971;ПД НА ЛИНИИ РАЗГР 23КНБ-1;кПа;1;0.0;160.0;
2025.10.27 00:00:00.000 GMT+00:00;34.80002;195;20LCW51CT001§§XQ01;28312248;T СЛ ПОДШ 23КНБ-1;°C;1;0.0;100.0;
2025.10.27 00:00:00.000 GMT+00:00;-15.99537;3;20LCW52CP001§§XQ01;28313082;ПД НА ЛИНИИ РАЗГР 23КНБ-2;кПа;1;0.0;160.0;
2025.10.27 00:00:00.000 GMT+00:00;34.80002;195;20LCW52CT001§§XQ01;28312611;T СЛ ПОДШ 23КНБ-2;°C;1;0.0;100.0;
2025.10.27 00:00:00.000 GMT+00:00;5.4166665;195;20LCW53CP001§§XQ01;28313083;ПД НА ЛИНИИ РАЗГР 23КНБ-3;кПа;1;0.0;160.0;
2025.10.27 00:00:00.000 GMT+00:00;29.500362;195;20LCW53CT001§§XQ01;28312253;T СЛ ПОДШ 23КНБ-3;°C;1;0.0;100.0;
2025.10.27 00:00:00.000 GMT+00:00;0.23177083;195;20LCW60CP001§§XQ01;28312705;ДК В КОЛ 23КЭН-2;МПа;1;0.0;1.0;
2025.10.27 00:00:00.000 GMT+00:00;33.600006;195;20LCW60CT001§§XQ01;28312447;ТК В ОБЩЕМ КОЛ;°C;1;-50.0;200.0;
2025.10.27 00:00:00.000 GMT+00:00;0.0;195;20LCW61CP001§§XQ01;28312797;ПД НА ЛИНИИ РАЗГР 23КЭН-1А;кПа;1;0.0;160.0;
2025.10.27 00:00:00.000 GMT+00:00;33.5;195;20LCW61CT001§§XQ01;28312264;T СЛ ПОДШ 23КЭН-1А;°C;1;-50.0;150.0;
2025.10.27 00:00:00.000 GMT+00:00;-0.9722222;195;20LCW62CP001§§XQ01;28312709;ПД НА ЛИНИИ РАЗГР 23КЭН-1Б;кПа;1;0.0;160.0;
2025.10.27 00:00:00.000 GMT+00:00;33.399994;195;20LCW62CT001§§XQ01;28312329;T СЛ ПОДШ 23КЭН-1Б;°C;1;-50.0;150.0;
2025.10.27 00:00:00.000 GMT+00:00;0.6481481;195;20LCW63CP001§§XQ01;28312687;ПД НА ЛИНИИ РАЗГР 23КЭН-1В;кПа;1;0.0;160.0;
2025.10.27 00:00:00.000 GMT+00:00;34.300007;195;20LCW63CT001§§XQ01;28312534;T СЛ ПОДШ 23КЭН-1В;°C;1;0.0;100.0;
2025.10.27 00:00:00.000 GMT+00:00;-1.4995661;35;20LDF20CQ003§§XQ01;28313335;ЭПР КНД БОУ;мкСм/см;1;0.0;15.0;
2025.10.27 00:00:00.000 GMT+00:00;-9.997107;35;20LDF20CQ004§§XQ01;28313182;Na КНД БОУ;мкг/л;1;0.0;100.0;
2025.10.27 00:00:00.000 GMT+00:00;0.0;227;20LFC10AP001§3217121§MAINTAL;28314298;Maintenance Alarm Limit;;1;0.0;100.0;
2025.10.27 00:00:00.000 GMT+00:00;0.0;227;20LFC10AP001§3217121§MAINTINT;28314872;Maintenance Interval (hours);;1;0.0;100.0;
2025.10.27 00:00:00.000 GMT+00:00;0.0;227;20LFC10AP001§3217122§MAINTAL;28314874;Maintenance Alarm Limit;;1;0.0;100.0;
2025.10.27 00:00:00.000 GMT+00:00;0.0;227;20LFC10AP001§3217122§MAINTINT;28314541;Maintenance Interval (hours);;1;0.0;100.0;
2025.10.27 00:00:00.000 GMT+00:00;8900.01;227;20LFC10AP001§§XQ11;28314306;2НБСК-1;;1;0.0;100.0;
2025.10.27 00:00:00.000 GMT+00:00;2301.0;227;20LFC10AP001§§XQ12;28314305;2НБСК-1;;1;0.0;100.0;
2025.10.27 00:00:00.000 GMT+00:00;8900.01;227;20LFC10AP001§§XQ13;28314304;2НБСК-1;;1;0.0;100.0;
2025.10.27 00:00:00.000 GMT+00:00;2301.0;227;20LFC10AP001§§XQ14;28314301;2НБСК-1;;1;0.0;100.0;
2025.10.27 00:00:00.000 GMT+00:00;0.0;227;20LFC10AP002§3217121§MAINTAL;28314303;Maintenance Alarm Limit;;1;0.0;100.0;
2025.10.27 00:00:00.000 GMT+00:00;0.0;227;20LFC10AP002§3217121§MAINTINT;28314702;Maintenance Interval (hours);;1;0.0;100.0;
2025.10.27 00:00:00.000 GMT+00:00;0.0;227;20LFC10AP002§3217122§MAINTAL;28314855;Maintenance Alarm Limit;;1;0.0;100.0;
2025.10.27 00:00:00.000 GMT+00:00;0.0;227;20LFC10AP002§3217122§MAINTINT;28314369;Maintenance Interval (hours);;1;0.0;100.0;
2025.10.27 00:00:00.000 GMT+00:00;10502.01;227;20LFC10AP002§§XQ11;28314307;2НБСК-2;;1;0.0;100.0;
2025.10.27 00:00:00.000 GMT+00:00;3095.0;227;20LFC10AP002§§XQ12;28314308;2НБСК-2;;1;0.0;100.0;
2025.10.27 00:00:00.000 GMT+00:00;10502.01;227;20LFC10AP002§§XQ13;28314311;2НБСК-2;;1;0.0;100.0;
2025.10.27 00:00:00.000 GMT+00:00;3095.0;227;20LFC10AP002§§XQ14;28314314;2НБСК-2;;1;0.0;100.0;
2025.10.27 00:00:00.000 GMT+00:00;-4.9985533;35;20LFC10CE002§§XQ01;28312860;I 2НБСК-1;А;1;0.0;50.0;
2025.10.27 00:00:00.000 GMT+00:00;-4.9985533;35;20LFC10CE102§§XQ01;28312769;I 2НБСК-2;А;1;0.0;50.0;
2025.10.27 00:00:00.000 GMT+00:00;-400.63873;227;20LFC10CL001§§XQ01;28312777;L Б СЛИВ КОТ;мм;1;0.0;4000.0;
2025.10.27 00:00:00.000 GMT+00:00;6.0345687E-4;195;20LFC10CP001§§XQ01;28312761;P НАП НБСК 20LFC10AP001;МПа;1;0.0;1.0;
2025.10.27 00:00:00.000 GMT+00:00;1.3854537E-4;195;20LFC10CP002§§XQ01;28312733;P НАП НБСК 20LFC10AP002;МПа;1;0.0;1.0;
2025.10.27 00:00:00.000 GMT+00:00;-0.09997106;35;20LFC10CP003§§XQ01;28312730;P ВСАС НБСК 20LFC10AP001;МПа;1;0.0;1.0;
2025.10.27 00:00:00.000 GMT+00:00;-0.09997106;35;20LFC10CP004§§XQ01;28312732;P ВСАС НБСК 20LFC10AP002;МПа;1;0.0;1.0;
2025.10.27 00:00:00.000 GMT+00:00;20.400019;195;20LFC10CT001§§XQ01;28312932;T ВХ СлН КОТ;°C;1;-50.0;500.0;
2025.10.27 00:00:00.000 GMT+00:00;0.0;227;20LFC20AP001§3217121§MAINTAL;28314742;Maintenance Alarm Limit;;1;0.0;100.0;
2025.10.27 00:00:00.000 GMT+00:00;0.0;227;20LFC20AP001§3217121§MAINTINT;28314472;Maintenance Interval (hours);;1;0.0;100.0;
2025.10.27 00:00:00.000 GMT+00:00;0.0;227;20LFC20AP001§3217122§MAINTAL;28314171;Maintenance Alarm Limit;;1;0.0;100.0;
2025.10.27 00:00:00.000 GMT+00:00;0.0;227;20LFC20AP001§3217122§MAINTINT;28314387;Maintenance Interval (hours);;1;0.0;100.0;
2025.10.27 00:00:00.000 GMT+00:00;606.01;227;20LFC20AP001§§XQ11;28314056;2НДБ-1;;1;0.0;100.0;
2025.10.27 00:00:00.000 GMT+00:00;1015.0;227;20LFC20AP001§§XQ12;28314057;2НДБ-1;;1;0.0;100.0;
2025.10.27 00:00:00.000 GMT+00:00;606.01;227;20LFC20AP001§§XQ13;28314052;2НДБ-1;;1;0.0;100.0;
2025.10.27 00:00:00.000 GMT+00:00;1015.0;227;20LFC20AP001§§XQ14;28314054;2НДБ-1;;1;0.0;100.0;
2025.10.27 00:00:00.000 GMT+00:00;0.0;227;20LFC20AP002§3217121§MAINTAL;28314403;Maintenance Alarm Limit;;1;0.0;100.0;
2025.10.27 00:00:00.000 GMT+00:00;0.0;227;20LFC20AP002§3217121§MAINTINT;28314546;Maintenance Interval (hours);;1;0.0;100.0;
2025.10.27 00:00:00.000 GMT+00:00;0.0;227;20LFC20AP002§3217122§MAINTAL;28314389;Maintenance Alarm Limit;;1;0.0;100.0;
2025.10.27 00:00:00.000 GMT+00:00;0.0;227;20LFC20AP002§3217122§MAINTINT;28314047;Maintenance Interval (hours);;1;0.0;100.0;
2025.10.27 00:00:00.000 GMT+00:00;775.01;227;20LFC20AP002§§XQ11;28314245;2НДБ-2;;1;0.0;100.0;
2025.10.27 00:00:00.000 GMT+00:00;147.0;227;20LFC20AP002§§XQ12;28314237;2НДБ-2;;1;0.0;100.0;
2025.10.27 00:00:00.000 GMT+00:00;775.01;227;20LFC20AP002§§XQ13;28314240;2НДБ-2;;1;0.0;100.0;
2025.10.27 00:00:00.000 GMT+00:00;147.0;227;20LFC20AP002§§XQ14;28314234;2НДБ-2;;1;0.0;100.0;
2025.10.27 00:00:00.000 GMT+00:00;0.6365741;195;20LFC20CE002§§XQ01;28312683;I 2НДБ-1;А;1;0.0;100.0;
2025.10.27 00:00:00.000 GMT+00:00;0.43402776;195;20LFC20CE102§§XQ01;28312872;I 2НДБ-2;А;1;0.0;100.0;
2025.10.27 00:00:00.000 GMT+00:00;498.6702;195;20LFC20CL001§§XQ01;28312729;L БДР;мм;1;0.0;2500.0;
2025.10.27 00:00:00.000 GMT+00:00;7.233796E-4;195;20LFC20CP001§§XQ01;28312874;P НАП 2НДБ-1;МПа;1;0.0;2.5;
2025.10.27 00:00:00.000 GMT+00:00;-0.010850694;195;20LFC20CP002§§XQ01;28312780;P НАП 2НДБ-2;МПа;1;0.0;2.5;
2025.10.27 00:00:00.000 GMT+00:00;-0.15995371;35;20LFC20CP003§§XQ01;28312644;P ВСАС 2НДБ-1;МПа;1;0.0;1.6;
2025.10.27 00:00:00.000 GMT+00:00;-0.15995371;35;20LFC20CP004§§XQ01;28312846;P ВСАС 2НДБ-2;МПа;1;0.0;1.6;
2025.10.27 00:00:00.000 GMT+00:00;28.200012;195;20LFC20CT001§§XQ01;28312845;T БДР;°C;1;-50.0;200.0;
2025.10.27 00:00:00.000 GMT+00:00;2.2601073;195;20MAG10FT001§§XQ01;28315131;dT КНДР;;1;0.0;50.0;
2025.10.27 00:00:00.000 GMT+00:00;722.67773;195;20MAV02CL001§§XQ01;28312348;L Б ДОБ МСЛ;мм;1;0.0;1000.0;
2025.10.27 00:00:00.000 GMT+00:00;-3.960782;195;20MAV05CL001§§XQ01;28312282;L Б АВАР СЛИВ МСЛ;мм;1;0.0;1000.0;
2025.10.27 00:00:00.000 GMT+00:00;0.0;227;20MAX01AP001§3217121§MAINTAL;28314753;Maintenance Alarm Limit;;1;0.0;100.0;
2025.10.27 00:00:00.000 GMT+00:00;0.0;227;20MAX01AP001§3217121§MAINTINT;28314706;Maintenance Interval (hours);;1;0.0;100.0;
2025.10.27 00:00:00.000 GMT+00:00;0.0;227;20MAX01AP001§3217122§MAINTAL;28314745;Maintenance Alarm Limit;;1;0.0;100.0;
2025.10.27 00:00:00.000 GMT+00:00;0.0;227;20MAX01AP001§3217122§MAINTINT;28314386;Maintenance Interval (hours);;1;0.0;100.0;
2025.10.27 00:00:00.000 GMT+00:00;0.0;227;20MAX01AP001§§XQ11;28314297;21МНОР;;1;0.0;100.0;
2025.10.27 00:00:00.000 GMT+00:00;1.0;227;20MAX01AP001§§XQ12;28314296;21МНОР;;1;0.0;100.0;
2025.10.27 00:00:00.000 GMT+00:00;0.0;227;20MAX01AP001§§XQ13;28314300;21МНОР;;1;0.0;100.0;
2025.10.27 00:00:00.000 GMT+00:00;1.0;227;20MAX01AP001§§XQ14;28314299;21МНОР;;1;0.0;100.0;
2025.10.27 00:00:00.000 GMT+00:00;-4.9985533;35;20MAX01CE002§§XQ01;28311641;I 21МНОР;А;1;0.0;50.0;
2025.10.27 00:00:00.000 GMT+00:00;0.0;195;20MKA10CE901§243650§OUT;28312438;Output Value;;1;0.0;100.0;
2025.10.27 00:00:00.000 GMT+00:00;146.90926;195;20MKA10CE901§243653§OUT;28312419;Output Value;;1;0.0;100.0;
2025.10.27 00:00:00.000 GMT+00:00;0.0;11;20MKA10CE901§247160§OUT;28315000;Output Value;;2;0.0;100.0;
2025.10.27 00:00:00.000 GMT+00:00;0.0;11;20MKA10CE901§247161§OUT;28315001;Product;;2;0.0;100.0;
2025.10.27 00:00:00.000 GMT+00:00;0.0;11;20MKA10CE901§247162§OUT;28315002;Product;;2;0.0;100.0;
2025.10.27 00:00:00.000 GMT+00:00;199.31586;195;20MKA10CE901§§XQ01;28312300;СУММ N БЛОКА ЛОГ УПР;МВт;1;0.0;500.0;
2025.10.27 00:00:00.000 GMT+00:00;200.37134;195;20MKA10CE901§§XQ51;28312261;СУММ N БЛОКА АСКУЭт;МВт;1;0.0;500.0;
2025.10.27 00:00:00.000 GMT+00:00;50.00052;195;20MKA10CS901§§XQ01;28312548;ЧАСТОТА СЕТИ СР МЕД ЛОГ УПР;Гц;1;0.0;60.0;
2025.10.27 00:00:00.000 GMT+00:00;0.0;227;20MKA10CS999§§XQ01;28312424;ИМИТАТОР ВОЗМ ЛОГ УПР;мГц;1;-400.0;400.0;
2025.10.27 00:00:00.000 GMT+00:00;0.0;11;20MKA10DE001K§1ЗАДАТЧИК N§OUT;28315006;Output Value;МВт;2;90.0;500.0;
2025.10.27 00:00:00.000 GMT+00:00;0.0;227;20MKA10DE001K§247022§OUT;28314963;Output Value;;1;-100.0;100.0;
2025.10.27 00:00:00.000 GMT+00:00;1.0401833;195;20MKA10DE001K§247170§OUT;28315004;Output Value;;1;0.0;100.0;
2025.10.27 00:00:00.000 GMT+00:00;0.0;11;20MKA10DE001K§N 23 ТЕКУЩ§XQ01;28314962;ЗД N БЛОКА ЛОГ УПР;МВт;2;0.0;500.0;
2025.10.27 00:00:00.000 GMT+00:00;130.16205;195;20MKA10DE001K§§LL;28315005;ЗД N БЛОКА ЛОГ УПР;МВт;1;0.0;500.0;
2025.10.27 00:00:00.000 GMT+00:00;0.0;227;20MKA10DE001K§§Nsecondary;28314957;ЗД N БЛОКА ЛОГ УПР;;1;-100.0;100.0;
2025.10.27 00:00:00.000 GMT+00:00;199.06009;195;20MKA10DE001K§§OUT;28314960;ЗД АВРЧМ;FGH;1;0.0;500.0;
2025.10.27 00:00:00.000 GMT+00:00;234.28426;195;20MKA10DE001K§§UL;28315003;ЗД N БЛОКА ЛОГ УПР;МВт;1;0.0;500.0;
2025.10.27 00:00:00.000 GMT+00:00;0.0;227;20MKA10DE001K§§VTTEK;28314958;ЗД N БЛОКА ЛОГ УПР;МВт;1;-100.0;100.0;
2025.10.27 00:00:00.000 GMT+00:00;199.06009;195;20MKA10DE001K§§XQ01;28312477;ЗД N БЛОКА ЛОГ УПР;МВт;1;0.0;500.0;
2025.10.27 00:00:00.000 GMT+00:00;203.5;195;20MKA10DE001K§§XQ03;28312476;ЗД N БЛОКА ЛОГ УПР;;1;0.0;500.0;
2025.10.27 00:00:00.000 GMT+00:00;194.5;195;20MKA10DE001K§§XQ04;28312478;ЗД N БЛОКА ЛОГ УПР;;1;0.0;500.0;
2025.10.27 00:00:00.000 GMT+00:00;199.0;195;20MKA10DE001K§§XQ11;28314964;ЗД N БЛОКА ЛОГ УПР;МВт;1;90.0;500.0;
2025.10.27 00:00:00.000 GMT+00:00;199.0;195;20MKA10DE001K§§XQ21;28314961;СУММ ЗД N БЛОКА;МВт;1;0.0;500.0;
2025.10.27 00:00:00.000 GMT+00:00;1.5;195;20MKA10DE001K§ЗАДАТЧИК dN_dt§OUT;28312255;ЗД N БЛОКА ЛОГ УПР;МВт/мин;1;0.0;35.0;
2025.10.27 00:00:00.000 GMT+00:00;201.25;195;20MKA10DE001K§ЗД N + DELTA§XQ03;28314959;ЗД N БЛОКА ЛОГ УПР;МВт;1;0.0;100.0;
2025.10.27 00:00:00.000 GMT+00:00;196.75;195;20MKA10DE001K§ЗД N - DELTA§XQ04;28314956;ЗД N БЛОКА ЛОГ УПР;;1;0.0;100.0;
2025.10.27 00:00:00.000 GMT+00:00;0.0;195;20MKA10DE001§§XQ01;28312337;РЕГ N БЛОКА ЛОГ УПР;;1;0.0;100.0;
2025.10.27 00:00:00.000 GMT+00:00;199.0;195;20MKA10DE001§§XQ02;28312336;РЕГ N БЛОКА ЛОГ УПР;;1;0.0;500.0;
2025.10.27 00:00:00.000 GMT+00:00;198.85318;195;20MKA10DE001§§XQ03;28312341;РЕГ N БЛОКА ЛОГ УПР;;1;0.0;500.0;
2025.10.27 00:00:00.000 GMT+00:00;5.0;227;20MKA10DE005S§§XQ01;28312427;ЗД СТАТИЗМ ЛОГ УПР;%;1;4.0;6.0;
2025.10.27 00:00:00.000 GMT+00:00;0.0;195;20MKA10DE005§10998§OUT;28315021;Output Value;;1;0.0;100.0;
2025.10.27 00:00:00.000 GMT+00:00;0.0;195;20MKA10DE005§10999§OUT;28315020;Sum;;1;0.0;100.0;
2025.10.27 00:00:00.000 GMT+00:00;0.0;195;20MKA10DE005§11005§OUT;28315022;Output Value;;1;0.0;100.0;
2025.10.27 00:00:00.000 GMT+00:00;0.0;11;20MKA10DE005§1НЕБАЛАНС КЧ§OUT;28315013;Product;МВт;2;0.0;100.0;
2025.10.27 00:00:00.000 GMT+00:00;0.0;11;20MKA10DE005§247301§OUT;28315016;Output Value;;2;0.0;100.0;
2025.10.27 00:00:00.000 GMT+00:00;0.0;11;20MKA10DE005§247302§OUT;28315015;Sum;;2;0.0;100.0;
2025.10.27 00:00:00.000 GMT+00:00;0.0;11;20MKA10DE005§247312§OUT;28315014;Output Value;;2;0.0;100.0;
2025.10.27 00:00:00.000 GMT+00:00;0.0;11;20MKA10DE005§§OUT;28315018;;;2;0.0;100.0;
2025.10.27 00:00:00.000 GMT+00:00;0.0;11;20MKA10DE005§§XOGT;28315019;;;2;0.0;100.0;
2025.10.27 00:00:00.000 GMT+00:00;0.0;11;20MKA10DE005§§XOST;28315017;;;2;0.0;100.0;
2025.10.27 00:00:00.000 GMT+00:00;0.0;195;20MKA10DE005§§XQ01;28312510;КОРР ЧАСТ СЕТИ ЛОГ УПР;МВт;1;0.0;100.0;
2025.10.27 00:00:00.000 GMT+00:00;50.0;227;20MKA10DE005§§XQ02;28312511;КОРР ЧАСТ СЕТИ ЛОГ УПР;Гц;1;0.0;60.0;
2025.10.27 00:00:00.000 GMT+00:00;15.0;195;20MKA10DE005§§XQ03;28312512;КОРР ЧАСТ СЕТИ ЛОГ УПР;мГц;1;0.0;100.0;
2025.10.27 00:00:00.000 GMT+00:00;0.015000001;195;20MKA10DE005§§XQ13;28312352;КОРР ЧАСТ СЕТИ ЛОГ УПР;Hz;1;0.0;0.1;
2025.10.27 00:00:00.000 GMT+00:00;-0.09827171;195;20NAB10CP001§§XQ01;28313081;P КНД СЛИВ ПСГ-1;кПа;1;-100.0;150.0;
2025.10.27 00:00:00.000 GMT+00:00;8.940972;195;20NAB10CP002§§XQ01;28313085;P-P Ф 20NAB10AT002;кПа;1;0.0;100.0;
2025.10.27 00:00:00.000 GMT+00:00;6.8437347;195;20NAB10CP003§§XQ01;28313106;P-P Ф 20NAB10AT001;кПа;1;0.0;100.0;
2025.10.27 00:00:00.000 GMT+00:00;0.0;227;20NAB11AP001§3217121§MAINTAL;28314755;Maintenance Alarm Limit;;1;0.0;100.0;
2025.10.27 00:00:00.000 GMT+00:00;0.0;227;20NAB11AP001§3217121§MAINTINT;28314464;Maintenance Interval (hours);;1;0.0;100.0;
2025.10.27 00:00:00.000 GMT+00:00;0.0;227;20NAB11AP001§3217122§MAINTAL;28314048;Maintenance Alarm Limit;;1;0.0;100.0;
2025.10.27 00:00:00.000 GMT+00:00;0.0;227;20NAB11AP001§3217122§MAINTINT;28314463;Maintenance Interval (hours);;1;0.0;100.0;
2025.10.27 00:00:00.000 GMT+00:00;39625.06;195;20NAB11AP001§§XQ11;28314241;23КНБ-1;;1;0.0;100.0;
2025.10.27 00:00:00.000 GMT+00:00;293.0;195;20NAB11AP001§§XQ12;28314238;23КНБ-1;;1;0.0;100.0;
2025.10.27 00:00:00.000 GMT+00:00;39625.06;195;20NAB11AP001§§XQ13;28314246;23КНБ-1;;1;0.0;100.0;
2025.10.27 00:00:00.000 GMT+00:00;293.0;195;20NAB11AP001§§XQ14;28314243;23КНБ-1;;1;0.0;100.0;
2025.10.27 00:00:00.000 GMT+00:00;-0.027845938;195;20NAB11CE002§§XQ01;28313017;I КНБ-1;А;1;0.0;300.0;
2025.10.27 00:00:00.000 GMT+00:00;-0.024594907;195;20NAB11CP001§§XQ01;28313008;P КНД НАП 23КНБ-1;МПа;1;0.0;2.5;
2025.10.27 00:00:00.000 GMT+00:00;34.783813;195;20NAB11CT001§§XQ01;28313021;T ПОДШ КЭН ПСГ-1;°C;1;-50.0;150.0;
2025.10.27 00:00:00.000 GMT+00:00;0.0;227;20NAB12AP001§3217121§MAINTAL;28314858;Maintenance Alarm Limit;;1;0.0;100.0;
2025.10.27 00:00:00.000 GMT+00:00;0.0;227;20NAB12AP001§3217121§MAINTINT;28314654;Maintenance Interval (hours);;1;0.0;100.0;
2025.10.27 00:00:00.000 GMT+00:00;0.0;227;20NAB12AP001§3217122§MAINTAL;28314869;Maintenance Alarm Limit;;1;0.0;100.0;
2025.10.27 00:00:00.000 GMT+00:00;0.0;227;20NAB12AP001§3217122§MAINTINT;28314342;Maintenance Interval (hours);;1;0.0;100.0;
2025.10.27 00:00:00.000 GMT+00:00;41019.0;227;20NAB12AP001§§XQ11;28314554;23КНБ-2;;1;0.0;100.0;
2025.10.27 00:00:00.000 GMT+00:00;327.0;227;20NAB12AP001§§XQ12;28314557;23КНБ-2;;1;0.0;100.0;
2025.10.27 00:00:00.000 GMT+00:00;41019.0;227;20NAB12AP001§§XQ13;28314556;23КНБ-2;;1;0.0;100.0;
2025.10.27 00:00:00.000 GMT+00:00;327.0;227;20NAB12AP001§§XQ14;28314558;23КНБ-2;;1;0.0;100.0;
2025.10.27 00:00:00.000 GMT+00:00;0.086876355;195;20NAB12CE002§§XQ01;28312982;I КНБ-2;А;1;0.0;300.0;
2025.10.27 00:00:00.000 GMT+00:00;-0.025318285;195;20NAB12CP001§§XQ01;28312976;P КНД НАП 23КНБ-2;МПа;1;0.0;2.5;
2025.10.27 00:00:00.000 GMT+00:00;34.700054;195;20NAB12CT001§§XQ01;28312991;T ПОДШ 23КНБ-2;°C;1;-50.0;150.0;
2025.10.27 00:00:00.000 GMT+00:00;0.0;227;20NAB13AP001§3217121§MAINTAL;28314111;Maintenance Alarm Limit;;1;0.0;100.0;
2025.10.27 00:00:00.000 GMT+00:00;0.0;227;20NAB13AP001§3217121§MAINTINT;28314470;Maintenance Interval (hours);;1;0.0;100.0;
2025.10.27 00:00:00.000 GMT+00:00;0.0;227;20NAB13AP001§3217122§MAINTAL;28314334;Maintenance Alarm Limit;;1;0.0;100.0;
2025.10.27 00:00:00.000 GMT+00:00;0.0;227;20NAB13AP001§3217122§MAINTINT;28314186;Maintenance Interval (hours);;1;0.0;100.0;
2025.10.27 00:00:00.000 GMT+00:00;26802.0;227;20NAB13AP001§§XQ11;28314506;23КНБ-3;;1;0.0;100.0;
2025.10.27 00:00:00.000 GMT+00:00;203.0;227;20NAB13AP001§§XQ12;28314507;23КНБ-3;;1;0.0;100.0;
2025.10.27 00:00:00.000 GMT+00:00;26802.0;227;20NAB13AP001§§XQ13;28314504;23КНБ-3;;1;0.0;100.0;
2025.10.27 00:00:00.000 GMT+00:00;203.0;227;20NAB13AP001§§XQ14;28314505;23КНБ-3;;1;0.0;100.0;
2025.10.27 00:00:00.000 GMT+00:00;0.093592525;195;20NAB13CE002§§XQ01;28312987;I КНБ-3;А;1;0.0;300.0;
2025.10.27 00:00:00.000 GMT+00:00;-0.025318285;195;20NAB13CP001§§XQ01;28313084;P КНД НАП 23КНБ-3;МПа;1;0.0;2.5;
2025.10.27 00:00:00.000 GMT+00:00;30.300003;195;20NAB13CT001§§XQ01;28313076;T ПОДШ 23КНБ-3;°C;1;-50.0;150.0;
2025.10.27 00:00:00.000 GMT+00:00;4.224537;195;20NAB15CG801§§XQ01;28313071;КЛ РЕГ L КНД ПСГ-1;%;1;0.0;100.0;
2025.10.27 00:00:00.000 GMT+00:00;0.18122418;195;20NAB15CP001§§XQ01;28312980;P КНД ОБЩ КОЛ КЭН ПСГ;МПа;1;0.0;2.5;
2025.10.27 00:00:00.000 GMT+00:00;-19.994213;35;20NAB15CQ001§§XQ01;28313127;О2 КНД НАП НАС ПДГР В;мкг/л;1;0.0;200.0;
2025.10.27 00:00:00.000 GMT+00:00;15.696919;195;20NAB15CT001§§XQ01;28313040;T КНД ПСГ-1;°C;1;-50.0;500.0;
2025.10.27 00:00:00.000 GMT+00:00;34.200012;195;20NAB51CT001§§XQ01;28312977;T КНД ОХЛ КНД ПСГ;°C;1;-50.0;500.0;
2025.10.27 00:00:00.000 GMT+00:00;23.0;227;20NAB51DCT001§241573§OUT;28313006;РЕГ Т после ОХЛ конд ПСГ;°C;1;-100.0;100.0;
2025.10.27 00:00:00.000 GMT+00:00;2.015996;195;20NAB51DCT001§245525§OUT;28313069;Output Value;;1;0.0;100.0;
2025.10.27 00:00:00.000 GMT+00:00;0.0;11;20NDB10AA801§241379§OUT;28313012;Output Value;;2;0.0;100.0;
2025.10.27 00:00:00.000 GMT+00:00;4776.9854;195;20NDB10CF001§§XQ01;28312997;F СВ ПЕРЕД ПСГ-1;т/ч;1;0.0;12897.4;
2025.10.27 00:00:00.000 GMT+00:00;53.125607;195;20NDB10CG801§§XQ01;28312995;КЛ РЕГ ТРУБ ОБВ ПСГ-1 ПСГ-2;%;1;0.0;100.0;
2025.10.27 00:00:00.000 GMT+00:00;0.6838175;195;20NDB10CP001§§XQ01;28313059;P СВ ПЕРЕД ПСГ-1;МПа;1;0.0;1.6;
2025.10.27 00:00:00.000 GMT+00:00;0.60728323;195;20NDB10CP002§§XQ01;28313093;P СВ ПОСЛЕ ПСГ-1;МПа;1;0.0;1.6;
2025.10.27 00:00:00.000 GMT+00:00;0.6085715;195;20NDB10CP003§§XQ01;28313063;P СВ ПЕРЕД ПСГ-2;МПа;1;0.0;1.6;
2025.10.27 00:00:00.000 GMT+00:00;0.56644875;195;20NDB10CP004§§XQ01;28313046;P СВ ПОСЛЕ ПСГ-2;МПа;1;0.0;1.6;
2025.10.27 00:00:00.000 GMT+00:00;7.2000866;35;20NDB10CQ001§§XQ01;28313242;рН ОСВ ВХ ПСГ-1;pH;1;7.5;10.5;
2025.10.27 00:00:00.000 GMT+00:00;-19.994213;35;20NDB10CQ002§§XQ01;28313259;О2 ОСВ ВХ ПСГ-1;мкг/л;1;0.0;200.0;
2025.10.27 00:00:00.000 GMT+00:00;51.699654;195;20NDB10CT001§§XQ01;28313049;T СВ ОБЩ КОЛ НКОЛ СЭН-1;°C;1;-50.0;200.0;
2025.10.27 00:00:00.000 GMT+00:00;52.69999;195;20NDB10CT002§§XQ01;28313024;T СВ ПЕРЕД ПСГ-1;°C;1;-50.0;200.0;
2025.10.27 00:00:00.000 GMT+00:00;67.598885;195;20NDB10CT003§§XQ01;28313075;T СВ ПЕРЕД ПСГ-2;°C;1;-50.0;200.0;
2025.10.27 00:00:00.000 GMT+00:00;67.399994;195;20NDB10CT004§§XQ01;28313090;T ПОСЛЕ ПСГ-1;°C;1;-50.0;200.0;
2025.10.27 00:00:00.000 GMT+00:00;78.79332;195;20NDB10CT005§§XQ01;28313016;T ПОСЛЕ ПСГ-2;°C;1;-50.0;200.0;
2025.10.27 00:00:00.000 GMT+00:00;7899.1255;195;20NDB10DF001§241353§OUT;28313014;Output Value;т\ч;1;1500.0;8000.0;
2025.10.27 00:00:00.000 GMT+00:00;0.0;11;20NDB10DT001ST§§XQ01;28312599;КРЕГ Т СВ СР ЛОГ УПР;;2;-100.0;150.0;
2025.10.27 00:00:00.000 GMT+00:00;0.0;11;20NDB10DT001§§XQ01;28312303;РЕГ T СВ ЛОГ УПР;°C;2;0.0;150.0;
2025.10.27 00:00:00.000 GMT+00:00;0.0;11;20NDB10DT001§§XQ02;28312301;РЕГ T СВ ЛОГ УПР;%;2;-100.0;100.0;
2025.10.27 00:00:00.000 GMT+00:00;0.0;11;20NDB10DT001§§XQ03;28312317;РЕГ T СВ ЛОГ УПР;;2;0.0;100.0;
2025.10.27 00:00:00.000 GMT+00:00;0.0;11;20NDB10DT001§§XQ04;28312319;РЕГ T СВ ЛОГ УПР;;2;0.0;100.0;
2025.10.27 00:00:00.000 GMT+00:00;0.0;11;20NDB10DT001§§XQ12;28312245;РЕГ T СВ ЛОГ УПР;%;2;-100.0;100.0;
2025.10.27 00:00:00.000 GMT+00:00;0.0;11;20NDB20AA801§241371§OUT;28313000;Output Value;;2;0.0;100.0;
2025.10.27 00:00:00.000 GMT+00:00;30.353008;195;20NDB20CG801§§XQ01;28313102;КЛ РЕГ ТРУБ ОБВ ПСГ-1 ПСГ-2;%;1;0.0;100.0;
2025.10.27 00:00:00.000 GMT+00:00;7926.4053;195;20NDB30CF001_C§T_H§XQ01;28315101;F СВ ПОСЛЕ ПСГ-2 РАСЧ;;1;0.0;8000.0;
2025.10.27 00:00:00.000 GMT+00:00;7924.4604;195;20NDB30CF001§§XQ01;28313011;F СВ ПОСЛЕ ПСГ-2;т/ч;1;0.0;12818.3;
2025.10.27 00:00:00.000 GMT+00:00;0.5582096;195;20NDB30CP001§§XQ01;28313033;P СВ ПСГ ОБЩ КОЛ;МПа;1;0.0;1.6;
2025.10.27 00:00:00.000 GMT+00:00;7.2000866;35;20NDB30CQ001§§XQ01;28313237;рН ПСВ ВЫХ ПСГ-2;pH;1;7.5;10.5;
2025.10.27 00:00:00.000 GMT+00:00;-19.994175;3;20NDB30CQ002§§XQ01;28313149;О2 ПСВ ВЫХ  ПСГ-2;мкг/л;1;0.0;200.0;
2025.10.27 00:00:00.000 GMT+00:00;67.399925;195;20NDB30CT001§§XQ01;28313044;T СВ ПСГ ОБЩ КОЛ;°C;1;-50.0;500.0;
2025.10.27 00:00:00.000 GMT+00:00;0.0;11;20NDB30DT001BPS§241360§OUT;28314934;Output Value;%;2;0.0;500.0;
2025.10.27 00:00:00.000 GMT+00:00;0.0;195;20NDB30DT001BPS§245518§OUT;28314935;Output Value;;1;0.0;100.0;
2025.10.27 00:00:00.000 GMT+00:00;0.1;227;20NDB30DT001GT§246584§OUT;28314939;Output Value;;1;0.0;100.0;
2025.10.27 00:00:00.000 GMT+00:00;199.0;195;20NDB30DT001GT§§XQ01;28314940;КРЕГ Т СВ ТР ЛОГ УПР;МВт;1;90.0;500.0;
2025.10.27 00:00:00.000 GMT+00:00;0.1;227;20NDB30DT001ST§246580§OUT;28314938;Output Value;;1;0.0;100.0;
2025.10.27 00:00:00.000 GMT+00:00;0.0;11;20NDB30DT001ST§PID - PD§OUT;28314936;Output Value;;2;-100.0;150.0;
2025.10.27 00:00:00.000 GMT+00:00;0.0;11;20NDB30DT001ST§§TN;28314937;КРЕГ Т СВ СР ЛОГ УПР;;2;0.0;100.0;
2025.10.27 00:00:00.000 GMT+00:00;-65.500534;195;20NDB30DT001ST§§XQ01;28314933;КРЕГ Т СВ СР ЛОГ УПР;кПа;1;-100.0;150.0;
2025.10.27 00:00:00.000 GMT+00:00;0.0;11;20NDB30DT001§241360§OUT;28313032;Output Value;%;2;0.0;500.0;
2025.10.27 00:00:00.000 GMT+00:00;0.0;11;20NDB30DT001§245518§OUT;28313064;Output Value;;2;0.0;100.0;
2025.10.27 00:00:00.000 GMT+00:00;67.399994;195;20NDB30DT001§§XQ01;28314930;РЕГ T СВ ЛОГ УПР;°C;1;0.0;150.0;
2025.10.27 00:00:00.000 GMT+00:00;0.0;227;20NDB30DT001§§XQ02;28314929;РЕГ T СВ ЛОГ УПР;%;1;-100.0;100.0;
2025.10.27 00:00:00.000 GMT+00:00;68.399994;195;20NDB30DT001§§XQ03;28314932;РЕГ T СВ ЛОГ УПР;;1;0.0;100.0;
2025.10.27 00:00:00.000 GMT+00:00;66.399994;195;20NDB30DT001§§XQ04;28314931;РЕГ T СВ ЛОГ УПР;;1;0.0;100.0;
2025.10.27 00:00:00.000 GMT+00:00;0.0;227;20NDB30DT001§§XQ12;28314928;РЕГ T СВ ЛОГ УПР;%;1;-100.0;100.0;
2025.10.27 00:00:00.000 GMT+00:00;116.57041;195;20NDD01FE001§§XQ01;28313001;N ТЕПЛОВАЯ;Гкал;1;0.0;200.0;
2025.10.27 00:00:00.000 GMT+00:00;-9.997107;35;20NDK40CQ001§§XQ01;28313178;рН СВ  НАП ПОДП НАС;pH;1;0.0;100.0;
2025.10.27 00:00:00.000 GMT+00:00;-9.997107;35;20NDK40CQ002§§XQ01;28313187;О2 СВ НАП ПОДП НАС;мг/нм³;1;0.0;100.0;
2025.10.27 00:00:00.000 GMT+00:00;12805.428;195;20PAB10CF001§§XQ01;28312904;F ЦИРК ВОДЫ ЛЕВ;т/ч;1;0.0;23000.1;
2025.10.27 00:00:00.000 GMT+00:00;0.27405015;195;20PAB10CP002§§XQ01;28312873;P КНД ЛИН СБР ЦВ;МПа;1;0.0;0.4;
2025.10.27 00:00:00.000 GMT+00:00;16.399994;195;20PAB10CT001§§XQ01;28312944;T ОХЛ В ВХ КНДР;°C;1;0.0;100.0;
2025.10.27 00:00:00.000 GMT+00:00;25.700012;195;20PAB10CT002§§XQ01;28312714;T ОХЛ В ВЫХ КНДР;°C;1;0.0;100.0;
2025.10.27 00:00:00.000 GMT+00:00;5846.8833;195;20PAB20CF001§§XQ01;28312678;F ЦИРК ВОДЫ ПРАВ;т/ч;1;0.0;23000.1;
2025.10.27 00:00:00.000 GMT+00:00;0.27059233;195;20PAB20CP002§§XQ01;28312676;P КНД ЛИН СБР ЦВ;МПа;1;0.0;0.4;
2025.10.27 00:00:00.000 GMT+00:00;16.599915;195;20PAB20CT001§§XQ01;28312840;T ОХЛ В ВХ КНДР;°C;1;0.0;100.0;
2025.10.27 00:00:00.000 GMT+00:00;27.399439;195;20PAB20CT002§§XQ01;28312694;T ОХЛ В ВЫХ КНДР;°C;1;0.0;100.0;
2025.10.27 00:00:00.000 GMT+00:00;0.26594666;195;20PCB10CP001§§XQ01;28312774;P ОХЛ В ПОДВ ТР ВХ НАС ВЗДО ГЕН;МПа;1;0.0;0.4;
2025.10.27 00:00:00.000 GMT+00:00;16.512953;195;20PCB10CT001§§XQ01;28312885;T ОХЛ В ПОДВ ТР ВХ НАС ВЗДО ГЕН;°C;1;-50.0;500.0;
2025.10.27 00:00:00.000 GMT+00:00;0.51184475;195;20PCB20CP001§§XQ01;28312384;dP Ф ОХЛ В ВХ МОХЛ ПТ;кПа;1;0.0;100.0;
2025.10.27 00:00:00.000 GMT+00:00;0.267373;195;20PCB41CP001§§XQ01;28312887;P ВСАС 20НГО-1;МПа;1;0.0;0.4;
2025.10.27 00:00:00.000 GMT+00:00;0.26625556;195;20PCB41CP002§§XQ01;28312697;P НАП 20НГО-1;МПа;1;0.0;0.6;
2025.10.27 00:00:00.000 GMT+00:00;0.2636179;195;20PCB42CP001§§XQ01;28312902;P ВСАС 20НГО-2;МПа;1;0.0;0.4;
2025.10.27 00:00:00.000 GMT+00:00;0.5462117;195;20PCB42CP002§§XQ01;28312725;P НАП 20НГО-2;МПа;1;0.0;0.6;
2025.10.27 00:00:00.000 GMT+00:00;1.0;227;20PCB83AA801§242797§OUT;28313272;Output Value;;1;0.0;100.0;
2025.10.27 00:00:00.000 GMT+00:00;1.7451291;195;20PCB83AA801§242804§OUT;28313329;Output Value;;1;0.0;100.0;
2025.10.27 00:00:00.000 GMT+00:00;16.5;195;20PCB83AA801§242807§OUT;28313345;Output Value;;1;0.0;100.0;
2025.10.27 00:00:00.000 GMT+00:00;4.2534723;195;20PCB83CG801§§XQ01;28313240;РК ЛИН СЛИВ КОЛ ГРД ОХЛ КНД;%;1;0.0;100.0;
2025.10.27 00:00:00.000 GMT+00:00;-0.01599537;35;20PCB83CP003§§XQ01;28313381;P КОЛ ГРД;МПа;1;0.0;0.16;
2025.10.27 00:00:00.000 GMT+00:00;29.400309;195;20PCB83CT001§§XQ01;28313306;Т ОХЛ В;°C;1;-50.0;200.0;
2025.10.27 00:00:00.000 GMT+00:00;6.807038;195;20PCB86AA801§241564§OUT;28312770;Output Value;;1;0.0;100.0;
2025.10.27 00:00:00.000 GMT+00:00;99.73958;195;20PCB86CG801§§XQ01;28312776;КЛ РЕГ L КНД ПСГ-1;%;1;0.0;100.0;
2025.10.27 00:00:00.000 GMT+00:00;0.13494436;195;20PCB86CP001§§XQ01;28312655;P ОХЛВ ВЫХ РК ОХЛ КНД;МПа;1;0.0;0.4;
2025.10.27 00:00:00.000 GMT+00:00;28.40001;195;20PCB86CT001§§XQ01;28312296;T ОХЛВ ВЫХ ОХЛ КНД;°C;1;-50.0;200.0;
2025.10.27 00:00:00.000 GMT+00:00;0.0;227;20PCC41AP001§3217121§MAINTAL;28314317;Maintenance Alarm Limit;;1;0.0;100.0;
2025.10.27 00:00:00.000 GMT+00:00;0.0;227;20PCC41AP001§3217121§MAINTINT;28314251;Maintenance Interval (hours);;1;0.0;100.0;
2025.10.27 00:00:00.000 GMT+00:00;0.0;227;20PCC41AP001§3217122§MAINTAL;28314614;Maintenance Alarm Limit;;1;0.0;100.0;
2025.10.27 00:00:00.000 GMT+00:00;0.0;227;20PCC41AP001§3217122§MAINTINT;28314710;Maintenance Interval (hours);;1;0.0;100.0;
2025.10.27 00:00:00.000 GMT+00:00;44925.34;195;20PCC41AP001§§XQ11;28314567;20НГО-1;;1;0.0;100.0;
2025.10.27 00:00:00.000 GMT+00:00;175.0;195;20PCC41AP001§§XQ12;28314566;20НГО-1;;1;0.0;100.0;
2025.10.27 00:00:00.000 GMT+00:00;44925.34;195;20PCC41AP001§§XQ13;28314565;20НГО-1;;1;0.0;100.0;
2025.10.27 00:00:00.000 GMT+00:00;175.0;195;20PCC41AP001§§XQ14;28314564;20НГО-1;;1;0.0;100.0;
2025.10.27 00:00:00.000 GMT+00:00;0.05787037;195;20PCC41CE002§§XQ01;28312748;I 20НГО-1;А;1;0.0;100.0;
2025.10.27 00:00:00.000 GMT+00:00;0.0;227;20PCC42AP001§3217121§MAINTAL;28314810;Maintenance Alarm Limit;;1;0.0;100.0;
2025.10.27 00:00:00.000 GMT+00:00;0.0;227;20PCC42AP001§3217121§MAINTINT;28314180;Maintenance Interval (hours);;1;0.0;100.0;
2025.10.27 00:00:00.000 GMT+00:00;0.0;227;20PCC42AP001§3217122§MAINTAL;28314550;Maintenance Alarm Limit;;1;0.0;100.0;
2025.10.27 00:00:00.000 GMT+00:00;0.0;227;20PCC42AP001§3217122§MAINTINT;28314398;Maintenance Interval (hours);;1;0.0;100.0;
2025.10.27 00:00:00.000 GMT+00:00;47690.45;195;20PCC42AP001§§XQ11;28314647;20НГО-2;;1;0.0;100.0;
2025.10.27 00:00:00.000 GMT+00:00;172.0;195;20PCC42AP001§§XQ12;28314645;20НГО-2;;1;0.0;100.0;
2025.10.27 00:00:00.000 GMT+00:00;47690.45;195;20PCC42AP001§§XQ13;28314646;20НГО-2;;1;0.0;100.0;
2025.10.27 00:00:00.000 GMT+00:00;172.0;195;20PCC42AP001§§XQ14;28314643;20НГО-2;;1;0.0;100.0;
2025.10.27 00:00:00.000 GMT+00:00;15.122742;195;20PCC42CE002§§XQ01;28312763;I 20НГО-2;А;1;0.0;100.0;
2025.10.27 00:00:00.000 GMT+00:00;2199.3984;3;20PGE10CL001§§XQ01;28313129;L Б ОХЛ ПРБ;мм;1;0.0;2000.0;
2025.10.27 00:00:00.000 GMT+00:00;-159.992;195;20PGE10DL001§244555§OUT;28313174;Output Value;;1;0.0;100.0;
2025.10.27 00:00:00.000 GMT+00:00;950.0;227;20PGE10DL001§ЗАДАТЧИК§OUT;28313141;Output Value;мм;1;800.0;1000.0;
2025.10.27 00:00:00.000 GMT+00:00;0.0;227;20PGE11AP001§3217121§MAINTAL;28314726;Maintenance Alarm Limit;;1;0.0;100.0;
2025.10.27 00:00:00.000 GMT+00:00;0.0;227;20PGE11AP001§3217121§MAINTINT;28314725;Maintenance Interval (hours);;1;0.0;100.0;
2025.10.27 00:00:00.000 GMT+00:00;0.0;227;20PGE11AP001§3217122§MAINTAL;28314747;Maintenance Alarm Limit;;1;0.0;100.0;
2025.10.27 00:00:00.000 GMT+00:00;0.0;227;20PGE11AP001§3217122§MAINTINT;28314822;Maintenance Interval (hours);;1;0.0;100.0;
2025.10.27 00:00:00.000 GMT+00:00;42827.01;227;20PGE11AP001§§XQ11;28314459;2НБПОП-1;;1;0.0;100.0;
2025.10.27 00:00:00.000 GMT+00:00;174.0;227;20PGE11AP001§§XQ12;28314454;2НБПОП-1;;1;0.0;100.0;
2025.10.27 00:00:00.000 GMT+00:00;42827.01;227;20PGE11AP001§§XQ13;28314453;2НБПОП-1;;1;0.0;100.0;
2025.10.27 00:00:00.000 GMT+00:00;174.0;227;20PGE11AP001§§XQ14;28314455;2НБПОП-1;;1;0.0;100.0;
2025.10.27 00:00:00.000 GMT+00:00;0.23715992;195;20PGE11CE002§§XQ01;28312703;I 2НБПОП-1;А;1;0.0;50.0;
2025.10.27 00:00:00.000 GMT+00:00;-2.8583198E-4;195;20PGE11CP001§§XQ01;28313388;P НАП НАС КОНТ ОХЛ 1;МПа;1;0.0;1.0;
2025.10.27 00:00:00.000 GMT+00:00;0.0;227;20PGE12AP001§3217121§MAINTAL;28314811;Maintenance Alarm Limit;;1;0.0;100.0;
2025.10.27 00:00:00.000 GMT+00:00;0.0;227;20PGE12AP001§3217121§MAINTINT;28314443;Maintenance Interval (hours);;1;0.0;100.0;
2025.10.27 00:00:00.000 GMT+00:00;0.0;227;20PGE12AP001§3217122§MAINTAL;28314520;Maintenance Alarm Limit;;1;0.0;100.0;
2025.10.27 00:00:00.000 GMT+00:00;0.0;227;20PGE12AP001§3217122§MAINTINT;28314671;Maintenance Interval (hours);;1;0.0;100.0;
2025.10.27 00:00:00.000 GMT+00:00;34530.01;227;20PGE12AP001§§XQ11;28314582;2НБПОП-2;;1;0.0;100.0;
2025.10.27 00:00:00.000 GMT+00:00;148.0;227;20PGE12AP001§§XQ12;28314579;2НБПОП-2;;1;0.0;100.0;
2025.10.27 00:00:00.000 GMT+00:00;34530.01;227;20PGE12AP001§§XQ13;28314586;2НБПОП-2;;1;0.0;100.0;
2025.10.27 00:00:00.000 GMT+00:00;148.0;227;20PGE12AP001§§XQ14;28314584;2НБПОП-2;;1;0.0;100.0;
2025.10.27 00:00:00.000 GMT+00:00;0.20310608;195;20PGE12CE002§§XQ01;28312886;I 2НБПОП-2;А;1;0.0;50.0;
2025.10.27 00:00:00.000 GMT+00:00;-0.004340278;195;20PGE12CP001§§XQ01;28313213;P НАП НАС КОНТ ОХЛ 2;МПа;1;0.0;1.0;
2025.10.27 00:00:00.000 GMT+00:00;-270.0;35;20PGE21CT001§§XQ01;28313180;Т В  ОХЛ 1;°C;1;-50.0;200.0;
2025.10.27 00:00:00.000 GMT+00:00;-270.0;35;20PGE22CT001§§XQ01;28313337;Т В  ОХЛ 2;°C;1;-50.0;200.0;
2025.10.27 00:00:00.000 GMT+00:00;5.1975905E-25;195;20PGE30CF001§§XQ01;28313197;F КНД ОХЛ ПРБ;т/ч;1;0.0;40.0;
2025.10.27 00:00:00.000 GMT+00:00;0.019444445;195;20PGE30CP001§§XQ01;28313221;P КНД ОХЛ ПРБ;МПа;1;0.0;1.6;
2025.10.27 00:00:00.000 GMT+00:00;28.399994;195;20PGE30CT001§§XQ01;28313225;Т  КОНТ ОХЛ;°C;1;-50.0;200.0;
2025.10.27 00:00:00.000 GMT+00:00;30.0;227;20PGE30DT001§242817§OUT;28313155;Output Value;°C;1;30.0;35.0;
2025.10.27 00:00:00.000 GMT+00:00;-0.63955003;195;20PGE30DT001§244811§OUT;28313132;Output Value;;1;0.0;100.0;
2025.10.27 00:00:00.000 GMT+00:00;0.0;227;20QCA11AP001§3217121§MAINTAL;28314209;Maintenance Alarm Limit;;1;0.0;100.0;
2025.10.27 00:00:00.000 GMT+00:00;0.0;227;20QCA11AP001§3217121§MAINTINT;28314208;Maintenance Interval (hours);;1;0.0;100.0;
2025.10.27 00:00:00.000 GMT+00:00;0.0;227;20QCA11AP001§3217122§MAINTAL;28314878;Maintenance Alarm Limit;;1;0.0;100.0;
2025.10.27 00:00:00.000 GMT+00:00;0.0;227;20QCA11AP001§3217122§MAINTINT;28314322;Maintenance Interval (hours);;1;0.0;100.0;
2025.10.27 00:00:00.000 GMT+00:00;7796.4;195;20QCA11AP001§§XQ11;28314197;РДНГ-1;;1;0.0;100.0;
2025.10.27 00:00:00.000 GMT+00:00;248.0;195;20QCA11AP001§§XQ12;28314196;РДНГ-1;;1;0.0;100.0;
2025.10.27 00:00:00.000 GMT+00:00;7796.4;195;20QCA11AP001§§XQ13;28314199;РДНГ-1;;1;0.0;100.0;
2025.10.27 00:00:00.000 GMT+00:00;248.0;195;20QCA11AP001§§XQ14;28314198;РДНГ-1;;1;0.0;100.0;
2025.10.27 00:00:00.000 GMT+00:00;0.0;227;20QCA12AP001§3217121§MAINTAL;28314442;Maintenance Alarm Limit;;1;0.0;100.0;
2025.10.27 00:00:00.000 GMT+00:00;0.0;227;20QCA12AP001§3217121§MAINTINT;28314612;Maintenance Interval (hours);;1;0.0;100.0;
2025.10.27 00:00:00.000 GMT+00:00;0.0;227;20QCA12AP001§3217122§MAINTAL;28314383;Maintenance Alarm Limit;;1;0.0;100.0;
2025.10.27 00:00:00.000 GMT+00:00;0.0;227;20QCA12AP001§3217122§MAINTINT;28314545;Maintenance Interval (hours);;1;0.0;100.0;
2025.10.27 00:00:00.000 GMT+00:00;78816.5;195;20QCA12AP001§§XQ11;28314697;РДНГ-2;;1;0.0;100.0;
2025.10.27 00:00:00.000 GMT+00:00;592.0;195;20QCA12AP001§§XQ12;28314698;РДНГ-2;;1;0.0;100.0;
2025.10.27 00:00:00.000 GMT+00:00;78816.5;195;20QCA12AP001§§XQ13;28314699;РДНГ-2;;1;0.0;100.0;
2025.10.27 00:00:00.000 GMT+00:00;592.0;195;20QCA12AP001§§XQ14;28314700;РДНГ-2;;1;0.0;100.0;
2025.10.27 00:00:00.000 GMT+00:00;0.0;227;20QCA13AP001§3217121§MAINTAL;28314644;Maintenance Alarm Limit;;1;0.0;100.0;
2025.10.27 00:00:00.000 GMT+00:00;0.0;227;20QCA13AP001§3217121§MAINTINT;28314181;Maintenance Interval (hours);;1;0.0;100.0;
2025.10.27 00:00:00.000 GMT+00:00;0.0;227;20QCA13AP001§3217122§MAINTAL;28314177;Maintenance Alarm Limit;;1;0.0;100.0;
2025.10.27 00:00:00.000 GMT+00:00;0.0;227;20QCA13AP001§3217122§MAINTINT;28314870;Maintenance Interval (hours);;1;0.0;100.0;
2025.10.27 00:00:00.000 GMT+00:00;9112.01;195;20QCA13AP001§§XQ11;28314621;РДНГ-3;;1;0.0;100.0;
2025.10.27 00:00:00.000 GMT+00:00;193.0;195;20QCA13AP001§§XQ12;28314620;РДНГ-3;;1;0.0;100.0;
2025.10.27 00:00:00.000 GMT+00:00;9112.01;195;20QCA13AP001§§XQ13;28314625;РДНГ-3;;1;0.0;100.0;
2025.10.27 00:00:00.000 GMT+00:00;193.0;195;20QCA13AP001§§XQ14;28314624;РДНГ-3;;1;0.0;100.0;
2025.10.27 00:00:00.000 GMT+00:00;0.0;227;20QCA14AP001§3217121§MAINTAL;28314770;Maintenance Alarm Limit;;1;0.0;100.0;
2025.10.27 00:00:00.000 GMT+00:00;0.0;227;20QCA14AP001§3217121§MAINTINT;28314847;Maintenance Interval (hours);;1;0.0;100.0;
2025.10.27 00:00:00.000 GMT+00:00;0.0;227;20QCA14AP001§3217122§MAINTAL;28314135;Maintenance Alarm Limit;;1;0.0;100.0;
2025.10.27 00:00:00.000 GMT+00:00;0.0;227;20QCA14AP001§3217122§MAINTINT;28314434;Maintenance Interval (hours);;1;0.0;100.0;
2025.10.27 00:00:00.000 GMT+00:00;6711.56;195;20QCA14AP001§§XQ11;28314064;РДНГ-4;;1;0.0;100.0;
2025.10.27 00:00:00.000 GMT+00:00;119.0;195;20QCA14AP001§§XQ12;28314070;РДНГ-4;;1;0.0;100.0;
2025.10.27 00:00:00.000 GMT+00:00;6711.56;195;20QCA14AP001§§XQ13;28314071;РДНГ-4;;1;0.0;100.0;
2025.10.27 00:00:00.000 GMT+00:00;119.0;195;20QCA14AP001§§XQ14;28314069;РДНГ-4;;1;0.0;100.0;
2025.10.27 00:00:00.000 GMT+00:00;0.0;227;20QCA15AP001§3217121§MAINTAL;28314535;Maintenance Alarm Limit;;1;0.0;100.0;
2025.10.27 00:00:00.000 GMT+00:00;0.0;227;20QCA15AP001§3217121§MAINTINT;28314796;Maintenance Interval (hours);;1;0.0;100.0;
2025.10.27 00:00:00.000 GMT+00:00;0.0;227;20QCA15AP001§3217122§MAINTAL;28314286;Maintenance Alarm Limit;;1;0.0;100.0;
2025.10.27 00:00:00.000 GMT+00:00;0.0;227;20QCA15AP001§3217122§MAINTINT;28314320;Maintenance Interval (hours);;1;0.0;100.0;
2025.10.27 00:00:00.000 GMT+00:00;62.0;227;20QCA15AP001§§XQ11;28314446;РДНГ-5;;1;0.0;100.0;
2025.10.27 00:00:00.000 GMT+00:00;55.0;227;20QCA15AP001§§XQ12;28314444;РДНГ-5;;1;0.0;100.0;
2025.10.27 00:00:00.000 GMT+00:00;62.0;227;20QCA15AP001§§XQ13;28314441;РДНГ-5;;1;0.0;100.0;
2025.10.27 00:00:00.000 GMT+00:00;55.0;227;20QCA15AP001§§XQ14;28314440;РДНГ-5;;1;0.0;100.0;
2025.10.27 00:00:00.000 GMT+00:00;0.0;227;20QCA16AP001§3217121§MAINTAL;28314044;Maintenance Alarm Limit;;1;0.0;100.0;
2025.10.27 00:00:00.000 GMT+00:00;0.0;227;20QCA16AP001§3217121§MAINTINT;28314571;Maintenance Interval (hours);;1;0.0;100.0;
2025.10.27 00:00:00.000 GMT+00:00;0.0;227;20QCA16AP001§3217122§MAINTAL;28314042;Maintenance Alarm Limit;;1;0.0;100.0;
2025.10.27 00:00:00.000 GMT+00:00;0.0;227;20QCA16AP001§3217122§MAINTINT;28314829;Maintenance Interval (hours);;1;0.0;100.0;
2025.10.27 00:00:00.000 GMT+00:00;7501.0;227;20QCA16AP001§§XQ11;28314799;РДНГ-6;;1;0.0;100.0;
2025.10.27 00:00:00.000 GMT+00:00;126.0;227;20QCA16AP001§§XQ12;28314801;РДНГ-6;;1;0.0;100.0;
2025.10.27 00:00:00.000 GMT+00:00;7501.0;227;20QCA16AP001§§XQ13;28314804;РДНГ-6;;1;0.0;100.0;
2025.10.27 00:00:00.000 GMT+00:00;126.0;227;20QCA16AP001§§XQ14;28314787;РДНГ-6;;1;0.0;100.0;
2025.10.27 00:00:00.000 GMT+00:00;1126.2263;195;20QCD10CL001§§XQ01;28313251;L Б АМ;мм;1;0.0;1950.0;
2025.10.27 00:00:00.000 GMT+00:00;0.3125;195;20QCD11AA801§234106§OUT;28313253;Output Value;мкСм/см;1;0.0;15.0;
2025.10.27 00:00:00.000 GMT+00:00;0.0;227;20QCD11AP001§3217121§MAINTAL;28314388;Maintenance Alarm Limit;;1;0.0;100.0;
2025.10.27 00:00:00.000 GMT+00:00;0.0;227;20QCD11AP001§3217121§MAINTINT;28314468;Maintenance Interval (hours);;1;0.0;100.0;
2025.10.27 00:00:00.000 GMT+00:00;0.0;227;20QCD11AP001§3217122§MAINTAL;28314362;Maintenance Alarm Limit;;1;0.0;100.0;
2025.10.27 00:00:00.000 GMT+00:00;0.0;227;20QCD11AP001§3217122§MAINTINT;28314399;Maintenance Interval (hours);;1;0.0;100.0;
2025.10.27 00:00:00.000 GMT+00:00;20919.0;227;20QCD11AP001§§XQ11;28314665;РДНА-1;;1;0.0;100.0;
2025.10.27 00:00:00.000 GMT+00:00;1226.0;227;20QCD11AP001§§XQ12;28314661;РДНА-1;;1;0.0;100.0;
2025.10.27 00:00:00.000 GMT+00:00;20919.0;227;20QCD11AP001§§XQ13;28314662;РДНА-1;;1;0.0;100.0;
2025.10.27 00:00:00.000 GMT+00:00;1226.0;227;20QCD11AP001§§XQ14;28314660;РДНА-1;;1;0.0;100.0;
2025.10.27 00:00:00.000 GMT+00:00;0.3125;195;20QCD12AA801§238796§OUT;28313373;Output Value;мкСм/СМ;1;0.0;100.0;
2025.10.27 00:00:00.000 GMT+00:00;30.0;227;20QCD12AA801§§OUT;28313358;PUMP NH3 2  SPEED;%;1;0.0;100.0;
2025.10.27 00:00:00.000 GMT+00:00;0.0;227;20QCD12AP001§3217121§MAINTAL;28314826;Maintenance Alarm Limit;;1;0.0;100.0;
2025.10.27 00:00:00.000 GMT+00:00;0.0;227;20QCD12AP001§3217121§MAINTINT;28314544;Maintenance Interval (hours);;1;0.0;100.0;
2025.10.27 00:00:00.000 GMT+00:00;0.0;227;20QCD12AP001§3217122§MAINTAL;28314613;Maintenance Alarm Limit;;1;0.0;100.0;
2025.10.27 00:00:00.000 GMT+00:00;0.0;227;20QCD12AP001§3217122§MAINTINT;28314694;Maintenance Interval (hours);;1;0.0;100.0;
2025.10.27 00:00:00.000 GMT+00:00;15260.64;195;20QCD12AP001§§XQ11;28314410;РДНА-2;;1;0.0;100.0;
2025.10.27 00:00:00.000 GMT+00:00;799.0;195;20QCD12AP001§§XQ12;28314411;РДНА-2;;1;0.0;100.0;
2025.10.27 00:00:00.000 GMT+00:00;15260.64;195;20QCD12AP001§§XQ13;28314406;РДНА-2;;1;0.0;100.0;
2025.10.27 00:00:00.000 GMT+00:00;799.0;195;20QCD12AP001§§XQ14;28314408;РДНА-2;;1;0.0;100.0;
2025.10.27 00:00:00.000 GMT+00:00;0.0;227;20QCD13AP001§3217121§MAINTAL;28314316;Maintenance Alarm Limit;;1;0.0;100.0;
2025.10.27 00:00:00.000 GMT+00:00;0.0;227;20QCD13AP001§3217121§MAINTINT;28314116;Maintenance Interval (hours);;1;0.0;100.0;
2025.10.27 00:00:00.000 GMT+00:00;0.0;227;20QCD13AP001§3217122§MAINTAL;28314601;Maintenance Alarm Limit;;1;0.0;100.0;
2025.10.27 00:00:00.000 GMT+00:00;0.0;227;20QCD13AP001§3217122§MAINTINT;28314598;Maintenance Interval (hours);;1;0.0;100.0;
2025.10.27 00:00:00.000 GMT+00:00;60109.12;195;20QCD13AP001§§XQ11;28314812;РДНА-3;;1;0.0;100.0;
2025.10.27 00:00:00.000 GMT+00:00;3014.0;195;20QCD13AP001§§XQ12;28314815;РДНА-3;;1;0.0;100.0;
2025.10.27 00:00:00.000 GMT+00:00;60109.12;195;20QCD13AP001§§XQ13;28314814;РДНА-3;;1;0.0;100.0;
2025.10.27 00:00:00.000 GMT+00:00;3014.0;195;20QCD13AP001§§XQ14;28314806;РДНА-3;;1;0.0;100.0;
2025.10.27 00:00:00.000 GMT+00:00;7.5;227;20QCD14AA801§239826§OUT;28313298;Controller Output Value;pH;1;7.5;10.5;
2025.10.27 00:00:00.000 GMT+00:00;7.2000866;227;20QCD14AA801§239839§OUT;28313363;Output Value;pH;1;7.0;10.0;
2025.10.27 00:00:00.000 GMT+00:00;30.0;227;20QCD14AA801§§OUT;28313304;PUMP NH3 4  SPEED КУ-21-22 рез;%;1;0.0;100.0;
2025.10.27 00:00:00.000 GMT+00:00;0.0;227;20QCD14AP001§3217121§MAINTAL;28314206;Maintenance Alarm Limit;;1;0.0;100.0;
2025.10.27 00:00:00.000 GMT+00:00;0.0;227;20QCD14AP001§3217121§MAINTINT;28314559;Maintenance Interval (hours);;1;0.0;100.0;
2025.10.27 00:00:00.000 GMT+00:00;0.0;227;20QCD14AP001§3217122§MAINTAL;28314227;Maintenance Alarm Limit;;1;0.0;100.0;
2025.10.27 00:00:00.000 GMT+00:00;0.0;227;20QCD14AP001§3217122§MAINTINT;28314249;Maintenance Interval (hours);;1;0.0;100.0;
2025.10.27 00:00:00.000 GMT+00:00;25071.0;227;20QCD14AP001§§XQ11;28314461;РДНА-4;;1;0.0;100.0;
2025.10.27 00:00:00.000 GMT+00:00;1684.0;227;20QCD14AP001§§XQ12;28314460;РДНА-4;;1;0.0;100.0;
2025.10.27 00:00:00.000 GMT+00:00;25071.0;227;20QCD14AP001§§XQ13;28314457;РДНА-4;;1;0.0;100.0;
2025.10.27 00:00:00.000 GMT+00:00;1684.0;227;20QCD14AP001§§XQ14;28314456;РДНА-4;;1;0.0;100.0;
2025.10.27 00:00:00.000 GMT+00:00;0.0;227;20QCD15AP001§3217121§MAINTAL;28314859;Maintenance Alarm Limit;;1;0.0;100.0;
2025.10.27 00:00:00.000 GMT+00:00;0.0;227;20QCD15AP001§3217121§MAINTINT;28314478;Maintenance Interval (hours);;1;0.0;100.0;
2025.10.27 00:00:00.000 GMT+00:00;0.0;227;20QCD15AP001§3217122§MAINTAL;28314696;Maintenance Alarm Limit;;1;0.0;100.0;
2025.10.27 00:00:00.000 GMT+00:00;0.0;227;20QCD15AP001§3217122§MAINTINT;28314817;Maintenance Interval (hours);;1;0.0;100.0;
2025.10.27 00:00:00.000 GMT+00:00;50222.9;195;20QCD15AP001§§XQ11;28314516;РДНА-5;;1;0.0;100.0;
2025.10.27 00:00:00.000 GMT+00:00;2289.0;195;20QCD15AP001§§XQ12;28314517;РДНА-5;;1;0.0;100.0;
2025.10.27 00:00:00.000 GMT+00:00;50222.9;195;20QCD15AP001§§XQ13;28314518;РДНА-5;;1;0.0;100.0;
2025.10.27 00:00:00.000 GMT+00:00;2289.0;195;20QCD15AP001§§XQ14;28314519;РДНА-5;;1;0.0;100.0;
2025.10.27 00:00:00.000 GMT+00:00;0.0;227;20QCD16AP001§3217121§MAINTAL;28314511;Maintenance Alarm Limit;;1;0.0;100.0;
2025.10.27 00:00:00.000 GMT+00:00;0.0;227;20QCD16AP001§3217121§MAINTINT;28314276;Maintenance Interval (hours);;1;0.0;100.0;
2025.10.27 00:00:00.000 GMT+00:00;0.0;227;20QCD16AP001§3217122§MAINTAL;28314723;Maintenance Alarm Limit;;1;0.0;100.0;
2025.10.27 00:00:00.000 GMT+00:00;0.0;227;20QCD16AP001§3217122§MAINTINT;28314508;Maintenance Interval (hours);;1;0.0;100.0;
2025.10.27 00:00:00.000 GMT+00:00;12159.0;227;20QCD16AP001§§XQ11;28314107;РДНА-6;;1;0.0;100.0;
2025.10.27 00:00:00.000 GMT+00:00;76.0;227;20QCD16AP001§§XQ12;28314108;РДНА-6;;1;0.0;100.0;
2025.10.27 00:00:00.000 GMT+00:00;12158.0;227;20QCD16AP001§§XQ13;28314109;РДНА-6;;1;0.0;100.0;
2025.10.27 00:00:00.000 GMT+00:00;76.0;227;20QCD16AP001§§XQ14;28314112;РДНА-6;;1;0.0;100.0;
2025.10.27 00:00:00.000 GMT+00:00;0.0;227;20QCD17AP001§3217121§MAINTAL;28314430;Maintenance Alarm Limit;;1;0.0;100.0;
2025.10.27 00:00:00.000 GMT+00:00;0.0;227;20QCD17AP001§3217121§MAINTINT;28314087;Maintenance Interval (hours);;1;0.0;100.0;
2025.10.27 00:00:00.000 GMT+00:00;0.0;227;20QCD17AP001§3217122§MAINTAL;28314467;Maintenance Alarm Limit;;1;0.0;100.0;
2025.10.27 00:00:00.000 GMT+00:00;0.0;227;20QCD17AP001§3217122§MAINTINT;28314549;Maintenance Interval (hours);;1;0.0;100.0;
2025.10.27 00:00:00.000 GMT+00:00;754.0;227;20QCD17AP001§§XQ11;28314633;РДНА-7;;1;0.0;100.0;
2025.10.27 00:00:00.000 GMT+00:00;82.0;227;20QCD17AP001§§XQ12;28314632;РДНА-7;;1;0.0;100.0;
2025.10.27 00:00:00.000 GMT+00:00;754.0;227;20QCD17AP001§§XQ13;28314630;РДНА-7;;1;0.0;100.0;
2025.10.27 00:00:00.000 GMT+00:00;82.0;227;20QCD17AP001§§XQ14;28314635;РДНА-7;;1;0.0;100.0;
2025.10.27 00:00:00.000 GMT+00:00;0.0;227;20QCD18AP001§3217121§MAINTAL;28314488;Maintenance Alarm Limit;;1;0.0;100.0;
2025.10.27 00:00:00.000 GMT+00:00;0.0;227;20QCD18AP001§3217121§MAINTINT;28314368;Maintenance Interval (hours);;1;0.0;100.0;
2025.10.27 00:00:00.000 GMT+00:00;0.0;227;20QCD18AP001§3217122§MAINTAL;28314718;Maintenance Alarm Limit;;1;0.0;100.0;
2025.10.27 00:00:00.000 GMT+00:00;0.0;227;20QCD18AP001§3217122§MAINTINT;28314611;Maintenance Interval (hours);;1;0.0;100.0;
2025.10.27 00:00:00.000 GMT+00:00;36950.84;195;20QCD18AP001§§XQ11;28314153;РДНА-8;;1;0.0;100.0;
2025.10.27 00:00:00.000 GMT+00:00;79.0;227;20QCD18AP001§§XQ12;28314151;РДНА-8;;1;0.0;100.0;
2025.10.27 00:00:00.000 GMT+00:00;36950.84;195;20QCD18AP001§§XQ13;28314150;РДНА-8;;1;0.0;100.0;
2025.10.27 00:00:00.000 GMT+00:00;79.0;227;20QCD18AP001§§XQ14;28314149;РДНА-8;;1;0.0;100.0;
2025.10.27 00:00:00.000 GMT+00:00;815.5304;195;20QCH10CL001§§XQ01;28313288;L Б ЩЛЧ;мм;1;0.0;1950.0;
2025.10.27 00:00:00.000 GMT+00:00;0.0;227;20QCH11AP001§3217121§MAINTAL;28314602;Maintenance Alarm Limit;;1;0.0;100.0;
2025.10.27 00:00:00.000 GMT+00:00;0.0;227;20QCH11AP001§3217121§MAINTINT;28314291;Maintenance Interval (hours);;1;0.0;100.0;
2025.10.27 00:00:00.000 GMT+00:00;0.0;227;20QCH11AP001§3217122§MAINTAL;28314824;Maintenance Alarm Limit;;1;0.0;100.0;
2025.10.27 00:00:00.000 GMT+00:00;0.0;227;20QCH11AP001§3217122§MAINTINT;28314713;Maintenance Interval (hours);;1;0.0;100.0;
2025.10.27 00:00:00.000 GMT+00:00;24470.72;195;20QCH11AP001§§XQ11;28314141;РДНЩ-1;;1;0.0;100.0;
2025.10.27 00:00:00.000 GMT+00:00;4245.0;195;20QCH11AP001§§XQ12;28314143;РДНЩ-1;;1;0.0;100.0;
2025.10.27 00:00:00.000 GMT+00:00;24470.72;195;20QCH11AP001§§XQ13;28314142;РДНЩ-1;;1;0.0;100.0;
2025.10.27 00:00:00.000 GMT+00:00;4245.0;195;20QCH11AP001§§XQ14;28314144;РДНЩ-1;;1;0.0;100.0;
2025.10.27 00:00:00.000 GMT+00:00;0.0;227;20QCH12AP001§3217121§MAINTAL;28314476;Maintenance Alarm Limit;;1;0.0;100.0;
2025.10.27 00:00:00.000 GMT+00:00;0.0;227;20QCH12AP001§3217121§MAINTINT;28314574;Maintenance Interval (hours);;1;0.0;100.0;
2025.10.27 00:00:00.000 GMT+00:00;0.0;227;20QCH12AP001§3217122§MAINTAL;28314378;Maintenance Alarm Limit;;1;0.0;100.0;
2025.10.27 00:00:00.000 GMT+00:00;0.0;227;20QCH12AP001§3217122§MAINTINT;28314670;Maintenance Interval (hours);;1;0.0;100.0;
2025.10.27 00:00:00.000 GMT+00:00;11693.0;227;20QCH12AP001§§XQ11;28314583;РДНЩ-2;;1;0.0;100.0;
2025.10.27 00:00:00.000 GMT+00:00;1693.0;227;20QCH12AP001§§XQ12;28314585;РДНЩ-2;;1;0.0;100.0;
2025.10.27 00:00:00.000 GMT+00:00;11693.0;227;20QCH12AP001§§XQ13;28314578;РДНЩ-2;;1;0.0;100.0;
2025.10.27 00:00:00.000 GMT+00:00;1693.0;227;20QCH12AP001§§XQ14;28314580;РДНЩ-2;;1;0.0;100.0;
2025.10.27 00:00:00.000 GMT+00:00;0.0;227;20QCH13AP001§3217121§MAINTAL;28314082;Maintenance Alarm Limit;;1;0.0;100.0;
2025.10.27 00:00:00.000 GMT+00:00;0.0;227;20QCH13AP001§3217121§MAINTINT;28314355;Maintenance Interval (hours);;1;0.0;100.0;
2025.10.27 00:00:00.000 GMT+00:00;0.0;227;20QCH13AP001§3217122§MAINTAL;28314323;Maintenance Alarm Limit;;1;0.0;100.0;
2025.10.27 00:00:00.000 GMT+00:00;0.0;227;20QCH13AP001§3217122§MAINTINT;28314513;Maintenance Interval (hours);;1;0.0;100.0;
2025.10.27 00:00:00.000 GMT+00:00;28779.09;195;20QCH13AP001§§XQ11;28314268;РДНЩ-3;;1;0.0;100.0;
2025.10.27 00:00:00.000 GMT+00:00;3022.0;195;20QCH13AP001§§XQ12;28314269;РДНЩ-3;;1;0.0;100.0;
2025.10.27 00:00:00.000 GMT+00:00;28779.09;195;20QCH13AP001§§XQ13;28314270;РДНЩ-3;;1;0.0;100.0;
2025.10.27 00:00:00.000 GMT+00:00;3022.0;195;20QCH13AP001§§XQ14;28314271;РДНЩ-3;;1;0.0;100.0;
2025.10.27 00:00:00.000 GMT+00:00;830.55554;195;20QCN10CL001§§XQ01;28313290;L Б ГДР;мм;1;0.0;1950.0;
2025.10.27 00:00:00.000 GMT+00:00;15272.384;195;21BAT01CE041§§XQ01;28313072;U НН БЛОЧН ТРФ 21BAT01 AB;В;1;0.0;19700.0;
2025.10.27 00:00:00.000 GMT+00:00;15348.476;195;21BAT01CE051§§XQ01;28313087;U НН БЛОЧН ТРФ 21BAT01 BC;В;1;0.0;19700.0;
2025.10.27 00:00:00.000 GMT+00:00;15235.252;195;21BAT01CE061§§XQ01;28313092;U НН БЛОЧН ТРФ 21BAT01 CA;В;1;0.0;19700.0;
2025.10.27 00:00:00.000 GMT+00:00;6329.359;195;21BBA01CE001§§XQ01;28313079;U СЕКЦ 21BBA;В;1;0.0;7500.0;
2025.10.27 00:00:00.000 GMT+00:00;368.17413;195;21BBA01CE002§§XQ01;28313056;I СЕКЦ 21BBA;А;1;0.0;1500.0;
2025.10.27 00:00:00.000 GMT+00:00;0.0;27;21BBA09CE002§§XQ01;28313907;I ТПУ ГТУ 21;;1;0.0;100.0;
2025.10.27 00:00:00.000 GMT+00:00;0.0;27;21BBB02CE002§§XQ01;28313918;I ТПУ ГТУ 21;;1;0.0;100.0;
2025.10.27 00:00:00.000 GMT+00:00;153.14821;195;21BBT01CE012§§XQ01;28313053;I ТРФ 21BBT ФАЗА A;А;1;0.0;1000.0;
2025.10.27 00:00:00.000 GMT+00:00;155.83092;195;21BBT01CE022§§XQ01;28313035;I ТРФ 21BBT ФАЗА B;А;1;0.0;1000.0;
2025.10.27 00:00:00.000 GMT+00:00;153.17857;195;21BBT01CE032§§XQ01;28313095;I ТРФ 21BBT ФАЗА C;А;1;0.0;1000.0;
2025.10.27 00:00:00.000 GMT+00:00;498.6111;195;21BBT01CE071§§XQ01;28313051;3Uо ТРФ 21BAT01;В;1;0.0;43080.0;
2025.10.27 00:00:00.000 GMT+00:00;398.87213;195;21BFA01CE001§§XQ01;28313054;U СЕКЦ 21BFA;В;1;0.0;500.0;
2025.10.27 00:00:00.000 GMT+00:00;1191.7563;195;21BFA01CE002§§XQ01;28313096;I РАБ ВВ СЕКЦ 21BFA;А;1;0.0;1500.0;
2025.10.27 00:00:00.000 GMT+00:00;55.58382;195;21BFA01CE101§§XQ01;28313003;U СЕКЦ 21BMA;В;1;0.0;500.0;
2025.10.27 00:00:00.000 GMT+00:00;113.10025;195;21BFC01CE002§§XQ01;28312990;I РАБ ВВ 21BFC;А;1;0.0;600.0;
2025.10.27 00:00:00.000 GMT+00:00;398.4398;195;21BMA01CE001§§XQ01;28313010;U РЕЗ ЛИН СЕКЦ 21BMA;В;1;0.0;500.0;
2025.10.27 00:00:00.000 GMT+00:00;11.2750845;195;21BMA01CE002§§XQ01;28312975;I РЕЗ ВВ СЕКЦ 21BMA;А;1;0.0;1500.0;
2025.10.27 00:00:00.000 GMT+00:00;0.0;195;21CJA00DE100§§XQ01;28312354;UNIT SETP TO GT (АОПО);;1;0.0;100.0;
2025.10.27 00:00:00.000 GMT+00:00;2.2673612;195;21EKG71CP001§§XQ01;28311868;P Г БА Н1;МПа;1;0.0;4.0;
2025.10.27 00:00:00.000 GMT+00:00;15.700012;195;21EKG71CT001§§XQ01;28311630;T Г БА Н1;°C;1;-30.0;70.0;
2025.10.27 00:00:00.000 GMT+00:00;99.18543;195;21EKX00CP001§§XQ01;28311605;P АТМ ВЗД;кПа;1;0.0;160.0;
2025.10.27 00:00:00.000 GMT+00:00;7.699868;195;21EKX00CT001§§XQ01;28311816;T АТМ ВЗД;°C;1;-30.0;80.0;
2025.10.27 00:00:00.000 GMT+00:00;25.408762;195;21EKX00CT002§§XQ01;28311673;T ВЗД ГК КУ21;°C;1;-30.0;80.0;
2025.10.27 00:00:00.000 GMT+00:00;0.04650789;195;21GCK20CF001_C§T_H§XQ01;28315109;F ВПК НА ВВТО КУ-21 РАСЧ;;1;0.0;200.0;
2025.10.27 00:00:00.000 GMT+00:00;0.0;227;21GCK20CF001§§XQ01;28311873;F ВПК НА ВВТО КУ-21;т/ч;1;0.0;150.0;
2025.10.27 00:00:00.000 GMT+00:00;1.7939814;195;21GCK20CG801§§XQ01;28311810;РК ВПК ЗА ВВТО КУ-21;%;1;0.0;100.0;
2025.10.27 00:00:00.000 GMT+00:00;-0.0027777778;195;21GCK20CP001§§XQ01;28311575;P ВПК НА ВВТО КУ-21;МПа;1;0.0;1.6;
2025.10.27 00:00:00.000 GMT+00:00;33.200012;195;21GCK20CT001§§XQ01;28311748;T ВПК НА ВВТО КУ-21;°C;1;-50.0;200.0;
2025.10.27 00:00:00.000 GMT+00:00;34.904804;195;21GCK20CT002§§XQ01;28311588;Т ВПК ЗА ВВТО КУ-21;°C;1;-50.0;200.0;
2025.10.27 00:00:00.000 GMT+00:00;0.0;227;21GCK20DF001§240808§OUT;28311634;Output Value;т/ч;1;0.0;150.0;
2025.10.27 00:00:00.000 GMT+00:00;0.8680555;195;21HAC20CG801§§XQ01;28311867;РПК ВД КУ-21;%;1;0.0;100.0;
2025.10.27 00:00:00.000 GMT+00:00;0.19444445;195;21HAC20CP001§§XQ01;28311733;Р ПВ ЗА ЭВД КУ-21;МПа;1;0.0;16.0;
2025.10.27 00:00:00.000 GMT+00:00;136.6;195;21HAC20CT001§§XQ01;28311647;Т ПВ ЗА ЭВД КУ-21;°C;1;-40.0;800.0;
2025.10.27 00:00:00.000 GMT+00:00;1.6925926;195;21HAC20DP010§50842§OUT;28311824;Difference;;1;0.0;100.0;
2025.10.27 00:00:00.000 GMT+00:00;0.0;195;21HAC20DP010§§ER10;28311556;РЕГУЛЯТОР ГМФ;%;1;-100.0;100.0;
2025.10.27 00:00:00.000 GMT+00:00;0.0;227;21HAC20DP010§§ER20;28311582;РЕГУЛЯТОР ГМФ;%;1;-100.0;100.0;
2025.10.27 00:00:00.000 GMT+00:00;1.6;227;21HAC20DP010§§XQ02;28311814;РЕГУЛЯТОР ГМФ;;1;0.0;100.0;
2025.10.27 00:00:00.000 GMT+00:00;55.0;195;21HAC20YQ031§§OUT;28313384;Controller Output Value;%;1;0.0;100.0;
2025.10.27 00:00:00.000 GMT+00:00;55.0;195;21HAC20YQ031§§XQ01;28313267;рН НАП ЦЭН НД КУ-21 1;;1;0.0;100.0;
2025.10.27 00:00:00.000 GMT+00:00;63.32413;227;21HAC20YQ032§243905§OUT;28313394;Output Value;;1;0.0;100.0;
2025.10.27 00:00:00.000 GMT+00:00;0.0;227;21HAC20YQ032§§OUT;28313220;Controller Output Value;%;1;0.0;100.0;
2025.10.27 00:00:00.000 GMT+00:00;0.0;227;21HAC20YQ032§§XQ01;28313326;рН НАП ЦЭН НД КУ-21 1;;1;0.0;100.0;
2025.10.27 00:00:00.000 GMT+00:00;0.0;227;21HAC20YQ033§§OUT;28313153;Controller Output Value;%;1;0.0;100.0;
2025.10.27 00:00:00.000 GMT+00:00;0.0;227;21HAC20YQ033§§XQ01;28313214;рН П ВД КУ-21 1;;1;0.0;100.0;
2025.10.27 00:00:00.000 GMT+00:00;59.991116;227;21HAC20YQ034§243906§OUT;28313289;Output Value;;1;0.0;100.0;
2025.10.27 00:00:00.000 GMT+00:00;0.0;227;21HAC20YQ034§§OUT;28313333;Controller Output Value;%;1;0.0;100.0;
2025.10.27 00:00:00.000 GMT+00:00;0.0;227;21HAC20YQ034§§XQ01;28313126;рН П ВД КУ-21 2;;1;0.0;100.0;
2025.10.27 00:00:00.000 GMT+00:00;100.0;195;21HAC21CG801§§XQ01;28311659;РК ИЗ ЭВД В БНД КУ-21;%;1;0.0;100.0;
2025.10.27 00:00:00.000 GMT+00:00;140.1;195;21HAD30CT001§§XQ01;28311594;Т ЗА ИВД КУ-21;°C;1;-40.0;800.0;
2025.10.27 00:00:00.000 GMT+00:00;0.2372946;195;21HAD40CF001_C§T_H§XQ01;28315110;F НЕПР ПРОД БВД КУ-21 РАСЧ;;1;0.0;10.0;
2025.10.27 00:00:00.000 GMT+00:00;0.2128921;195;21HAD40CF001§§XQ01;28311734;F НЕПР ПРОД БВД КУ-21;т/ч;1;0.0;2.5;
2025.10.27 00:00:00.000 GMT+00:00;-9.997107;35;21HAD40CG801§§XQ01;28311741;РК НЕПР ПРОД БВД КУ-21;%;1;0.0;100.0;
2025.10.27 00:00:00.000 GMT+00:00;51.387455;195;21HAD40CL001§§XQ01;28311714;L БВД Т1 КУ-21;мм;1;-1000.0;1500.0;
2025.10.27 00:00:00.000 GMT+00:00;99.26608;195;21HAD40CL002§§XQ01;28311738;L БВД Т2 КУ-21;мм;1;-1000.0;1500.0;
2025.10.27 00:00:00.000 GMT+00:00;118.65457;195;21HAD40CL003§§XQ01;28311701;L БВД Т3 КУ-21;мм;1;-1000.0;1500.0;
2025.10.27 00:00:00.000 GMT+00:00;198.25958;195;21HAD40CL004§§XQ01;28311883;L БВД Т4 КУ-21;мм;1;-1000.0;1000.0;
2025.10.27 00:00:00.000 GMT+00:00;-1000.0;35;21HAD40CL005§§XQ01;28311639;L БВД Т5 КУ-21;мм;1;-1000.0;1000.0;
2025.10.27 00:00:00.000 GMT+00:00;99.26608;195;21HAD40CL901§§XQ01;28311879;СР L ВОД БВД КУ-21;мм;1;-1000.0;1500.0;
2025.10.27 00:00:00.000 GMT+00:00;0.27851582;195;21HAD40CP001§§XQ01;28311569;Р БВД КУ-21;МПа;1;0.0;16.0;
2025.10.27 00:00:00.000 GMT+00:00;0.2824074;195;21HAD40CP002§§XQ01;28311694;Р БВД КУ-21;МПа;1;0.0;16.0;
2025.10.27 00:00:00.000 GMT+00:00;0.28240746;195;21HAD40CP003§§XQ01;28311565;Р БВД КУ-21;МПа;1;0.0;16.0;
2025.10.27 00:00:00.000 GMT+00:00;0.28703704;195;21HAD40CP004§§XQ01;28311798;Р БВД КУ-21;МПа;1;0.0;16.0;
2025.10.27 00:00:00.000 GMT+00:00;0.28392687;195;21HAD40CP901§§XQ01;28311820;СР P БВД КУ-21;МПа;1;0.0;16.0;
2025.10.27 00:00:00.000 GMT+00:00;-0.0022524977;195;21HAD40CP910§§XQ01;28311626;СР P БВД КУ-21;МПа/мин;1;-10.0;10.0;
2025.10.27 00:00:00.000 GMT+00:00;139.70001;195;21HAD40CT007§§XQ01;28311554;Т ОПУСК ТР ВД КУ-21;°C;1;-40.0;800.0;
2025.10.27 00:00:00.000 GMT+00:00;143.56004;195;21HAD40CT101§§XQ01;28311882;Т М БВД КУ-21;°C;1;-40.0;800.0;
2025.10.27 00:00:00.000 GMT+00:00;165.30508;195;21HAD40CT102§§XQ01;28311875;Т М БВД КУ-21;°C;1;-40.0;800.0;
2025.10.27 00:00:00.000 GMT+00:00;176.4;195;21HAD40CT103§§XQ01;28311735;Т М БВД КУ-21;°C;1;-40.0;800.0;
2025.10.27 00:00:00.000 GMT+00:00;127.20001;195;21HAD40CT104§§XQ01;28311629;Т М БВД КУ-21;°C;1;-40.0;800.0;
2025.10.27 00:00:00.000 GMT+00:00;140.30026;195;21HAD40CT105§§XQ01;28311775;Т М БВД КУ-21;°C;1;-40.0;800.0;
2025.10.27 00:00:00.000 GMT+00:00;140.5;195;21HAD40CT106§§XQ01;28311573;Т М БВД КУ-21;°C;1;-40.0;800.0;
2025.10.27 00:00:00.000 GMT+00:00;3.0;227;21HAD40CT901§232495§O_MODE;28311607;Active Output Mode;;1;0.0;100.0;
2025.10.27 00:00:00.000 GMT+00:00;165.30614;195;21HAD40CT901§§OUT1;28311710;Т-ра металла БВД КУ-21;°C;1;-40.0;800.0;
2025.10.27 00:00:00.000 GMT+00:00;140.35;195;21HAD40CT901§§OUT2;28311706;Т-ра металла БВД КУ-21;°C;1;-40.0;800.0;
2025.10.27 00:00:00.000 GMT+00:00;152.82506;195;21HAD40CT901§§XQ01;28311833;Т-ра металла БВД КУ-21;°C;1;-40.0;800.0;
2025.10.27 00:00:00.000 GMT+00:00;0.3;227;21HAD40DF001§1ЗАДАТЧИК§XQ02;28311865;РЕГ F НЕПР ПРОД КУ-21;%;1;0.3;1.5;
2025.10.27 00:00:00.000 GMT+00:00;0.075;195;21HAD40DF001§360861§OUT;28311589;Product;;1;0.0;100.0;
2025.10.27 00:00:00.000 GMT+00:00;0.0;219;21HAD40DL001§§ER;28311784;РЕГ L БВД КУ-21;%;1;-100.0;100.0;
2025.10.27 00:00:00.000 GMT+00:00;0.0;195;21HAD40DL001§§XQ02;28311884;РЕГ L БВД КУ-21;ММ;1;-450.0;100.0;
2025.10.27 00:00:00.000 GMT+00:00;0.28461164;195;21HAD40DP001§240771§OUT;28311804;Output Value;МПа;1;0.0;8.9;
2025.10.27 00:00:00.000 GMT+00:00;0.45;195;21HAD40DP001§240773§OUT;28311561;Output Value;;1;0.0;100.0;
2025.10.27 00:00:00.000 GMT+00:00;150.0;195;21HAD40DT100§232385§OUT;28311807;Output Value;°C;1;0.0;150.0;
2025.10.27 00:00:00.000 GMT+00:00;16.0;227;21HAD40EE001§122323§OUT;28311878;Output Value;;1;0.0;100.0;
2025.10.27 00:00:00.000 GMT+00:00;0.0;195;21HAD40YQ031§§OUT;28313117;Controller Output Value;%;1;0.0;100.0;
2025.10.27 00:00:00.000 GMT+00:00;0.0;195;21HAD40YQ031§§XQ01;28313172;рН КОТ В КУ-21 1;;1;0.0;100.0;
2025.10.27 00:00:00.000 GMT+00:00;66.656334;195;21HAD40YQ032§243751§OUT;28313367;Output Value;;1;0.0;100.0;
2025.10.27 00:00:00.000 GMT+00:00;0.0;227;21HAD40YQ032§§OUT;28313145;Controller Output Value;%;1;0.0;100.0;
2025.10.27 00:00:00.000 GMT+00:00;0.0;227;21HAD40YQ032§§XQ01;28313241;рН КОТ В КУ-21 2;;1;0.0;100.0;
2025.10.27 00:00:00.000 GMT+00:00;115.30002;195;21HAD70CT001§§XQ01;28311682;Т ЗА ИНД КУ-21;°C;1;-50.0;200.0;
2025.10.27 00:00:00.000 GMT+00:00;355.60507;195;21HAD80CL001§§XQ01;28311774;L БНД Т1 КУ-21;мм;1;-1000.0;1500.0;
2025.10.27 00:00:00.000 GMT+00:00;363.1173;195;21HAD80CL002§§XQ01;28311727;L БНД Т2 КУ-21;мм;1;-1000.0;1500.0;
2025.10.27 00:00:00.000 GMT+00:00;367.93588;195;21HAD80CL003§§XQ01;28311671;L БНД Т3 КУ-21;мм;1;-1000.0;1500.0;
2025.10.27 00:00:00.000 GMT+00:00;398.91202;195;21HAD80CL004§§XQ01;28311718;L БНД Т4 КУ-21;мм;1;-1000.0;1000.0;
2025.10.27 00:00:00.000 GMT+00:00;-1304.0;35;21HAD80CL005§§XQ01;28311831;L БНД Т5 КУ-21;мм;1;-1000.0;1000.0;
2025.10.27 00:00:00.000 GMT+00:00;363.1173;195;21HAD80CL901§§XQ01;28311805;СР L ВОД БНД КУ-21;мм;1;-1000.0;1500.0;
2025.10.27 00:00:00.000 GMT+00:00;0.072916664;195;21HAD80CP001§§XQ01;28311702;Р БНД КУ-21;МПа;1;0.0;1.0;
2025.10.27 00:00:00.000 GMT+00:00;0.072513506;195;21HAD80CP002§§XQ01;28311603;Р БНД КУ-21;МПа;1;0.0;1.0;
2025.10.27 00:00:00.000 GMT+00:00;1.5845784;195;21HAD80CP003§§XQ01;28311703;PD БНД И Д КУ-21;кПа;1;0.0;100.0;
2025.10.27 00:00:00.000 GMT+00:00;0.07292926;195;21HAD80CP901§§XQ01;28311809;P БНД КУ-21;МПа;1;0.0;1.0;
2025.10.27 00:00:00.000 GMT+00:00;7.2000866;35;21HAD80CQ001§§XQ01;28313210;рН ПВ ВЫХ Д Б НД КУ-21;pH;1;7.5;10.5;
2025.10.27 00:00:00.000 GMT+00:00;-9.997107;35;21HAD80CQ002§§XQ01;28313370;Na ВЫХ Д Б НД КУ-21;мкг/л;1;0.0;100.0;
2025.10.27 00:00:00.000 GMT+00:00;-0.09997106;35;21HAD80CQ003§§XQ01;28313209;ЭПР ПВ ЗА H-КАТ КОЛ КУ-21;мкСм/см;1;0.0;1.0;
2025.10.27 00:00:00.000 GMT+00:00;-19.994213;35;21HAD80CQ004§§XQ01;28313188;О2 В ПВ ВЫХ Д Б НД КУ-21;мкг/л;1;0.0;200.0;
2025.10.27 00:00:00.000 GMT+00:00;-199.94212;35;21HAD80CQ005§§XQ01;28313398;ТОС ПВ ВЫХ Д Б НД КУ-21;мкг/л;1;0.0;2000.0;
2025.10.27 00:00:00.000 GMT+00:00;113.100006;195;21HAD80CT009§§XQ01;28311574;Т ОПУСК ТР НД КУ-21;°C;1;-50.0;200.0;
2025.10.27 00:00:00.000 GMT+00:00;118.00001;195;21HAD80CT101§§XQ01;28311819;Т М БНД КУ-21;°C;1;-40.0;800.0;
2025.10.27 00:00:00.000 GMT+00:00;113.45013;195;21HAD80CT102§§XQ01;28311789;Т М БНД КУ-21;°C;1;-40.0;800.0;
2025.10.27 00:00:00.000 GMT+00:00;115.100006;195;21HAD80CT103§§XQ01;28311764;Т М БНД КУ-21;°C;1;-40.0;800.0;
2025.10.27 00:00:00.000 GMT+00:00;116.4255;195;21HAD80CT104§§XQ01;28311645;Т М БНД КУ-21;°C;1;-40.0;800.0;
2025.10.27 00:00:00.000 GMT+00:00;113.81993;195;21HAD80CT105§§XQ01;28311693;Т М БНД КУ-21;°C;1;-40.0;800.0;
2025.10.27 00:00:00.000 GMT+00:00;113.81313;195;21HAD80CT106§§XQ01;28311808;Т М БНД КУ-21;°C;1;-40.0;800.0;
2025.10.27 00:00:00.000 GMT+00:00;114.202156;195;21HAD80CT107§§XQ01;28311876;Т М БНД КУ-21;°C;1;-40.0;800.0;
2025.10.27 00:00:00.000 GMT+00:00;113.65607;195;21HAD80CT108§§XQ01;28311823;Т М БНД КУ-21;°C;1;-40.0;800.0;
2025.10.27 00:00:00.000 GMT+00:00;3.0;227;21HAD80CT901§232495§O_MODE;28311730;Active Output Mode;;1;0.0;100.0;
2025.10.27 00:00:00.000 GMT+00:00;115.100006;195;21HAD80CT901§§OUT1;28311874;Т-ра металла БНД КУ-21;°C;1;-40.0;800.0;
2025.10.27 00:00:00.000 GMT+00:00;113.8243;195;21HAD80CT901§§OUT2;28311877;Т-ра металла БНД КУ-21;°C;1;-40.0;800.0;
2025.10.27 00:00:00.000 GMT+00:00;114.5;195;21HAD80CT901§§XQ01;28311625;Т-ра металла БНД КУ-21;°C;1;-40.0;800.0;
2025.10.27 00:00:00.000 GMT+00:00;0.0;227;21HAD80DL001§122649§OUT;28311615;Output Value;;1;0.0;100.0;
2025.10.27 00:00:00.000 GMT+00:00;83.242516;195;21HAD80DL001§122652§OUT;28311685;Output Value;;1;0.0;100.0;
2025.10.27 00:00:00.000 GMT+00:00;-6.752014E-4;195;21HAD80DL001§122693§OUT;28311676;Output Value;;1;0.0;100.0;
2025.10.27 00:00:00.000 GMT+00:00;51.57638;195;21HAD80DL001§122701§OUT;28311742;Output Value;;1;0.0;100.0;
2025.10.27 00:00:00.000 GMT+00:00;83.2804;195;21HAD80DL001§§DFWOUT;28311842;РЕГ L БНД КУ-21;;1;0.0;100.0;
2025.10.27 00:00:00.000 GMT+00:00;0.0;219;21HAD80DL001§§ER;28311638;РЕГ L БНД КУ-21;%;1;-20.0;20.0;
2025.10.27 00:00:00.000 GMT+00:00;-6.752014E-4;219;21HAD80DL001§§UP_LUFT;28311722;РЕГ L БНД КУ-21;;1;0.0;100.0;
2025.10.27 00:00:00.000 GMT+00:00;0.0;195;21HAD80DL001§§XQ02;28311732;РЕГ L БНД КУ-21;ММ;1;-200.0;200.0;
2025.10.27 00:00:00.000 GMT+00:00;114.46732;195;21HAD80DT100§232385§OUT;28311566;Output Value;°C;1;0.0;150.0;
2025.10.27 00:00:00.000 GMT+00:00;0.2;227;21HAD80EE001§122655§OUT;28311768;Output Value;;1;0.0;100.0;
2025.10.27 00:00:00.000 GMT+00:00;7.2000866;35;21HAG10CQ001§§XQ01;28313243;рН КОТ В ВСАС ЦЭН ВД КУ-21;pH;1;7.5;10.5;
2025.10.27 00:00:00.000 GMT+00:00;-4.9985533;35;21HAG10CQ002§§XQ01;28313324;ЭПР КОТ В ВСАС ЦЭН ВД КУ-21;мкСм/см;1;0.0;50.0;
2025.10.27 00:00:00.000 GMT+00:00;9.2;227;21HAG10DQ001§243714§OUT;28313364;Output Value;pH;1;9.2;9.4;
2025.10.27 00:00:00.000 GMT+00:00;0.0;195;21HAG10DQ001§243730§OUT;28313330;Output Value;;1;0.0;100.0;
2025.10.27 00:00:00.000 GMT+00:00;0.0;227;21HAG10DQ001§243734§OUT;28313203;Output Value;;1;0.0;100.0;
2025.10.27 00:00:00.000 GMT+00:00;0.0;227;21HAG21AP001§3217121§MAINTAL;28314426;Maintenance Alarm Limit;;1;0.0;100.0;
2025.10.27 00:00:00.000 GMT+00:00;0.0;227;21HAG21AP001§3217121§MAINTINT;28314414;Maintenance Interval (hours);;1;0.0;100.0;
2025.10.27 00:00:00.000 GMT+00:00;0.0;227;21HAG21AP001§3217122§MAINTAL;28314139;Maintenance Alarm Limit;;1;0.0;100.0;
2025.10.27 00:00:00.000 GMT+00:00;0.0;227;21HAG21AP001§3217122§MAINTINT;28314123;Maintenance Interval (hours);;1;0.0;100.0;
2025.10.27 00:00:00.000 GMT+00:00;44603.76;195;21HAG21AP001§§XQ11;28314374;21ЦЭН ВД-1;;1;0.0;100.0;
2025.10.27 00:00:00.000 GMT+00:00;211.0;195;21HAG21AP001§§XQ12;28314377;21ЦЭН ВД-1;;1;0.0;100.0;
2025.10.27 00:00:00.000 GMT+00:00;44603.76;195;21HAG21AP001§§XQ13;28314376;21ЦЭН ВД-1;;1;0.0;100.0;
2025.10.27 00:00:00.000 GMT+00:00;211.0;195;21HAG21AP001§§XQ14;28314352;21ЦЭН ВД-1;;1;0.0;100.0;
2025.10.27 00:00:00.000 GMT+00:00;0.6365741;195;21HAG21CE002§§XQ01;28311613;I 21ЦЭН ВД-1;А;1;0.0;200.0;
2025.10.27 00:00:00.000 GMT+00:00;0.4659837;195;21HAG21CP051T§§XQ01;28311790;dР ФЛТР 21ЦЭН-1 ВД врем;кПа;1;0.0;25.0;
2025.10.27 00:00:00.000 GMT+00:00;33.90037;195;21HAG21CT101§§XQ01;28311662;T М ПОДШ 21ЦЭН ВД-1 Д1;°C;1;0.0;100.0;
2025.10.27 00:00:00.000 GMT+00:00;35.5684;195;21HAG21CT102§§XQ01;28311558;T М ПОДШ 21ЦЭН ВД-1 Д2;°C;1;0.0;100.0;
2025.10.27 00:00:00.000 GMT+00:00;0.0;227;21HAG22AP001§3217121§MAINTAL;28314263;Maintenance Alarm Limit;;1;0.0;100.0;
2025.10.27 00:00:00.000 GMT+00:00;0.0;227;21HAG22AP001§3217121§MAINTINT;28314749;Maintenance Interval (hours);;1;0.0;100.0;
2025.10.27 00:00:00.000 GMT+00:00;0.0;227;21HAG22AP001§3217122§MAINTAL;28314656;Maintenance Alarm Limit;;1;0.0;100.0;
2025.10.27 00:00:00.000 GMT+00:00;0.0;227;21HAG22AP001§3217122§MAINTINT;28314418;Maintenance Interval (hours);;1;0.0;100.0;
2025.10.27 00:00:00.000 GMT+00:00;45622.44;195;21HAG22AP001§§XQ11;28314480;21ЦЭН ВД-2;;1;0.0;100.0;
2025.10.27 00:00:00.000 GMT+00:00;169.0;195;21HAG22AP001§§XQ12;28314482;21ЦЭН ВД-2;;1;0.0;100.0;
2025.10.27 00:00:00.000 GMT+00:00;45622.44;195;21HAG22AP001§§XQ13;28314483;21ЦЭН ВД-2;;1;0.0;100.0;
2025.10.27 00:00:00.000 GMT+00:00;169.0;195;21HAG22AP001§§XQ14;28314485;21ЦЭН ВД-2;;1;0.0;100.0;
2025.10.27 00:00:00.000 GMT+00:00;103.09908;195;21HAG22CE002§§XQ01;28311708;I 21ЦЭН ВД-2;А;1;0.0;200.0;
2025.10.27 00:00:00.000 GMT+00:00;4.3302884;195;21HAG22CP051T§§XQ01;28311668;dР ФЛТР 21ЦЭН-2 ВД врем;кПа;1;0.0;25.0;
2025.10.27 00:00:00.000 GMT+00:00;53.700012;195;21HAG22CT101§§XQ01;28311592;T М ПОДШ 1 21ЦЭН ВД-2;°C;1;0.0;100.0;
2025.10.27 00:00:00.000 GMT+00:00;49.5;195;21HAG22CT102§§XQ01;28311777;T М ПОДШ 2 21ЦЭН ВД-2;°C;1;0.0;100.0;
2025.10.27 00:00:00.000 GMT+00:00;548.1109;195;21HAG30CF001§§XQ01;28311572;F ИВД КУ-21;т/ч;1;0.0;550.0;
2025.10.27 00:00:00.000 GMT+00:00;546.91766;195;21HAG30CF002§§XQ01;28311616;F ИВД КУ-21;т/ч;1;0.0;550.0;
2025.10.27 00:00:00.000 GMT+00:00;546.9042;195;21HAG30CF003§§XQ01;28311743;F ИВД КУ-21;т/ч;1;0.0;550.0;
2025.10.27 00:00:00.000 GMT+00:00;547.32446;195;21HAG30CF901§§XQ01;28311705;СР F В ИВД КУ-21;т/ч;1;0.0;550.0;
2025.10.27 00:00:00.000 GMT+00:00;7.2000866;35;21HAG40CQ001§§XQ01;28313283;рН КОТ В ВСАС ЦЭН НД КУ-21;pH;1;7.5;10.5;
2025.10.27 00:00:00.000 GMT+00:00;-4.9985533;35;21HAG40CQ002§§XQ01;28313159;ЭПР КОТ В ВСАС ЦЭН НД КУ-21;мкСм/см;1;0.0;50.0;
2025.10.27 00:00:00.000 GMT+00:00;9.1;227;21HAG40DQ001§243714§OUT;28313308;Output Value;pH;1;9.1;9.3;
2025.10.27 00:00:00.000 GMT+00:00;0.0;195;21HAG40DQ001§243730§OUT;28313274;Output Value;;1;0.0;100.0;
2025.10.27 00:00:00.000 GMT+00:00;0.0;227;21HAG40DQ001§243734§OUT;28313211;Output Value;;1;0.0;100.0;
2025.10.27 00:00:00.000 GMT+00:00;0.0;227;21HAG51AP001§3217121§MAINTAL;28314854;Maintenance Alarm Limit;;1;0.0;100.0;
2025.10.27 00:00:00.000 GMT+00:00;0.0;227;21HAG51AP001§3217121§MAINTINT;28314648;Maintenance Interval (hours);;1;0.0;100.0;
2025.10.27 00:00:00.000 GMT+00:00;0.0;227;21HAG51AP001§3217122§MAINTAL;28314603;Maintenance Alarm Limit;;1;0.0;100.0;
2025.10.27 00:00:00.000 GMT+00:00;0.0;227;21HAG51AP001§3217122§MAINTINT;28314750;Maintenance Interval (hours);;1;0.0;100.0;
2025.10.27 00:00:00.000 GMT+00:00;42653.5;195;21HAG51AP001§§XQ11;28314357;21ЦЭН НД-1;;1;0.0;100.0;
2025.10.27 00:00:00.000 GMT+00:00;181.0;195;21HAG51AP001§§XQ12;28314359;21ЦЭН НД-1;;1;0.0;100.0;
2025.10.27 00:00:00.000 GMT+00:00;42653.5;195;21HAG51AP001§§XQ13;28314360;21ЦЭН НД-1;;1;0.0;100.0;
2025.10.27 00:00:00.000 GMT+00:00;181.0;195;21HAG51AP001§§XQ14;28314361;21ЦЭН НД-1;;1;0.0;100.0;
2025.10.27 00:00:00.000 GMT+00:00;15.028855;195;21HAG51CE002§§XQ01;28311658;I 21ЦЭН НД-1;А;1;0.0;50.0;
2025.10.27 00:00:00.000 GMT+00:00;41.326508;195;21HAG51CT101§§XQ01;28311836;T М ПОДШ 21ЦЭН НД-1 Д1;°C;1;-50.0;200.0;
2025.10.27 00:00:00.000 GMT+00:00;50.5089;195;21HAG51CT102§§XQ01;28311830;T М ПОДШ 21ЦЭН НД-1 Д2;°C;1;-50.0;200.0;
2025.10.27 00:00:00.000 GMT+00:00;0.0;227;21HAG52AP001§3217121§MAINTAL;28314721;Maintenance Alarm Limit;;1;0.0;100.0;
2025.10.27 00:00:00.000 GMT+00:00;0.0;227;21HAG52AP001§3217121§MAINTINT;28314865;Maintenance Interval (hours);;1;0.0;100.0;
2025.10.27 00:00:00.000 GMT+00:00;0.0;227;21HAG52AP001§3217122§MAINTAL;28314058;Maintenance Alarm Limit;;1;0.0;100.0;
2025.10.27 00:00:00.000 GMT+00:00;0.0;227;21HAG52AP001§3217122§MAINTINT;28314189;Maintenance Interval (hours);;1;0.0;100.0;
2025.10.27 00:00:00.000 GMT+00:00;47652.02;195;21HAG52AP001§§XQ11;28314084;21ЦЭН НД-2;;1;0.0;100.0;
2025.10.27 00:00:00.000 GMT+00:00;156.0;195;21HAG52AP001§§XQ12;28314077;21ЦЭН НД-2;;1;0.0;100.0;
2025.10.27 00:00:00.000 GMT+00:00;47652.02;195;21HAG52AP001§§XQ13;28314076;21ЦЭН НД-2;;1;0.0;100.0;
2025.10.27 00:00:00.000 GMT+00:00;156.0;195;21HAG52AP001§§XQ14;28314079;21ЦЭН НД-2;;1;0.0;100.0;
2025.10.27 00:00:00.000 GMT+00:00;-0.014003619;195;21HAG52CE002§§XQ01;28311818;I 21ЦЭН НД-2;А;1;0.0;50.0;
2025.10.27 00:00:00.000 GMT+00:00;40.100006;195;21HAG52CT101§§XQ01;28311621;T М ПОДШ 21ЦЭН НД-2 Д1;°C;1;-50.0;200.0;
2025.10.27 00:00:00.000 GMT+00:00;45.500034;195;21HAG52CT102§§XQ01;28311751;T М ПОДШ 21ЦЭН НД-2 Д2;°C;1;-50.0;200.0;
2025.10.27 00:00:00.000 GMT+00:00;126.151886;195;21HAG60CF001§§XQ01;28311811;F ИНД КУ-21;т/ч;1;0.0;200.0;
2025.10.27 00:00:00.000 GMT+00:00;125.59723;195;21HAG60CF002§§XQ01;28311786;F ИНД КУ-21;т/ч;1;0.0;200.0;
2025.10.27 00:00:00.000 GMT+00:00;125.92907;195;21HAG60CF003§§XQ01;28311568;F ИНД КУ-21;т/ч;1;0.0;200.0;
2025.10.27 00:00:00.000 GMT+00:00;125.953926;195;21HAG60CF901§§XQ01;28311559;СР F В ИНД КУ-21;т/ч;1;0.0;200.0;
2025.10.27 00:00:00.000 GMT+00:00;7.2000866;35;21HAH10CQ001§§XQ01;28313338;рН НАСЫЩ П ВЫХ БВД КУ-21;pH;1;7.5;10.5;
2025.10.27 00:00:00.000 GMT+00:00;-9.997107;35;21HAH10CQ002§§XQ01;28313124;Na НАСЫЩ П ВЫХ БВД КУ-21;мкг/л;1;0.0;100.0;
2025.10.27 00:00:00.000 GMT+00:00;189.70001;195;21HAH20CT001§§XQ01;28311787;Т П ПАРОТ ТР ВД КУ-21;°C;1;-40.0;800.0;
2025.10.27 00:00:00.000 GMT+00:00;37.0;195;21HAH30CT009§§XQ01;28311862;Т В КОРП ТЕРМОПАР 3;°C;1;0.0;100.0;
2025.10.27 00:00:00.000 GMT+00:00;38.30002;195;21HAH30CT010§§XQ01;28311844;Т В КОРП ТЕРМОПАР 3;°C;1;0.0;100.0;
2025.10.27 00:00:00.000 GMT+00:00;47.144627;195;21HAH30CT101§§XQ01;28311726;Т М ЗМК ВЫХ ППВД КУ-21;°C;1;-40.0;800.0;
2025.10.27 00:00:00.000 GMT+00:00;47.5996;195;21HAH30CT102§§XQ01;28311567;Т М ЗМК ВЫХ ППВД КУ-21;°C;1;-40.0;800.0;
2025.10.27 00:00:00.000 GMT+00:00;0.0;11;21HAH30CT103§§XQ01;28311623;Т М ЗМК ВЫХ ППВД КУ-21;°C;2;-40.0;800.0;
2025.10.27 00:00:00.000 GMT+00:00;1536.2001;3;21HAH30CT104§§XQ01;28311642;Т М ЗМК ВЫХ ППВД КУ-21;°C;1;-40.0;800.0;
2025.10.27 00:00:00.000 GMT+00:00;1536.2001;3;21HAH30CT105§§XQ01;28311717;Т М ЗМК ВЫХ ППВД КУ-21;°C;1;-40.0;800.0;
2025.10.27 00:00:00.000 GMT+00:00;1351.0531;195;21HAH30CT106§§XQ01;28311725;Т М ЗМК ВЫХ ППВД КУ-21;°C;1;-40.0;800.0;
2025.10.27 00:00:00.000 GMT+00:00;67.30002;195;21HAH30CT107§§XQ01;28311832;Т М ВЫХ ППВД ВЕРХ КУ-21;°C;1;-40.0;800.0;
2025.10.27 00:00:00.000 GMT+00:00;65.04671;195;21HAH30CT108§§XQ01;28311608;Т М ВЫХ ППВД НИЗ КУ-21;°C;1;-40.0;800.0;
2025.10.27 00:00:00.000 GMT+00:00;7.2000866;35;21HAH40CQ001§§XQ01;28313136;рН НАСЫЩ П ВЫХ БНД КУ-21;pH;1;7.5;10.5;
2025.10.27 00:00:00.000 GMT+00:00;-9.997107;35;21HAH40CQ002§§XQ01;28313166;Na НАСЫЩ П ВЫХ БНД КУ-21;мкг/л;1;0.0;100.0;
2025.10.27 00:00:00.000 GMT+00:00;113.5;195;21HAH50CT001§§XQ01;28311817;Т П ПАРОТ ТР НД КУ-21;°C;1;-50.0;200.0;
2025.10.27 00:00:00.000 GMT+00:00;-0.0954861;195;21HNA10CP001§§XQ01;28311766;Р  ДЫМ ГАЗ В ДИФ КУ-21;кПа;1;0.0;10.0;
2025.10.27 00:00:00.000 GMT+00:00;-0.09546908;195;21HNA10CP002§§XQ01;28311754;Р  ДЫМ ГАЗ В ДИФ КУ-21;кПа;1;0.0;10.0;
2025.10.27 00:00:00.000 GMT+00:00;1.8830209;195;21HNA10CP003§§XQ01;28311749;Р  ДЫМ ГАЗ В ДИФ КУ-21;кПа;1;0.0;10.0;
2025.10.27 00:00:00.000 GMT+00:00;-0.3412644;195;21HNA20CP001§§XQ01;28311801;Р ДЫМ ГАЗ ВХ КУ-21;кПа;1;-10.0;10.0;
2025.10.27 00:00:00.000 GMT+00:00;-0.36061615;195;21HNA20CP002§§XQ01;28311646;Р ДЫМ ГАЗ ВХ КУ-21;кПа;1;-10.0;10.0;
2025.10.27 00:00:00.000 GMT+00:00;-0.3702799;195;21HNA20CP003§§XQ01;28311837;Р ДЫМ ГАЗ ВХ КУ-21;кПа;1;-10.0;10.0;
2025.10.27 00:00:00.000 GMT+00:00;-0.33810803;195;21HNA20CP901§§XQ01;28311783;Р в ДЫМГАЗ ВХ в КУ-21;кПа;1;-10.0;10.0;
2025.10.27 00:00:00.000 GMT+00:00;-2.9991322;35;21HNA20CQ001§§XQ01;28311720;О2 ДЫМ ГАЗ ЗА КУ-21;%;1;0.0;30.0;
2025.10.27 00:00:00.000 GMT+00:00;-99.97106;35;21HNA20CQ002§§XQ01;28311863;NОx ДЫМ ГАЗ ЗА КУ-21;vpm;1;0.0;1000.0;
2025.10.27 00:00:00.000 GMT+00:00;-0.04998553;35;21HNA20CQ003§§XQ01;28311665;CH4 ДЫМ ГАЗ ЗА КУ-21;%;1;0.0;0.6;
2025.10.27 00:00:00.000 GMT+00:00;-0.09997106;35;21HNA20CQ004§§XQ01;28311757;СО ДЫМ ГАЗ ЗА КУ-21;%;1;0.0;1.0;
2025.10.27 00:00:00.000 GMT+00:00;39.72528;195;21HNA20CT001§§XQ01;28311860;Т ДЫМ ГАЗ ВХ КУ-21;°C;1;-40.0;800.0;
2025.10.27 00:00:00.000 GMT+00:00;39.915546;195;21HNA20CT002§§XQ01;28311850;Т ДЫМ ГАЗ ВХ КУ-21;°C;1;-40.0;800.0;
2025.10.27 00:00:00.000 GMT+00:00;40.41316;195;21HNA20CT003§§XQ01;28311852;Т ДЫМ ГАЗ ВХ КУ-21;°C;1;-40.0;800.0;
2025.10.27 00:00:00.000 GMT+00:00;132.40276;195;21HNA20CT004§§XQ01;28311649;Т ДЫМ ГАЗ ЗА ППВД КУ-21;°C;1;-40.0;800.0;
2025.10.27 00:00:00.000 GMT+00:00;141.17422;195;21HNA20CT005§§XQ01;28311770;Т ДЫМ ГАЗ ЗА ИВД КУ-21;°C;1;-40.0;800.0;
2025.10.27 00:00:00.000 GMT+00:00;139.0;195;21HNA20CT006§§XQ01;28311599;Т ДЫМ ГАЗ ЗА ЭВД КУ-21;°C;1;-40.0;800.0;
2025.10.27 00:00:00.000 GMT+00:00;131.9;195;21HNA20CT007§§XQ01;28311692;Т ДЫМ ГАЗ ЗА ППНД КУ-21;°C;1;-40.0;800.0;
2025.10.27 00:00:00.000 GMT+00:00;114.50029;195;21HNA20CT008§§XQ01;28311799;Т ДЫМ ГАЗ ЗА ИНД КУ-21;°C;1;-40.0;800.0;
2025.10.27 00:00:00.000 GMT+00:00;108.49645;195;21HNA20CT009§§XQ01;28311834;Т ДЫМ ГАЗ ВЫХ КУ-21;°C;1;-40.0;800.0;
2025.10.27 00:00:00.000 GMT+00:00;89.5;195;21HNA20CT010§§XQ01;28311620;Т ДЫМ ГАЗ ВЫХ КУ-21;°C;1;-40.0;800.0;
2025.10.27 00:00:00.000 GMT+00:00;33.500008;195;21HNA20CT011§§XQ01;28311755;Т В КОРП ТЕРМОПАР 1;°C;1;0.0;100.0;
2025.10.27 00:00:00.000 GMT+00:00;-270.0;35;21HNA20CT012§§XQ01;28311606;Т В КОРП ТЕРМОПАР 2;°C;1;0.0;100.0;
2025.10.27 00:00:00.000 GMT+00:00;39.918095;195;21HNA20CT901§§XQ01;28311586;T в ДЫМГАЗ ВХ в КУ-21;°C;1;-40.0;800.0;
2025.10.27 00:00:00.000 GMT+00:00;0.761338;195;21HNA30CP001§§XQ01;28311584;Р ДЫМ ГАЗ ВЫХ КУ-21;кПа;1;-10.0;10.0;
2025.10.27 00:00:00.000 GMT+00:00;-0.00537761;195;21LAB21CP001§§XQ01;28311602;P ПВ ВСАС 21ПЭН-1 КУ-21;МПа;1;0.0;1.6;
2025.10.27 00:00:00.000 GMT+00:00;0.24120507;195;21LAB22CP001§§XQ01;28311610;P ПВ ВСАС 21ПЭН-1 КУ-21;МПа;1;0.0;1.6;
2025.10.27 00:00:00.000 GMT+00:00;-0.0030537243;195;21LAB23CP001§§XQ01;28311853;P ПВ НАП 21ПЭН-1 КУ-21;МПа;1;0.0;16.0;
2025.10.27 00:00:00.000 GMT+00:00;0.26838678;195;21LAB24CP001§§XQ01;28311562;P ПВ НАП 21ПЭН-2 КУ-21;МПа;1;0.0;16.0;
2025.10.27 00:00:00.000 GMT+00:00;0.04086097;195;21LAB30CF001_C§T_H§XQ01;28315099;F ПВ ВХ ВД КУ-21 РАСЧ;;1;0.0;400.0;
2025.10.27 00:00:00.000 GMT+00:00;0.067077905;195;21LAB30CF001§§XQ01;28311765;F ПВ ВХ ВД КУ-21;т/ч;1;0.0;250.0;
2025.10.27 00:00:00.000 GMT+00:00;0.04086097;195;21LAB30CF002_C§T_H§XQ01;28315100;F ПВ ВХ ВД КУ-21 РАСЧ;;1;0.0;400.0;
2025.10.27 00:00:00.000 GMT+00:00;0.0021339133;195;21LAB30CF002§§XQ01;28311678;F ПВ ВХ ВД КУ-21;т/ч;1;0.0;308.604;
2025.10.27 00:00:00.000 GMT+00:00;8.3794976E-7;195;21LAB30CF901§§XQ01;28311680;СР F ПВ ВД КУ-21;т/ч;1;0.0;250.0;
2025.10.27 00:00:00.000 GMT+00:00;0.2181206;195;21LAB30CP001§§XQ01;28311653;P ПВ ВХ ВД КУ-21;МПа;1;0.0;16.0;
2025.10.27 00:00:00.000 GMT+00:00;0.18981485;195;21LAB30CP002§§XQ01;28311870;Р ПВ ДО ЭВД КУ-21;МПа;1;0.0;16.0;
2025.10.27 00:00:00.000 GMT+00:00;128.30003;195;21LAB30CT001§§XQ01;28311767;Т ПВ ВХ ВД КУ-21;°C;1;-50.0;200.0;
2025.10.27 00:00:00.000 GMT+00:00;17.999075;195;21LAB30DF001§§ER;28311697;РЕГ F ЭВД КУ21;;1;0.0;100.0;
2025.10.27 00:00:00.000 GMT+00:00;45.0;227;21LAB30DF001§§XQ02;28311761;РЕГ F ЭВД КУ21;;1;0.0;100.0;
2025.10.27 00:00:00.000 GMT+00:00;0.0;195;21LAB30YQ031§243684§OUT;28313114;Output Value;%;1;0.0;100.0;
2025.10.27 00:00:00.000 GMT+00:00;0.0;195;21LAB30YQ031§§XQ01;28313170;F ГДЗ 20QCA11AP001;;1;0.0;100.0;
2025.10.27 00:00:00.000 GMT+00:00;52.0;195;21LAB30YQ032§243684§OUT;28313195;Output Value;%;1;0.0;100.0;
2025.10.27 00:00:00.000 GMT+00:00;0.0;227;21LAB30YQ032§243710§OUT;28313164;Output Value;;1;0.0;100.0;
2025.10.27 00:00:00.000 GMT+00:00;52.0;195;21LAB30YQ032§§XQ01;28313299;F ГДЗ 20QCA12AP001;;1;0.0;100.0;
2025.10.27 00:00:00.000 GMT+00:00;0.0;195;21LAB30YQ033§243684§OUT;28313277;Output Value;%;1;0.0;100.0;
2025.10.27 00:00:00.000 GMT+00:00;0.0;195;21LAB30YQ033§§XQ01;28313252;F ГДЗ 20QCA14AP001;;1;0.0;100.0;
2025.10.27 00:00:00.000 GMT+00:00;0.0;227;21LAB30YQ034§243684§OUT;28313118;Output Value;%;1;0.0;100.0;
2025.10.27 00:00:00.000 GMT+00:00;0.0;227;21LAB30YQ034§243711§OUT;28313128;Output Value;;1;0.0;100.0;
2025.10.27 00:00:00.000 GMT+00:00;0.0;227;21LAB30YQ034§§XQ01;28313359;F ГДЗ 20QCA15AP001;;1;0.0;100.0;
2025.10.27 00:00:00.000 GMT+00:00;0.0;227;21LAC10AA801§TRACKING§OUT;28311624;Output Value;%;1;-100.0;100.0;
2025.10.27 00:00:00.000 GMT+00:00;30.0;195;21LAC10AA801§§XQ01;28311856;ГМФ 21ПЭН-1 КУ-21;%;1;0.0;100.0;
2025.10.27 00:00:00.000 GMT+00:00;0.0;227;21LAC10AP001§3217121§MAINTAL;28314846;Maintenance Alarm Limit;;1;0.0;100.0;
2025.10.27 00:00:00.000 GMT+00:00;0.0;227;21LAC10AP001§3217121§MAINTINT;28314543;Maintenance Interval (hours);;1;0.0;100.0;
2025.10.27 00:00:00.000 GMT+00:00;0.0;227;21LAC10AP001§3217122§MAINTAL;28314684;Maintenance Alarm Limit;;1;0.0;100.0;
2025.10.27 00:00:00.000 GMT+00:00;0.0;227;21LAC10AP001§3217122§MAINTINT;28314273;Maintenance Interval (hours);;1;0.0;100.0;
2025.10.27 00:00:00.000 GMT+00:00;37761.15;195;21LAC10AP001§§XQ11;28314075;21ПЭН-1;;1;0.0;100.0;
2025.10.27 00:00:00.000 GMT+00:00;395.0;195;21LAC10AP001§§XQ12;28314074;21ПЭН-1;;1;0.0;100.0;
2025.10.27 00:00:00.000 GMT+00:00;37761.15;195;21LAC10AP001§§XQ13;28314073;21ПЭН-1;;1;0.0;100.0;
2025.10.27 00:00:00.000 GMT+00:00;395.0;195;21LAC10AP001§§XQ14;28314066;21ПЭН-1;;1;0.0;100.0;
2025.10.27 00:00:00.000 GMT+00:00;-0.057857905;195;21LAC10CE002§§XQ01;28311631;I 21ПЭН-1 КУ-21;А;1;0.0;200.0;
2025.10.27 00:00:00.000 GMT+00:00;-0.13454862;195;21LAC10CG001§§XQ01;28311553;G О 21ПЭН-1;ММ;1;0.0;3.0;
2025.10.27 00:00:00.000 GMT+00:00;29.963608;195;21LAC10CG801§§XQ01;28311781;ГМФ 21ПЭН-1 КУ-21;%;1;0.0;100.0;
2025.10.27 00:00:00.000 GMT+00:00;-0.027777772;195;21LAC10CP001§§XQ01;28311611;P ПВ ВСАС 21ПЭН-1 КУ-21;БАР;1;0.0;16.0;
2025.10.27 00:00:00.000 GMT+00:00;-0.035767294;195;21LAC10CP002§§XQ01;28311828;P ПВ НАП 21ПЭН-1 КУ-21;БАР;1;0.0;160.0;
2025.10.27 00:00:00.000 GMT+00:00;0.012152781;195;21LAC10CP004§§XQ01;28311679;P МСЛ ГМФ 21ПЭН-1 КУ-21 ЗА Ф;БАР;1;0.0;6.0;
2025.10.27 00:00:00.000 GMT+00:00;32.118057;195;21LAC10CS001§§XQ01;28311745;n ГМФ 21ПЭН-1 КУ-21;1/МИН;1;0.0;3000.0;
2025.10.27 00:00:00.000 GMT+00:00;-5.5084105;195;21LAC10CT003§§XQ01;28311778;T МСЛ В ПСУ 21ПЭН-1 КУ-21;°C;1;0.0;180.0;
2025.10.27 00:00:00.000 GMT+00:00;31.600006;195;21LAC10CT004§§XQ01;28311614;T МСЛ ВЫХ ГМФ 21ПЭН-1 КУ-21;°C;1;0.0;180.0;
2025.10.27 00:00:00.000 GMT+00:00;31.410074;195;21LAC10CT005§§XQ01;28311640;T МСЛ ЗА ТО ГМФ 21ПЭН-1 КУ-21;°C;1;0.0;180.0;
2025.10.27 00:00:00.000 GMT+00:00;47.95932;195;21LAC10CT101§§XQ01;28311713;T М ПОДШ 1 21ПЭН-1 КУ-21;°C;1;0.0;150.0;
2025.10.27 00:00:00.000 GMT+00:00;46.01098;195;21LAC10CT102§§XQ01;28311872;T М ПОДШ 2 21ПЭН-1 КУ-21;°C;1;0.0;150.0;
2025.10.27 00:00:00.000 GMT+00:00;33.50639;195;21LAC10CT106§§XQ01;28311858;T М ПОДШ 1 ГМФ 21ПЭН-1 КУ-21;°C;1;0.0;180.0;
2025.10.27 00:00:00.000 GMT+00:00;34.5;195;21LAC10CT107§§XQ01;28311794;T М ПОДШ 2 ГМФ 21ПЭН-1 КУ-21;°C;1;0.0;180.0;
2025.10.27 00:00:00.000 GMT+00:00;32.60228;195;21LAC10CT108§§XQ01;28311690;T М ПОДШ 3 ГМФ 21ПЭН-1 КУ-21;°C;1;0.0;180.0;
2025.10.27 00:00:00.000 GMT+00:00;37.800316;195;21LAC10CT109§§XQ01;28311648;T М ПОДШ 1 ЭД 21ПЭН-1 КУ-21;°C;1;-40.0;150.0;
2025.10.27 00:00:00.000 GMT+00:00;37.800083;195;21LAC10CT110§§XQ01;28311859;T М ПОДШ 2 ЭД 21ПЭН-1 КУ-21;°C;1;-40.0;150.0;
2025.10.27 00:00:00.000 GMT+00:00;42.209587;195;21LAC10CT111§§XQ01;28311587;T Cu ФАЗА А 21ПЭН-1 КУ-21;°C;1;-50.0;200.0;
2025.10.27 00:00:00.000 GMT+00:00;42.713978;195;21LAC10CT112§§XQ01;28311838;T Cu ФАЗА B 21ПЭН-1 КУ-21;°C;1;-50.0;200.0;
2025.10.27 00:00:00.000 GMT+00:00;41.60001;195;21LAC10CT113§§XQ01;28311590;T Cu ФАЗА C 21ПЭН-1 КУ-21;°C;1;-50.0;200.0;
2025.10.27 00:00:00.000 GMT+00:00;42.10001;195;21LAC10CT114§§XQ01;28311598;T Fe ФАЗА А 21ПЭН-1 КУ-21;°C;1;-50.0;200.0;
2025.10.27 00:00:00.000 GMT+00:00;42.100014;195;21LAC10CT115§§XQ01;28311744;T Fe ФАЗА B 21ПЭН-1 КУ-21;°C;1;-50.0;200.0;
2025.10.27 00:00:00.000 GMT+00:00;41.9067;195;21LAC10CT116§§XQ01;28311684;T Fe ФАЗА C 21ПЭН-1 КУ-21;°C;1;-50.0;200.0;
2025.10.27 00:00:00.000 GMT+00:00;0.011574074;195;21LAC10CY001§§XQ01;28311687;ВИБР ПОДШ 1 21ПЭН-1 КУ-21;мм/с;1;0.0;20.0;
2025.10.27 00:00:00.000 GMT+00:00;-0.018412355;195;21LAC10CY002§§XQ01;28311752;ВИБР ПОДШ 2 21ПЭН-1 КУ-21;мм/с;1;0.0;20.0;
2025.10.27 00:00:00.000 GMT+00:00;0.0;227;21LAC20AA801§TRACKING§OUT;28311576;Output Value;%;1;-100.0;100.0;
2025.10.27 00:00:00.000 GMT+00:00;54.44001;195;21LAC20AA801§§XQ01;28311780;ГМФ 21ПЭН-2 КУ-21;%;1;0.0;100.0;
2025.10.27 00:00:00.000 GMT+00:00;0.0;227;21LAC20AP001§3217121§MAINTAL;28314294;Maintenance Alarm Limit;;1;0.0;100.0;
2025.10.27 00:00:00.000 GMT+00:00;0.0;227;21LAC20AP001§3217121§MAINTINT;28314165;Maintenance Interval (hours);;1;0.0;100.0;
2025.10.27 00:00:00.000 GMT+00:00;0.0;227;21LAC20AP001§3217122§MAINTAL;28314295;Maintenance Alarm Limit;;1;0.0;100.0;
2025.10.27 00:00:00.000 GMT+00:00;0.0;227;21LAC20AP001§3217122§MAINTINT;28314473;Maintenance Interval (hours);;1;0.0;100.0;
2025.10.27 00:00:00.000 GMT+00:00;43976.05;195;21LAC20AP001§§XQ11;28314589;21ПЭН-2;;1;0.0;100.0;
2025.10.27 00:00:00.000 GMT+00:00;379.0;195;21LAC20AP001§§XQ12;28314588;21ПЭН-2;;1;0.0;100.0;
2025.10.27 00:00:00.000 GMT+00:00;43976.05;195;21LAC20AP001§§XQ13;28314599;21ПЭН-2;;1;0.0;100.0;
2025.10.27 00:00:00.000 GMT+00:00;379.0;195;21LAC20AP001§§XQ14;28314600;21ПЭН-2;;1;0.0;100.0;
2025.10.27 00:00:00.000 GMT+00:00;-0.05787037;195;21LAC20CE002§§XQ01;28311773;I 21ПЭН-2 КУ-21;А;1;0.0;200.0;
2025.10.27 00:00:00.000 GMT+00:00;0.07819017;195;21LAC20CG001§§XQ01;28311845;G О 21ПЭН-2 КУ-21;ММ;1;0.0;3.0;
2025.10.27 00:00:00.000 GMT+00:00;54.101315;195;21LAC20CG801§§XQ01;28311704;ГМФ 21ПЭН-2 КУ-21;%;1;0.0;100.0;
2025.10.27 00:00:00.000 GMT+00:00;2.5324075;195;21LAC20CP001§§XQ01;28311571;P ПВ ВСАС 21ПЭН-2 КУ-21;БАР;1;0.0;16.0;
2025.10.27 00:00:00.000 GMT+00:00;2.6388888;195;21LAC20CP002§§XQ01;28311654;P ПВ НАП 21ПЭН-2 КУ-21;БАР;1;0.0;160.0;
2025.10.27 00:00:00.000 GMT+00:00;-0.0017361054;195;21LAC20CP004§§XQ01;28311788;P МСЛ ГМФ 21ПЭН-2 КУ-21 ЗА Ф;БАР;1;0.0;6.0;
2025.10.27 00:00:00.000 GMT+00:00;1.7361112;195;21LAC20CS001§§XQ01;28311677;n ГМФ 21ПЭН-2 КУ-21;1/МИН;1;0.0;3000.0;
2025.10.27 00:00:00.000 GMT+00:00;32.552887;195;21LAC20CT003§§XQ01;28311841;T МСЛ В ПСУ 21ПЭН-2 КУ-21;°C;1;0.0;180.0;
2025.10.27 00:00:00.000 GMT+00:00;22.600157;195;21LAC20CT004§§XQ01;28311793;T МСЛ ВЫХ ГМФ 21ПЭН-2 КУ-21;°C;1;0.0;180.0;
2025.10.27 00:00:00.000 GMT+00:00;22.10013;195;21LAC20CT005§§XQ01;28311707;T МСЛ ЗА ТО ГМФ 21ПЭН-2 КУ-21;°C;1;0.0;180.0;
2025.10.27 00:00:00.000 GMT+00:00;28.038614;195;21LAC20CT101§§XQ01;28311861;T М ПОДШ 1 21ПЭН-2 КУ-21;°C;1;0.0;150.0;
2025.10.27 00:00:00.000 GMT+00:00;30.78306;195;21LAC20CT102§§XQ01;28311815;T М ПОДШ 2 21ПЭН-2 КУ-21;°C;1;0.0;150.0;
2025.10.27 00:00:00.000 GMT+00:00;22.300003;195;21LAC20CT106§§XQ01;28311712;T М ПОДШ 1 ГМФ 21ПЭН-2 КУ-21;°C;1;0.0;180.0;
2025.10.27 00:00:00.000 GMT+00:00;23.40016;195;21LAC20CT107§§XQ01;28311660;T М ПОДШ 2 ГМФ 21ПЭН-2 КУ-21;°C;1;0.0;180.0;
2025.10.27 00:00:00.000 GMT+00:00;23.305822;195;21LAC20CT108§§XQ01;28311666;T М ПОДШ 3 ГМФ 21ПЭН-2 КУ-21;°C;1;0.0;180.0;
2025.10.27 00:00:00.000 GMT+00:00;23.000008;195;21LAC20CT109§§XQ01;28311577;T М ПОДШ 1 ЭД 21ПЭН-2 КУ-21;°C;1;-40.0;150.0;
2025.10.27 00:00:00.000 GMT+00:00;21.699997;195;21LAC20CT110§§XQ01;28311881;T М ПОДШ 2 ЭД 21ПЭН-2 КУ-21;°C;1;-40.0;150.0;
2025.10.27 00:00:00.000 GMT+00:00;22.600006;195;21LAC20CT111§§XQ01;28311604;T Cu ФАЗА А 21ПЭН-2 КУ-21;°C;1;-50.0;200.0;
2025.10.27 00:00:00.000 GMT+00:00;22.199997;195;21LAC20CT112§§XQ01;28311563;T Cu ФАЗА B 21ПЭН-2 КУ-21;°C;1;-50.0;200.0;
2025.10.27 00:00:00.000 GMT+00:00;23.04611;195;21LAC20CT113§§XQ01;28311849;T Cu ФАЗА C 21ПЭН-2 КУ-21;°C;1;-50.0;200.0;
2025.10.27 00:00:00.000 GMT+00:00;22.400381;195;21LAC20CT114§§XQ01;28311655;T Fe ФАЗА А 21ПЭН-2 КУ-21;°C;1;-50.0;200.0;
2025.10.27 00:00:00.000 GMT+00:00;22.90001;195;21LAC20CT115§§XQ01;28311664;T Fe ФАЗА B 21ПЭН-2 КУ-21;°C;1;-50.0;200.0;
2025.10.27 00:00:00.000 GMT+00:00;22.100006;195;21LAC20CT116§§XQ01;28311797;T Fe ФАЗА C 21ПЭН-2 КУ-21;°C;1;-50.0;200.0;
2025.10.27 00:00:00.000 GMT+00:00;1.5637304E-10;195;21LAC20CY001§§XQ01;28311715;ВИБР ПОДШ 1 21ПЭН-2 КУ-21;мм/с;1;0.0;20.0;
2025.10.27 00:00:00.000 GMT+00:00;1.006151E-5;195;21LAC20CY002§§XQ01;28311700;ВИБР ПОДШ 2 21ПЭН-2 КУ-21;мм/с;1;0.0;20.0;
2025.10.27 00:00:00.000 GMT+00:00;-4.9985533;35;21LAV10CE001§§XQ01;28311869;I РЕЗ МСЛ НАСОС ГМФ 21ПЭН-1 КУ-21;А;1;0.0;50.0;
2025.10.27 00:00:00.000 GMT+00:00;-4.9985533;35;21LAV20CE001§§XQ01;28311628;I РЕЗ МСЛ НАСОС ГМФ 21ПЭН-2 КУ-21;А;1;0.0;50.0;
2025.10.27 00:00:00.000 GMT+00:00;1.5529269E-17;195;21LBA10CF001§§XQ01;28311657;F ПАР ВД ЗА КУ-21;т/ч;1;0.0;328.0;
2025.10.27 00:00:00.000 GMT+00:00;1.122792E-4;195;21LBA10CF002§§XQ01;28311596;F ПАР ВД ЗА КУ-21;т/ч;1;0.0;328.0;
2025.10.27 00:00:00.000 GMT+00:00;0.0;195;21LBA10CF901§§XQ01;28311593;CP F ПАР ВД ЗА КУ-21;т/ч;1;0.0;328.0;
2025.10.27 00:00:00.000 GMT+00:00;0.26018426;195;21LBA10CG801§§XQ01;28312562;РК БПС ГПЗ ВД ПТ;%;1;0.0;100.0;
2025.10.27 00:00:00.000 GMT+00:00;0.2361113;195;21LBA10CP001§§XQ01;28311612;Р П ВД ЗА КУ-21;МПа;1;0.0;16.0;
2025.10.27 00:00:00.000 GMT+00:00;0.23148149;195;21LBA10CP002§§XQ01;28311791;Р П ВД ЗА КУ-21;МПа;1;0.0;16.0;
2025.10.27 00:00:00.000 GMT+00:00;0.2175961;195;21LBA10CP003§§XQ01;28311739;Р П ВД ЗА КУ-21;МПа;1;0.0;16.0;
2025.10.27 00:00:00.000 GMT+00:00;0.15740769;195;21LBA10CP004§§XQ01;28312386;P П ВД ВХ СК;МПа;1;0.0;16.0;
2025.10.27 00:00:00.000 GMT+00:00;0.20839421;195;21LBA10CP006§§XQ01;28312314;P ВХ БРОУ ВД 1;МПа;1;0.0;16.0;
2025.10.27 00:00:00.000 GMT+00:00;0.23148154;195;21LBA10CP901§§XQ01;28311827;Р ПАР ВД КУ-21;МПа;1;0.0;16.0;
2025.10.27 00:00:00.000 GMT+00:00;0.1851852;195;21LBA10CP902§§XQ01;28312618;СР P БРОУ ВД КУ-21;МПа;1;0.0;16.0;
2025.10.27 00:00:00.000 GMT+00:00;7.2000866;35;21LBA10CQ001§§XQ01;28313171;рН ПЕГРЕВ П ВЫХ БВД КУ-21;pH;1;7.5;10.5;
2025.10.27 00:00:00.000 GMT+00:00;-1.4995661;35;21LBA10CQ002§§XQ01;28313258;ЭПР ПЕГРЕВ П ВЫХ БВД КУ-21;мкСм/см;1;0.0;15.0;
2025.10.27 00:00:00.000 GMT+00:00;-9.997107;35;21LBA10CQ003§§XQ01;28313391;SiO2 ПЕГРЕВ П ВЫХ БВД КУ-21;мкг/л;1;0.0;100.0;
2025.10.27 00:00:00.000 GMT+00:00;-199.94212;35;21LBA10CQ004§§XQ01;28313156;ТОС ПЕГРЕВ П ВЫХ БВД КУ-21;мкг/л;1;0.0;2000.0;
2025.10.27 00:00:00.000 GMT+00:00;111.01134;195;21LBA10CT001§§XQ01;28311729;Т П ЗА ППВД КУ-21;°C;1;-40.0;800.0;
2025.10.27 00:00:00.000 GMT+00:00;317.9757;195;21LBA10CT002§§XQ01;28312483;Т П ЗА КУ-21;°C;1;-40.0;800.0;
2025.10.27 00:00:00.000 GMT+00:00;504.90063;195;21LBA10CT005§§XQ01;28312302;T П ВД ВХ СК ВД;°C;1;-40.0;800.0;
2025.10.27 00:00:00.000 GMT+00:00;43.300003;195;21LBA10CT006§§XQ01;28312320;T П ВХ БРОУ ВД 1;°C;1;-40.0;800.0;
2025.10.27 00:00:00.000 GMT+00:00;0.0;195;21LBA10DP001§§ER;28312542;РЕГ P ВХ БРОУ КУ-21;%;1;-20.0;20.0;
2025.10.27 00:00:00.000 GMT+00:00;0.0;227;21LBA10DP001§§EXT_SETP;28312231;РЕГ P ВХ БРОУ КУ-21;;1;0.0;100.0;
2025.10.27 00:00:00.000 GMT+00:00;0.18516682;195;21LBA10DP001§§XQ02;28312393;РЕГ P ВХ БРОУ КУ-21;МПа;1;0.0;7.6;
2025.10.27 00:00:00.000 GMT+00:00;0.1851852;195;21LBA10DP001§§XQ03;28312396;MAX P ДО БРОУ ВД КУ-21;МПа;1;0.0;16.0;
2025.10.27 00:00:00.000 GMT+00:00;0.0;227;21LBA10DP002§§XQ01;28312452;РЕГ P MAX ВХ БРОУ КУ-21;;1;0.0;100.0;
2025.10.27 00:00:00.000 GMT+00:00;9.0;227;21LBA10DQ001§243714§OUT;28313186;Output Value;pH;1;9.0;9.3;
2025.10.27 00:00:00.000 GMT+00:00;0.0;227;21LBA10DQ001§243730§OUT;28313199;Output Value;;1;0.0;100.0;
2025.10.27 00:00:00.000 GMT+00:00;0.0;227;21LBA10DQ001§243734§OUT;28313224;Output Value;;1;0.0;100.0;
2025.10.27 00:00:00.000 GMT+00:00;1.0265822;195;21LBA11AA801§§GAIN;28311651;РК ДО ШУМГЛУШ КУ-21;;1;0.0;100.0;
2025.10.27 00:00:00.000 GMT+00:00;-9.997107;35;21LBA11CG801§§XQ01;28311686;РК ДО ШУМГЛУШ КУ-21;%;1;0.0;100.0;
2025.10.27 00:00:00.000 GMT+00:00;1.3262849;195;21LBA50CF001_C§T_H§XQ01;28315095;F П НД ЗА КУ-21 РАСЧ;;1;0.0;400.0;
2025.10.27 00:00:00.000 GMT+00:00;1.5466944;195;21LBA50CF001§§XQ01;28311600;F П НД ЗА КУ-21;т/ч;1;0.0;74.6;
2025.10.27 00:00:00.000 GMT+00:00;0.97821546;195;21LBA50CF002§§XQ01;28311864;F П НД ЗА КУ-21;т/ч;1;0.0;74.6;
2025.10.27 00:00:00.000 GMT+00:00;1.2606169;195;21LBA50CF901§§XQ01;28311652;СР F П НД ЗА КУ-21;т/ч;1;0.0;64.0;
2025.10.27 00:00:00.000 GMT+00:00;0.06550695;195;21LBA50CP001§§XQ01;28311578;Р П НД ЗА КУ-21;МПа;1;0.0;1.0;
2025.10.27 00:00:00.000 GMT+00:00;0.29369214;195;21LBA50CP002§§XQ01;28312413;P П НД ВХ ГПЗ КУ-21;МПа;1;0.0;1.0;
2025.10.27 00:00:00.000 GMT+00:00;0.3559028;195;21LBA50CP006§§XQ01;28312425;P П ВХ БРОУ НД 1;МПа;1;0.0;1.0;
2025.10.27 00:00:00.000 GMT+00:00;0.32479745;195;21LBA50CP901§§XQ01;28312487;СР P БРОУ НД КУ-21;МПа;1;0.0;1.0;
2025.10.27 00:00:00.000 GMT+00:00;7.2000866;35;21LBA50CQ001§§XQ01;28313232;рН ПЕГРЕВ П ВЫХ БНД КУ-21;pH;1;7.5;10.5;
2025.10.27 00:00:00.000 GMT+00:00;-1.4995661;35;21LBA50CQ002§§XQ01;28313151;ЭПР ПЕГРЕВ П ВЫХ БНД КУ-21;мкСм/см;1;0.0;15.0;
2025.10.27 00:00:00.000 GMT+00:00;-9.997107;35;21LBA50CQ003§§XQ01;28313309;SiO2 ПЕГРЕВ П ВЫХ БНД КУ-21;мкг/л;1;0.0;100.0;
2025.10.27 00:00:00.000 GMT+00:00;140.5;195;21LBA50CT001§§XQ01;28311609;Т П ЗА ППНД КУ-21;°C;1;-400.0;800.0;
2025.10.27 00:00:00.000 GMT+00:00;217.0;195;21LBA50CT002§§XQ01;28312501;Т П ЗА КУ-21;°C;1;-400.0;800.0;
2025.10.27 00:00:00.000 GMT+00:00;145.20001;195;21LBA50CT006§§XQ01;28312364;T П ВХ БРОУ НД 1;°C;1;-40.0;800.0;
2025.10.27 00:00:00.000 GMT+00:00;0.0;195;21LBA50DP001§§ER;28312238;РЕГ ДАВЛ  БРОУ НД 21;%;1;-20.0;20.0;
2025.10.27 00:00:00.000 GMT+00:00;0.32479745;195;21LBA50DP001§§XQ02;28312398;РЕГ ДАВЛ  БРОУ НД 21;МПа;1;0.1;0.6;
2025.10.27 00:00:00.000 GMT+00:00;1.6463635;195;21LBH10CG801§§XQ01;28311689;РК НА ПРГ БНД КУ-21;%;1;0.0;100.0;
2025.10.27 00:00:00.000 GMT+00:00;-1.0397025;195;21LBH20CG801§§XQ01;28311813;РК НА ПРГ БВД КУ-21;%;1;0.0;100.0;
2025.10.27 00:00:00.000 GMT+00:00;7.2869987;195;21LCA10CF001§§XQ01;28311829;F ДО ГПК КУ-21;т/ч;1;0.0;450.0;
2025.10.27 00:00:00.000 GMT+00:00;0.14302526;195;21LCA10CG801§§XQ01;28311709;РК РЕЦ ГПК КУ-21;%;1;0.0;100.0;
2025.10.27 00:00:00.000 GMT+00:00;1.5616577;195;21LCA10CP001§§XQ01;28311617;Р ДО ГПК КУ-21;МПа;1;0.0;4.0;
2025.10.27 00:00:00.000 GMT+00:00;35.699795;195;21LCA10CT001§§XQ01;28311762;Т ДО ГПК КУ-21;°C;1;-50.0;200.0;
2025.10.27 00:00:00.000 GMT+00:00;34.899998;195;21LCA10DT001§242580§OUT;28311675;Output Value;°C;1;30.0;70.0;
2025.10.27 00:00:00.000 GMT+00:00;0.0;195;21LCA10DT001§244760§OUT;28311699;Output Value;;1;0.0;100.0;
2025.10.27 00:00:00.000 GMT+00:00;24.299988;219;21LCA10DT002§242575§XQ02;28311670;РЕГ Т ВХ ГПК КУ21;;1;0.0;100.0;
2025.10.27 00:00:00.000 GMT+00:00;62.5;227;21LCA10DT002§242576§OUT;28311753;Output Value;;1;0.0;100.0;
2025.10.27 00:00:00.000 GMT+00:00;9.719996;195;21LCA10DT002§244751§OUT;28311776;Output Value;;1;0.0;100.0;
2025.10.27 00:00:00.000 GMT+00:00;0.0;195;21LCA10DT002§§ER;28311656;РЕГ Т ВХ ГПК КУ21;%;1;-100.0;100.0;
2025.10.27 00:00:00.000 GMT+00:00;0.0;11;21LCA20CF001_C_Usl§120489§OUT;28315071;Specific Volume [m3 /kg];;2;0.0;100.0;
2025.10.27 00:00:00.000 GMT+00:00;0.0;11;21LCA20CF001_C_Usl§120492§OUT;28315072;Specific Volume [m3 /kg];;2;0.0;100.0;
2025.10.27 00:00:00.000 GMT+00:00;0.0;11;21LCA20CF001_C_Usl§627171§OUT;28315067;Output Value;;2;0.0;100.0;
2025.10.27 00:00:00.000 GMT+00:00;0.0;11;21LCA20CF001_C_Usl§627173§OUT;28315068;Output Value;;2;0.0;100.0;
2025.10.27 00:00:00.000 GMT+00:00;0.0;11;21LCA20CF001_C§ T_H§XQ01;28315097;F КНД В БНД КУ-21 РАСЧ;;2;0.0;400.0;
2025.10.27 00:00:00.000 GMT+00:00;0.0;11;21LCA20CF001_C§120489§OUT;28315065;Specific Volume [m3 /kg];;2;0.0;100.0;
2025.10.27 00:00:00.000 GMT+00:00;0.0;11;21LCA20CF001_C§120492§OUT;28315073;Specific Volume [m3 /kg];;2;0.0;100.0;
2025.10.27 00:00:00.000 GMT+00:00;0.0;11;21LCA20CF001_C§248757§OUT;28315074;Specific Volume [m3 /kg];;2;0.0;100.0;
2025.10.27 00:00:00.000 GMT+00:00;0.0;11;21LCA20CF001_C§627171§OUT;28315069;Output Value;;2;0.0;100.0;
2025.10.27 00:00:00.000 GMT+00:00;0.0;11;21LCA20CF001_C§627172§OUT;28315070;Output Value;;2;0.0;100.0;
2025.10.27 00:00:00.000 GMT+00:00;0.0;11;21LCA20CF001_C§627173§OUT;28315066;Output Value;;2;0.0;100.0;
2025.10.27 00:00:00.000 GMT+00:00;0.11118411;195;21LCA20CF001_C§T_H§XQ01;28315112;F КНД В БНД КУ-21 РАСЧ;;1;0.0;400.0;
2025.10.27 00:00:00.000 GMT+00:00;5.7716787E-31;195;21LCA20CF001§§XQ01;28311618;F КНД В БНД КУ-21;т/ч;1;0.0;362.983;
2025.10.27 00:00:00.000 GMT+00:00;0.0;11;21LCA20CF002_C_Usl§120489§OUT;28315076;Specific Volume [m3 /kg];;2;0.0;100.0;
2025.10.27 00:00:00.000 GMT+00:00;0.0;11;21LCA20CF002_C_Usl§120492§OUT;28315077;Specific Volume [m3 /kg];;2;0.0;100.0;
2025.10.27 00:00:00.000 GMT+00:00;0.0;11;21LCA20CF002_C_Usl§627171§OUT;28315079;Output Value;;2;0.0;100.0;
2025.10.27 00:00:00.000 GMT+00:00;0.0;11;21LCA20CF002_C_Usl§627173§OUT;28315083;Output Value;;2;0.0;100.0;
2025.10.27 00:00:00.000 GMT+00:00;0.0;11;21LCA20CF002_C§120492§OUT;28315075;Specific Volume [m3 /kg];;2;0.0;100.0;
2025.10.27 00:00:00.000 GMT+00:00;0.0;11;21LCA20CF002_C§248757§OUT;28315082;Specific Volume [m3 /kg];;2;0.0;100.0;
2025.10.27 00:00:00.000 GMT+00:00;0.0;11;21LCA20CF002_C§627171§OUT;28315078;Output Value;;2;0.0;100.0;
2025.10.27 00:00:00.000 GMT+00:00;0.0;11;21LCA20CF002_C§627172§OUT;28315081;Output Value;;2;0.0;100.0;
2025.10.27 00:00:00.000 GMT+00:00;0.0;11;21LCA20CF002_C§627173§OUT;28315080;Output Value;;2;0.0;100.0;
2025.10.27 00:00:00.000 GMT+00:00;12.94375;195;21LCA20CF002_C§T_H§XQ01;28315093;F КНД В БНД КУ-21 РАСЧ;;1;0.0;400.0;
2025.10.27 00:00:00.000 GMT+00:00;12.811673;195;21LCA20CF002§§XQ01;28311644;F КНД В БНД КУ-21;т/ч;1;0.0;362.983;
2025.10.27 00:00:00.000 GMT+00:00;6.4257503;195;21LCA20CF901§§XQ01;28311731;СР F КНД В БНД КУ-21;т/ч;1;0.0;300.0;
2025.10.27 00:00:00.000 GMT+00:00;7.4968014;195;21LCA20CG801§§XQ01;28311839;РПК НД КУ-21;%;1;0.0;100.0;
2025.10.27 00:00:00.000 GMT+00:00;1.5568467;195;21LCA20CP001§§XQ01;28311821;Р КНД ЗА ГПК ДО РЕЦ КУ-21;МПа;1;0.0;2.5;
2025.10.27 00:00:00.000 GMT+00:00;1.5617919;195;21LCA20CP002§§XQ01;28311857;Р КНД ДО РПК НД КУ-21;МПа;1;0.0;2.5;
2025.10.27 00:00:00.000 GMT+00:00;0.028763443;195;21LCA20CP003§§XQ01;28311769;PD Ф ЗА РПК НД КУ-21;кПа;1;0.0;100.0;
2025.10.27 00:00:00.000 GMT+00:00;66.60776;195;21LCA20CT001§§XQ01;28311636;Т ЗА ГПК КУ-21;°C;1;-50.0;200.0;
2025.10.27 00:00:00.000 GMT+00:00;66.70389;195;21LCA20CT002§§XQ01;28311672;Т ЗА ГПК КУ-21;°C;1;-50.0;200.0;
2025.10.27 00:00:00.000 GMT+00:00;66.899994;195;21LCA20CT003§§XQ01;28311812;Т ДО РПК НД КУ-21;°C;1;-50.0;200.0;
2025.10.27 00:00:00.000 GMT+00:00;67.0;195;21LCA20CT004§§XQ01;28311696;Т ДО РПК НД КУ-21;°C;1;-50.0;200.0;
2025.10.27 00:00:00.000 GMT+00:00;66.65001;195;21LCA20CT901§§XQ01;28311802;СР T ЗА ГПК КУ-21;°C;1;-50.0;200.0;
2025.10.27 00:00:00.000 GMT+00:00;66.95;195;21LCA20CT902§§XQ01;28311847;СР T ДО РПК НД КУ-21;°C;1;-50.0;200.0;
2025.10.27 00:00:00.000 GMT+00:00;115.87637;195;21LCA20DT002§240796§XQ02;28311854;СТЕРЕГ РЕГ T ВЫХ ГПК КУ21;;1;0.0;100.0;
2025.10.27 00:00:00.000 GMT+00:00;-18.782978;195;21LCA20DT002§§ER;28311772;СТЕРЕГ РЕГ T ВЫХ ГПК КУ21;%;1;-100.0;100.0;
2025.10.27 00:00:00.000 GMT+00:00;1.75097;195;21LCA30CP001§§XQ01;28311724;Р ДО РЭН КУ-21;МПа;1;0.0;2.5;
2025.10.27 00:00:00.000 GMT+00:00;0.0;227;21LCA41AP001§3217121§MAINTAL;28314693;Maintenance Alarm Limit;;1;0.0;100.0;
2025.10.27 00:00:00.000 GMT+00:00;0.0;227;21LCA41AP001§3217121§MAINTINT;28314145;Maintenance Interval (hours);;1;0.0;100.0;
2025.10.27 00:00:00.000 GMT+00:00;0.0;227;21LCA41AP001§3217122§MAINTAL;28314760;Maintenance Alarm Limit;;1;0.0;100.0;
2025.10.27 00:00:00.000 GMT+00:00;0.0;227;21LCA41AP001§3217122§MAINTINT;28314674;Maintenance Interval (hours);;1;0.0;100.0;
2025.10.27 00:00:00.000 GMT+00:00;38187.0;227;21LCA41AP001§§XQ11;28314497;21НРК-1;;1;0.0;100.0;
2025.10.27 00:00:00.000 GMT+00:00;186.0;227;21LCA41AP001§§XQ12;28314499;21НРК-1;;1;0.0;100.0;
2025.10.27 00:00:00.000 GMT+00:00;38187.0;227;21LCA41AP001§§XQ13;28314498;21НРК-1;;1;0.0;100.0;
2025.10.27 00:00:00.000 GMT+00:00;186.0;227;21LCA41AP001§§XQ14;28314502;21НРК-1;;1;0.0;100.0;
2025.10.27 00:00:00.000 GMT+00:00;-9.997107;35;21LCA41CE002§§XQ01;28311846;I 21НРК-1 КУ-21;А;1;0.0;100.0;
2025.10.27 00:00:00.000 GMT+00:00;1.2152777;195;21LCA41CP001§§XQ01;28311825;PD на 21НРК-1 КУ-21;кПа;1;0.0;600.0;
2025.10.27 00:00:00.000 GMT+00:00;26.800018;195;21LCA41CT101§§XQ01;28311736;T М ПОДШ 21НРК-1;°C;1;-50.0;200.0;
2025.10.27 00:00:00.000 GMT+00:00;0.0;227;21LCA42AP001§3217121§MAINTAL;28314395;Maintenance Alarm Limit;;1;0.0;100.0;
2025.10.27 00:00:00.000 GMT+00:00;0.0;227;21LCA42AP001§3217121§MAINTINT;28314752;Maintenance Interval (hours);;1;0.0;100.0;
2025.10.27 00:00:00.000 GMT+00:00;0.0;227;21LCA42AP001§3217122§MAINTAL;28314469;Maintenance Alarm Limit;;1;0.0;100.0;
2025.10.27 00:00:00.000 GMT+00:00;0.0;227;21LCA42AP001§3217122§MAINTINT;28314515;Maintenance Interval (hours);;1;0.0;100.0;
2025.10.27 00:00:00.000 GMT+00:00;38099.65;195;21LCA42AP001§§XQ11;28314331;21НРК-2;;1;0.0;100.0;
2025.10.27 00:00:00.000 GMT+00:00;169.0;195;21LCA42AP001§§XQ12;28314329;21НРК-2;;1;0.0;100.0;
2025.10.27 00:00:00.000 GMT+00:00;38099.65;195;21LCA42AP001§§XQ13;28314327;21НРК-2;;1;0.0;100.0;
2025.10.27 00:00:00.000 GMT+00:00;169.0;195;21LCA42AP001§§XQ14;28314325;21НРК-2;;1;0.0;100.0;
2025.10.27 00:00:00.000 GMT+00:00;0.32166013;195;21LCA42CE002§§XQ01;28311728;I 21НРК-2 КУ-21;А;1;0.0;100.0;
2025.10.27 00:00:00.000 GMT+00:00;-0.49763012;195;21LCA42CP001§§XQ01;28311635;PD на 21НРК-2 КУ-21;кПа;1;0.0;600.0;
2025.10.27 00:00:00.000 GMT+00:00;30.100006;195;21LCA42CT101§§XQ01;28311674;T М ПОДШ 21НРК-2;°C;1;-50.0;200.0;
2025.10.27 00:00:00.000 GMT+00:00;125.468994;3;21LCA43CF001§§XQ01;28311579;F ВВТО КУ-21;т/ч;1;0.0;115.0;
2025.10.27 00:00:00.000 GMT+00:00;-9.997107;35;21LCA43CG801§§XQ01;28311683;РК ЗА ВВТО КУ-21;%;1;0.0;100.0;
2025.10.27 00:00:00.000 GMT+00:00;1.7086731;195;21LCA43CP001§§XQ01;28311585;Р ВВТО КУ-21;МПа;1;0.0;4.0;
2025.10.27 00:00:00.000 GMT+00:00;36.604923;195;21LCA43CT001§§XQ01;28311779;Т ДО РК ВВТО КУ-21;°C;1;-50.0;200.0;
2025.10.27 00:00:00.000 GMT+00:00;36.200012;195;21LCA43CT002§§XQ01;28311591;Т ЗА РК ВВТО КУ-21;°C;1;-50.0;200.0;
2025.10.27 00:00:00.000 GMT+00:00;40.001072;195;21LCA43CT003§§XQ01;28311866;Т ДО ВВТО КУ-21;°C;1;-50.0;200.0;
2025.10.27 00:00:00.000 GMT+00:00;1.8171674;195;21LCA44AA801§242591§OUT;28311601;Output Value;;1;0.0;100.0;
2025.10.27 00:00:00.000 GMT+00:00;-9.997107;35;21LCA44CG801§§XQ01;28311822;РК 21НРК КУ-21;%;1;0.0;100.0;
2025.10.27 00:00:00.000 GMT+00:00;0.0;227;21LCE10AA801§TRACKING§OUT;28314905;Output Value;%;1;-100.0;100.0;
2025.10.27 00:00:00.000 GMT+00:00;0.0;195;21LCE10AA801§§XQ01;28314908;РК ВПР КНД БРОУ НД 1;%;1;0.0;100.0;
2025.10.27 00:00:00.000 GMT+00:00;0.17567384;195;21LCE10CG801§§XQ01;28312297;РК ВПР КНД БРОУ НД 1;%;1;0.0;100.0;
2025.10.27 00:00:00.000 GMT+00:00;-0.018229166;195;21LCE10CP001§§XQ01;28312540;dP Ф 21LCE10AT001;кПа;1;0.0;63.0;
2025.10.27 00:00:00.000 GMT+00:00;1.5912657;195;21LCE10CP002§§XQ01;28312436;P КНД ВПР БРОУ НД 1;МПа;1;0.0;4.0;
2025.10.27 00:00:00.000 GMT+00:00;0.70735717;195;21LCE11AA801§230274§OUT;28312462;Output Value;;1;0.0;100.0;
2025.10.27 00:00:00.000 GMT+00:00;0.0;227;21LCE11AA801§TRACKING§OUT;28314903;Output Value;%;1;-100.0;100.0;
2025.10.27 00:00:00.000 GMT+00:00;5.0;195;21LCE11AA801§§XQ01;28314904;РК ВПР КНД БРОУ ВД 1;%;1;0.0;100.0;
2025.10.27 00:00:00.000 GMT+00:00;4.774826;195;21LCE11CG801§§XQ01;28312521;РК ВПР КНД БРОУ ВД 1;%;1;0.0;100.0;
2025.10.27 00:00:00.000 GMT+00:00;-0.018360898;195;21LCE11CP001§§XQ01;28312328;dP Ф 21LCE11AT001;кПа;1;0.0;63.0;
2025.10.27 00:00:00.000 GMT+00:00;1.5949705;195;21LCE11CP002§§XQ01;28312388;P КНД ВПР БРОУ ВД 1;МПа;1;0.0;4.0;
2025.10.27 00:00:00.000 GMT+00:00;53.097107;195;21LCQ10CL001§§XQ01;28311661;L  РНП ВД Т1 КУ-21;мм;1;0.0;630.0;
2025.10.27 00:00:00.000 GMT+00:00;52.61168;195;21LCQ10CL002§§XQ01;28311760;L  РНП ВД Т2 КУ-21;мм;1;0.0;630.0;
2025.10.27 00:00:00.000 GMT+00:00;52.824818;195;21LCQ10CL901§§XQ01;28311756;СР L РНП ВД КУ-21;мм;1;0.0;630.0;
2025.10.27 00:00:00.000 GMT+00:00;0.031836662;195;21LCQ10CP001§§XQ01;28311691;P РНП;МПа;1;0.0;1.6;
2025.10.27 00:00:00.000 GMT+00:00;0.0;227;21LCQ10DL001§228031§OUT;28311806;Output Value;;1;0.0;100.0;
2025.10.27 00:00:00.000 GMT+00:00;400.0;227;21LCQ10DL001§228035§OUT;28311650;Output Value;мм;1;400.0;500.0;
2025.10.27 00:00:00.000 GMT+00:00;0.0;227;21LCQ10DL001§228038§OUT;28311633;Output Value;;1;0.0;2.5;
2025.10.27 00:00:00.000 GMT+00:00;-17.390524;195;21LCQ10DL001§244503§OUT;28311826;Output Value;;1;0.0;100.0;
2025.10.27 00:00:00.000 GMT+00:00;53.86752;195;21LCQ11AA801§241812§OUT;28311782;Output Value;;1;0.0;100.0;
2025.10.27 00:00:00.000 GMT+00:00;52.63199;195;21LCQ11AA801§241813§OUT;28311555;Output Value;;1;0.0;100.0;
2025.10.27 00:00:00.000 GMT+00:00;96.81295;195;21LCQ11CG801§§XQ01;28311557;РК ИЗ РНП В РПП;%;1;0.0;100.0;
2025.10.27 00:00:00.000 GMT+00:00;26.800018;195;21LCW71CT001§§XQ01;28311564;T В ОХЛ УПЛ 1 21ПЭН-1 КУ-21;°C;1;-50.0;200.0;
2025.10.27 00:00:00.000 GMT+00:00;-270.0;35;21LCW71CT002§§XQ01;28311632;T В ОХЛ УПЛ 2 21ПЭН-1 КУ-21;°C;1;-50.0;200.0;
2025.10.27 00:00:00.000 GMT+00:00;33.396015;195;21LCW72CT001§§XQ01;28311746;T В ОХЛ УПЛ 1 21ПЭН-2 КУ-21;°C;1;-50.0;200.0;
2025.10.27 00:00:00.000 GMT+00:00;-270.0;35;21LCW72CT002§§XQ01;28311737;T В ОХЛ УПЛ 2 21ПЭН-2 КУ-21;°C;1;-50.0;200.0;
2025.10.27 00:00:00.000 GMT+00:00;-270.0;35;21MAA10CT001§§XQ01;28312242;T КОМП ХС 1;°C;1;-50.0;200.0;
2025.10.27 00:00:00.000 GMT+00:00;-270.0;35;21MAA10CT002§§XQ01;28312298;T КОМП ХС 2;°C;1;-50.0;200.0;
2025.10.27 00:00:00.000 GMT+00:00;0.0;35;21MAA10CT003§§XQ01;28312259;T КОМП ХС 3;°C;1;-50.0;200.0;
2025.10.27 00:00:00.000 GMT+00:00;0.0;35;21MAA10CT004§§XQ01;28312529;T КОМП ХС 4;°C;1;-50.0;200.0;
2025.10.27 00:00:00.000 GMT+00:00;0.0;227;21MAN10AA801§TRACKING§OUT;28314902;Output Value;%;1;-100.0;100.0;
2025.10.27 00:00:00.000 GMT+00:00;0.0;195;21MAN10AA801§§XQ01;28314901;БРОУ ВД КУ-21;%;1;0.0;100.0;
2025.10.27 00:00:00.000 GMT+00:00;0.11574074;195;21MAN10CG801§§XQ01;28312610;БРОУ ВД 1;%;1;0.0;100.0;
2025.10.27 00:00:00.000 GMT+00:00;-0.024594905;195;21MAN10CP001§§XQ01;28312365;P П ВЫХ БРОУ ВД 1;МПа;1;0.0;2.5;
2025.10.27 00:00:00.000 GMT+00:00;34.600006;195;21MAN10CT001§§XQ01;28312457;T П ВЫХ БРОУ ВД 1;°C;1;0.0;400.0;
2025.10.27 00:00:00.000 GMT+00:00;170.0;227;21MAN10DT001§1ЗАДАТЧИК§XQ02;28312482;РЕГ T ПАРА ВЫХ БРОУ КУ21;°C;1;170.0;200.0;
2025.10.27 00:00:00.000 GMT+00:00;91.90152;195;21MAN10DT001§§TEMP;28314927;РЕГ T ПАРА ВЫХ БРОУ КУ21;;1;0.0;100.0;
2025.10.27 00:00:00.000 GMT+00:00;92.36636;195;21MAN10DT001§§XQ02;28314941;РЕГ T ПАРА ВЫХ БРОУ КУ21;;1;0.0;100.0;
2025.10.27 00:00:00.000 GMT+00:00;2.0316246;195;21MAN50AA801§240539§OUT;28312592;Output Value;;1;0.0;100.0;
2025.10.27 00:00:00.000 GMT+00:00;0.0;227;21MAN50AA801§TRACKING§OUT;28314907;Output Value;%;1;-100.0;100.0;
2025.10.27 00:00:00.000 GMT+00:00;0.0;195;21MAN50AA801§§XQ01;28314906;БРОУ НД КУ21;%;1;0.0;100.0;
2025.10.27 00:00:00.000 GMT+00:00;0.14467593;195;21MAN50CG801§§XQ01;28312306;БРОУ НД 1;%;1;0.0;100.0;
2025.10.27 00:00:00.000 GMT+00:00;-5.7226496;195;21MAN50CP001§§XQ01;28312518;P П ВЫХ БРОУ НД 1;кПа;1;0.0;600.0;
2025.10.27 00:00:00.000 GMT+00:00;36.199997;195;21MAN50CT001§§XQ01;28312552;T П ВЫХ БРОУ НД 1;°C;1;0.0;400.0;
2025.10.27 00:00:00.000 GMT+00:00;98.354004;195;21MAN50DT001§246621§XQ02;28314943;Рег тем-ры за БРОУ НД КУ21;;1;0.0;100.0;
2025.10.27 00:00:00.000 GMT+00:00;100.0;227;21MAN50DT001§§XQ02;28312544;Рег тем-ры за БРОУ НД КУ21;°C;1;100.0;200.0;
2025.10.27 00:00:00.000 GMT+00:00;0.0;11;21MB11CM001§§XQ01;28313478;ОТН ВЛАЖ ВОЗД НА КВОУ ГТ21;%;2;0.0;100.0;
2025.10.27 00:00:00.000 GMT+00:00;-2499.2766;35;21MBA10CS107§§XQ01;28311843;n ГТУ-21;ГЦ;1;0.0;25000.0;
2025.10.27 00:00:00.000 GMT+00:00;-9.997107;35;21MBA10CS108§§XQ01;28311719;n ТПУ-21;1/с;1;0.0;100.0;
2025.10.27 00:00:00.000 GMT+00:00;896.9184;195;21MBA11CP101§§XQ01;28313522;Р НА ВХ КОМПР ГТ21;mbar abs;1;770.0;1100.0;
2025.10.27 00:00:00.000 GMT+00:00;13.300003;195;21MBA11CT101B§§XQ01;28313506;Т ВЗД ВХ КОМПР Т1 ГТ21;°C;1;-50.0;60.0;
2025.10.27 00:00:00.000 GMT+00:00;12.699997;195;21MBA11CT102B§§XQ01;28313512;Т ВЗД ВХ КОМПР Т2 ГТ21;°C;1;-50.0;60.0;
2025.10.27 00:00:00.000 GMT+00:00;13.400009;195;21MBA11CT103B§§XQ01;28313445;Т ВЗД ВХ КОМПР Т3 ГТ21;°C;1;-50.0;60.0;
2025.10.27 00:00:00.000 GMT+00:00;13.600006;195;21MBA11CT104B§§XQ01;28313403;Т ВЗД ВХ КОМПР Т4 ГТ21;°C;1;-50.0;60.0;
2025.10.27 00:00:00.000 GMT+00:00;13.250004;195;21MBA11CT901§257025§OUT;28315250;Output Value;°C;1;0.0;100.0;
2025.10.27 00:00:00.000 GMT+00:00;13.250004;195;21MBA11CT901§§ZQ01;28313523;Т ВЗД ВХ КОМПР ГТ21;°C;1;-50.0;60.0;
2025.10.27 00:00:00.000 GMT+00:00;1.0172526;195;21MBA12CP101§§XQ01;28313415;P НА ВЫХ КОМПР КАН1 ГТ21;bar abs;1;0.0;25.0;
2025.10.27 00:00:00.000 GMT+00:00;1.1302806;195;21MBA12CP102§§XQ01;28313511;P НА ВЫХ КОМПР КАН2 ГТ21;bar abs;1;0.0;25.0;
2025.10.27 00:00:00.000 GMT+00:00;16.600006;195;21MBA12CT101A§§XQ01;28313425;Т ВЗД ВЫХ КОМПР Т1 ГТ21;°C;1;0.0;450.0;
2025.10.27 00:00:00.000 GMT+00:00;17.300018;195;21MBA12CT101B§§XQ01;28313453;Т ВЗД ВЫХ КОМПР Т2 ГТ21;°C;1;0.0;450.0;
2025.10.27 00:00:00.000 GMT+00:00;15.800018;195;21MBA12CT102A§§XQ01;28313521;Т ВЗД ВЫХ КОМПР Т3 ГТ21;°C;1;0.0;450.0;
2025.10.27 00:00:00.000 GMT+00:00;15.700012;195;21MBA12CT102B§§XQ01;28313444;Т ВЗД ВЫХ КОМПР Т4 ГТ21;°C;1;0.0;450.0;
2025.10.27 00:00:00.000 GMT+00:00;16.40001;195;21MBA12CT901§§ZQ01;28313449;Т ВЗД ВЫХ КОМПР ГТ21;°C;1;0.0;450.0;
2025.10.27 00:00:00.000 GMT+00:00;1.1302806;195;21MBA12FP100§§ZQ03;28313402;P НА ВЫХ КОМПР ГТ21;бар;1;0.0;25.0;
2025.10.27 00:00:00.000 GMT+00:00;0.0;11;21MBA22CT102B§229929§OUT;28313436;Output Value;°C;2;0.0;700.0;
2025.10.27 00:00:00.000 GMT+00:00;0.41666222;195;21MBA22CT102B§300982§OUT;28315327;Absolute value;;1;0.0;100.0;
2025.10.27 00:00:00.000 GMT+00:00;29.399994;195;21MBA22CT102B§§XQ01;28313450;Т ГАЗ ВЫХ ГТ21 Т1;°C;1;0.0;700.0;
2025.10.27 00:00:00.000 GMT+00:00;23.268555;195;21MBA22CT102B§§XQ02;28313455;Т ГАЗ ВЫХ ГТ21 Т1;;1;0.0;700.0;
2025.10.27 00:00:00.000 GMT+00:00;0.19998169;195;21MBA22CT103B§300982§OUT;28315328;Absolute value;;1;0.0;100.0;
2025.10.27 00:00:00.000 GMT+00:00;28.899994;195;21MBA22CT103B§§XQ01;28313533;Т ГАЗ ВЫХ ГТ21 Т2;°C;1;0.0;700.0;
2025.10.27 00:00:00.000 GMT+00:00;22.768555;195;21MBA22CT103B§§XQ02;28313532;Т ГАЗ ВЫХ ГТ21 Т2;;1;0.0;700.0;
2025.10.27 00:00:00.000 GMT+00:00;0.35001183;195;21MBA22CT104B§300982§OUT;28315329;Absolute value;;1;0.0;100.0;
2025.10.27 00:00:00.000 GMT+00:00;23.244467;195;21MBA22CT104B§§OUT;28313492;Т ГАЗ ВЫХ ГТ21 Т3;;1;0.0;700.0;
2025.10.27 00:00:00.000 GMT+00:00;29.300018;195;21MBA22CT104B§§XQ01;28313401;Т ГАЗ ВЫХ ГТ21 Т3;°C;1;0.0;700.0;
2025.10.27 00:00:00.000 GMT+00:00;0.083337784;195;21MBA22CT106B§300982§OUT;28315330;Absolute value;;1;0.0;100.0;
2025.10.27 00:00:00.000 GMT+00:00;28.899994;195;21MBA22CT106B§§XQ01;28313440;Т ГАЗ ВЫХ ГТ21 Т4;°C;1;0.0;700.0;
2025.10.27 00:00:00.000 GMT+00:00;22.782438;195;21MBA22CT106B§§XQ02;28313438;Т ГАЗ ВЫХ ГТ21 Т4;;1;0.0;700.0;
2025.10.27 00:00:00.000 GMT+00:00;0.04999733;195;21MBA22CT107B§300982§OUT;28315331;Absolute value;;1;0.0;100.0;
2025.10.27 00:00:00.000 GMT+00:00;29.0;195;21MBA22CT107B§§XQ01;28313517;Т ГАЗ ВЫХ ГТ21 Т5;°C;1;0.0;700.0;
2025.10.27 00:00:00.000 GMT+00:00;22.954674;195;21MBA22CT107B§§XQ02;28313519;Т ГАЗ ВЫХ ГТ21 Т5;;1;0.0;700.0;
2025.10.27 00:00:00.000 GMT+00:00;0.4833374;195;21MBA22CT108B§300982§OUT;28315332;Absolute value;;1;0.0;100.0;
2025.10.27 00:00:00.000 GMT+00:00;28.5;195;21MBA22CT108B§§XQ01;28313524;Т ГАЗ ВЫХ ГТ21 Т6;°C;1;0.0;700.0;
2025.10.27 00:00:00.000 GMT+00:00;22.468567;195;21MBA22CT108B§§XQ02;28313525;Т ГАЗ ВЫХ ГТ21 Т6;;1;0.0;700.0;
2025.10.27 00:00:00.000 GMT+00:00;29.083334;195;21MBA22CT900§§XQ07;28315324;Т ГАЗ ВЫХ ГТ21;°C;1;0.0;700.0;
2025.10.27 00:00:00.000 GMT+00:00;29.083334;195;21MBA22CT900§§ZQ01;28315323;Т ГАЗ ВЫХ ГТ21;°C;1;0.0;700.0;
2025.10.27 00:00:00.000 GMT+00:00;-6.1555247;195;21MBA22FT901§§XQ03;28315326;ATK ГАЗ ВЫХ ГТ21;K;1;-400.0;400.0;
2025.10.27 00:00:00.000 GMT+00:00;22.868567;195;21MBA22FT901§§ZQ01;28313414;ATK ГАЗ ВЫХ ГТ21;°C;1;0.0;700.0;
2025.10.27 00:00:00.000 GMT+00:00;22.868567;195;21MBA22FT901§§ZQ02;28313409;КОМП Т ГАЗА ЗА ТУРБ;°C;1;0.0;700.0;
2025.10.27 00:00:00.000 GMT+00:00;50.0;195;21MBD11CT101A§§XQ01;28313542;Т ПОДШ ТУРБИНЫ Т1 ГТ21;°C;1;0.0;150.0;
2025.10.27 00:00:00.000 GMT+00:00;50.30002;195;21MBD11CT101B§§XQ01;28313527;Т ПОДШ ТУРБИНЫ Т2 ГТ21;°C;1;0.0;150.0;
2025.10.27 00:00:00.000 GMT+00:00;50.100006;195;21MBD11CT101C§§XQ01;28313469;Т ПОДШ ТУРБИНЫ Т3 ГТ21;°C;1;0.0;150.0;
2025.10.27 00:00:00.000 GMT+00:00;0.026041666;195;21MBD11CY101§§XQ01;28313443;ВИБ КОР ПОДШ ТУРБИНЫ КАН1;mm/s;1;0.0;20.0;
2025.10.27 00:00:00.000 GMT+00:00;0.05642361;195;21MBD11CY102§§XQ01;28313416;ВИБ КОР ПОДШ ТУРБИНЫ КАН2;mm/s;1;0.0;20.0;
2025.10.27 00:00:00.000 GMT+00:00;8.110894;195;21MBD11CY940§§XQ01;28313475;ОТН ВИБР ВАЛ ПОДШ ТУРБ;µm res;1;0.0;250.0;
2025.10.27 00:00:00.000 GMT+00:00;48.0;195;21MBD12CT101A§§XQ01;28313471;Т ОПОДШ КОМПР Т1 ГТ21;°C;1;0.0;150.0;
2025.10.27 00:00:00.000 GMT+00:00;48.200012;195;21MBD12CT101B§§XQ01;28313411;Т ОПОДШ КОМПР Т2 ГТ21;°C;1;0.0;150.0;
2025.10.27 00:00:00.000 GMT+00:00;47.600006;195;21MBD12CT101C§§XQ01;28313473;Т ОПОДШ КОМПР Т3 ГТ21;°C;1;0.0;150.0;
2025.10.27 00:00:00.000 GMT+00:00;43.700012;195;21MBD12CT102A§§XQ01;28313487;Т УПОДШ КОМПР СТОР ГЕН Т1 ГТ21;°C;1;0.0;150.0;
2025.10.27 00:00:00.000 GMT+00:00;44.5;195;21MBD12CT102B§§XQ01;28313430;Т УПОДШ КОМПР СТОР ГЕН Т3 ГТ21;°C;1;0.0;150.0;
2025.10.27 00:00:00.000 GMT+00:00;43.80002;195;21MBD12CT102C§§XQ01;28313461;Т УПОДШ КОМПР СТОР ГЕН Т3 ГТ21;°C;1;0.0;150.0;
2025.10.27 00:00:00.000 GMT+00:00;44.200012;195;21MBD12CT103A§§XQ01;28315120;Т под.КОМПР.ГТУ-21;C;1;0.0;150.0;
2025.10.27 00:00:00.000 GMT+00:00;44.700012;195;21MBD12CT103B§§XQ01;28315124;Т под.КОМПР.ГТУ-21;C;1;0.0;150.0;
2025.10.27 00:00:00.000 GMT+00:00;44.100006;195;21MBD12CT103C§§XQ01;28315126;Т под.КОМПР.ГТУ-21;C;1;0.0;150.0;
2025.10.27 00:00:00.000 GMT+00:00;43.80002;195;21MBD12CT104A§§XQ01;28313490;Т УПОДШ КОМПР СТОР ТУРБ Т1 ГТ21;°C;1;0.0;150.0;
2025.10.27 00:00:00.000 GMT+00:00;44.200012;195;21MBD12CT104B§§XQ01;28313476;Т УПОДШ КОМПР СТОР ТУРБ Т2 ГТ21;°C;1;0.0;150.0;
2025.10.27 00:00:00.000 GMT+00:00;43.80002;195;21MBD12CT104C§§XQ01;28313497;Т УПОДШ КОМПР СТОР ТУРБ Т3 ГТ21;°C;1;0.0;150.0;
2025.10.27 00:00:00.000 GMT+00:00;0.0;11;21MBD12CT105A§256773§OUT;28315113;Output Value;°C;2;0.0;150.0;
2025.10.27 00:00:00.000 GMT+00:00;0.0;11;21MBD12CT105A§§OUT;28315117;Т под.КОМПР.ГТУ-21;°C;2;0.0;150.0;
2025.10.27 00:00:00.000 GMT+00:00;43.80002;195;21MBD12CT105A§§XQ01;28315119;Т под.КОМПР.ГТУ-21;C;1;0.0;150.0;
2025.10.27 00:00:00.000 GMT+00:00;44.30002;195;21MBD12CT105B§§XQ01;28315125;Т под.КОМПР.ГТУ-21;C;1;0.0;150.0;
2025.10.27 00:00:00.000 GMT+00:00;44.0;195;21MBD12CT105C§§XQ01;28315127;Т под.КОМПР.ГТУ-21;C;1;0.0;150.0;
2025.10.27 00:00:00.000 GMT+00:00;0.048466433;195;21MBD12CY101§§XQ01;28313485;ВИБ КОР ПОДШ КОМПР КАН1;mm/s;1;0.0;20.0;
2025.10.27 00:00:00.000 GMT+00:00;0.099103004;195;21MBD12CY102§§XQ01;28313472;ВИБ КОР ПОДШ КОМПР КАН2;mm/s;1;0.0;20.0;
2025.10.27 00:00:00.000 GMT+00:00;14.29579;195;21MBD12CY940§§XQ01;28313462;ОТН ВИБР ВАЛ ПОДШ КОМПР;µm res;1;0.0;250.0;
2025.10.27 00:00:00.000 GMT+00:00;0.021957306;195;21MBL10CP003§§XQ01;28311627;dР ВЛАГООТД КВОУ 21;кПа;1;0.0;1.0;
2025.10.27 00:00:00.000 GMT+00:00;0.024617745;195;21MBL10CP004§§XQ01;28311669;dР ФЛТ ГР ОЧ КВОУ 21;кПа;1;0.0;1.0;
2025.10.27 00:00:00.000 GMT+00:00;0.02025053;195;21MBL10CP005§§XQ01;28311663;dР ФЛТ ТОНК ОЧ КВОУ 21;кПа;1;0.0;1.0;
2025.10.27 00:00:00.000 GMT+00:00;0.031834513;195;21MBL10CP010§§XQ01;28311747;dР КВОУ 21;кПа;1;0.0;2.0;
2025.10.27 00:00:00.000 GMT+00:00;-6.847124;195;21MBL11AA801§§ER;28311637;РЕГ АНТИОБЛЕД СИСТ;;1;0.0;100.0;
2025.10.27 00:00:00.000 GMT+00:00;0.0;227;21MBL11AA801§§TRACK_VALUE;28311583;РК СИСТ АНТИОБЛЕД;%;1;-100.0;100.0;
2025.10.27 00:00:00.000 GMT+00:00;0.0;227;21MBL11AA801§§XQ01;28311750;РК СИСТ АНТИОБЛЕД;%;1;0.0;100.0;
2025.10.27 00:00:00.000 GMT+00:00;1.1284722;195;21MBL11CG101§§XQ01;28313531;ПОЛОЖ АНТИОБЛЕД КЛ ГТ21;%;1;0.0;100.0;
2025.10.27 00:00:00.000 GMT+00:00;-0.40480512;195;21MBL11CG801§§XQ01;28311581;УП РК СИСТ АНТИОБЛ;%;1;0.0;100.0;
2025.10.27 00:00:00.000 GMT+00:00;0.0;11;21MBL11CM001§XQ01§XQ01;28314900;REL HUMIDITY AMB AIR;%;2;0.0;100.0;
2025.10.27 00:00:00.000 GMT+00:00;76.65776;195;21MBL11CM001§§XQ01;28311721;M ОКР ВЗДХ КВОУ 21;%;1;0.0;100.0;
2025.10.27 00:00:00.000 GMT+00:00;3.4158738;195;21MBL11CT001§ASMON§XQ01;28311785;T ТЧК РОСЫ КВОУ 21;°C;1;-20.0;100.0;
2025.10.27 00:00:00.000 GMT+00:00;80.0;99;21MBL11CT001§§XQ01;28313544;Т ТОЧКИ РОСЫ НА КВОУ ГТ21;°C;1;-40.0;80.0;
2025.10.27 00:00:00.000 GMT+00:00;7.295703;195;21MBL11CT010§§XQ01;28311622;T ОКР ВЗДХ КВОУ 21;°C;1;-40.0;80.0;
2025.10.27 00:00:00.000 GMT+00:00;0.0;11;21MBL11CT901§246742§OUT;28314953;Output Value;°C;2;-5.0;5.0;
2025.10.27 00:00:00.000 GMT+00:00;9.813037;195;21MBL11CT901§ASMON§XQ01;28314954;dT ВЗД ВХ КОМПР ГТ 21;°C;1;-10.0;10.0;
2025.10.27 00:00:00.000 GMT+00:00;0.20054227;195;21MBL11DT001§241801§OUT;28311835;Output Value;;1;0.0;2.0;
2025.10.27 00:00:00.000 GMT+00:00;-8.402003;195;21MBL11DT001§241807§OUT;28311595;Difference;;1;-5.0;5.0;
2025.10.27 00:00:00.000 GMT+00:00;0.0;227;21MBL11DT001§241810§OUT;28311580;Difference;;1;-5.0;5.0;
2025.10.27 00:00:00.000 GMT+00:00;-6.7993197;195;21MBL11DT001§§OUT;28311758;РЕГ АНТИОБЛЕД СИСТ;;1;-20.0;50.0;
2025.10.27 00:00:00.000 GMT+00:00;0.0012820876;195;21MBM00EU002§§XQ01;28313424;КОНТР Р-Р КС ГТ21;%;1;0.0;100.0;
2025.10.27 00:00:00.000 GMT+00:00;0.01407976;195;21MBM00EU002§§XQ02;28313419;КОНТР Р-Р КС ГТ21;%;1;0.0;100.0;
2025.10.27 00:00:00.000 GMT+00:00;10.572193;195;21MBM10AS001G§§XQ01;28313466;УП РЕГ КЛ ВВЗД ЛЕВ КС ГТ21;%;1;0.0;100.0;
2025.10.27 00:00:00.000 GMT+00:00;10.568576;195;21MBM10AS001G§§XQ02;28313465;УП РЕГ КЛ ВВЗД ЛЕВ КС ГТ21;%;1;0.0;100.0;
2025.10.27 00:00:00.000 GMT+00:00;105.0;195;21MBM10AS001§SETPOINT§ZQ01;28313491;РЕГ КЛ ВВЗД ЛЕВ КС ГТ21;%;1;0.0;100.0;
2025.10.27 00:00:00.000 GMT+00:00;0.014467592;195;21MBM11CP103§§XQ01;28313441;Р-Р ЛЕВ КС ГТ21;mbar;1;0.0;400.0;
2025.10.27 00:00:00.000 GMT+00:00;3.0;251;21MBM20AS001G§§XQ01;28313480;УП РЕГ КЛ ВВЗД ПР КС ГТ21;%;1;0.0;100.0;
2025.10.27 00:00:00.000 GMT+00:00;3.0;251;21MBM20AS001G§§XQ02;28313482;УП РЕГ КЛ ВВЗД ПР КС ГТ21;%;1;0.0;100.0;
2025.10.27 00:00:00.000 GMT+00:00;0.15914352;195;21MBM21CP103§§XQ01;28313543;Р-Р ПР КС ГТ21;mbar;1;0.0;400.0;
2025.10.27 00:00:00.000 GMT+00:00;0.0;195;21MBP01CF001_§241596§OUT;28311855;Output Value;;1;0.0;100.0;
2025.10.27 00:00:00.000 GMT+00:00;0.05787037;195;21MBP01CF001_§2ABS_P§OUT;28311759;Sum;;1;0.0;100.0;
2025.10.27 00:00:00.000 GMT+00:00;0.002151127;195;21MBP01CF001_§§XQ01;28311880;Расход газа перед ГТУ1 (ст.21);нм3/ч;1;0.0;51238.0;
2025.10.27 00:00:00.000 GMT+00:00;-0.0063581807;195;21MBP01CP001§§XQ01;28311711;dP газа на ф1 н1;кПа;1;0.0;40.0;
2025.10.27 00:00:00.000 GMT+00:00;2.2602148;195;21MBP01CP002§§XQ01;28311792;P газа перед ГТУ1;МПа;1;0.0;4.0;
2025.10.27 00:00:00.000 GMT+00:00;25.200012;195;21MBP01CT001§§XQ01;28311840;T газа перед ГТУ1;°C;1;-50.0;400.0;
2025.10.27 00:00:00.000 GMT+00:00;0.018442687;195;21MBP02CP001§§XQ01;28311763;dP газа на ф2 н1;кПа;1;0.0;40.0;
2025.10.27 00:00:00.000 GMT+00:00;22.641783;195;21MBP13CP101§§XQ01;28313540;Р ПГ ДО КАЗ ГТ21;bar;1;0.0;25.0;
2025.10.27 00:00:00.000 GMT+00:00;0.0;227;21MBP13CT101A§§XQ01;28313515;Т1 ПГ ДО КАЗ ГТ21;°C;1;0.0;250.0;
2025.10.27 00:00:00.000 GMT+00:00;11.132991;195;21MBP13DG151§§OUT;28313437;EGHB;%;1;0.0;100.0;
2025.10.27 00:00:00.000 GMT+00:00;0.49195263;195;21MBP13DG151§§XQ01;28313520;КОНТР УП РК ПГ;%;1;0.0;100.0;
2025.10.27 00:00:00.000 GMT+00:00;11.132991;195;21MBP13DG151§§XQ10;28313489;EGHB;%;1;0.0;100.0;
2025.10.27 00:00:00.000 GMT+00:00;0.0;227;21MBP13FQ101§§XQ01;28313423;NG DENSITY;kg/m³;1;0.7;1.0;
2025.10.27 00:00:00.000 GMT+00:00;0.0;227;21MBP13FQ101§§XQ02;28313420;NG HEAT VALUE;MJ/m³;1;30.0;50.0;
2025.10.27 00:00:00.000 GMT+00:00;0.0;227;21MBP13FT901§§ZQ01;28313502;Т ПГ ДО КАЗ ГТ21;°C;1;0.0;250.0;
2025.10.27 00:00:00.000 GMT+00:00;0.109317884;195;21MBP15DG151§§XQ01;28313537;КОНТР УП РК ПИЛОТ ГАЗ;%;1;0.0;100.0;
2025.10.27 00:00:00.000 GMT+00:00;32.80002;195;21MBR10CT001A§§XQ01;28313538;Т ГАЗА НА ВЫХ ДИФФУЗОРА Т1 ГТ21;°C;1;0.0;700.0;
2025.10.27 00:00:00.000 GMT+00:00;30.899994;195;21MBR10CT002A§§XQ01;28313422;Т ГАЗА НА ВЫХ ДИФФУЗОРА T2 ГТ21;°C;1;0.0;700.0;
2025.10.27 00:00:00.000 GMT+00:00;31.399994;195;21MBR10CT003A§§XQ01;28313442;Т ГАЗА НА ВЫХ ДИФФУЗОРА T3 ГТ21;°C;1;0.0;700.0;
2025.10.27 00:00:00.000 GMT+00:00;35.80002;195;21MBR10CT004A§§XQ01;28313429;Т ГАЗА НА ВЫХ ДИФФУЗОРА T4 ГТ21;°C;1;0.0;700.0;
2025.10.27 00:00:00.000 GMT+00:00;35.200012;195;21MBR10CT005A§§XQ01;28313488;Т ГАЗА НА ВЫХ ДИФФУЗОРА T5 ГТ21;°C;1;0.0;700.0;
2025.10.27 00:00:00.000 GMT+00:00;32.700012;195;21MBR10CT006A§§XQ01;28313435;Т ГАЗА НА ВЫХ ДИФФУЗОРА T6 ГТ21;°C;1;0.0;700.0;
2025.10.27 00:00:00.000 GMT+00:00;33.133343;195;21MBR10CT901§§ZQ01;28315325;Т ГАЗА НА ВЫХ ДИФУЗОРА ГТ21;°C;1;0.0;700.0;
2025.10.27 00:00:00.000 GMT+00:00;371.98892;195;21MBV10CL101§§OUT;28313498;L МСЛ МБ СИСТ СМЗ ГТ21;mm;1;0.0;750.0;
2025.10.27 00:00:00.000 GMT+00:00;46.40001;195;21MBV10CT101A§§XQ01;28313417;Т МСЛ МБ СИСТ СМЗ ГТ21;°C;1;0.0;100.0;
2025.10.27 00:00:00.000 GMT+00:00;46.40001;195;21MBV10CT101B§§XQ01;28313529;Т МСЛ МБ СИСТ СМЗ ГТ21;°C;1;0.0;100.0;
2025.10.27 00:00:00.000 GMT+00:00;0.0;227;21MBV21AP001§3217121§MAINTAL;28314705;Maintenance Alarm Limit;;1;0.0;100.0;
2025.10.27 00:00:00.000 GMT+00:00;0.0;227;21MBV21AP001§3217121§MAINTINT;28314692;Maintenance Interval (hours);;1;0.0;100.0;
2025.10.27 00:00:00.000 GMT+00:00;0.0;227;21MBV21AP001§3217122§MAINTAL;28314046;Maintenance Alarm Limit;;1;0.0;100.0;
2025.10.27 00:00:00.000 GMT+00:00;0.0;227;21MBV21AP001§3217122§MAINTINT;28314590;Maintenance Interval (hours);;1;0.0;100.0;
2025.10.27 00:00:00.000 GMT+00:00;40.7903;195;21MBV21AP001§§XQ01;28313483;ТОК ДВИГАТЕЛЯ ГМН ГТ21;А;1;-5.0;100.0;
2025.10.27 00:00:00.000 GMT+00:00;87654.09;195;21MBV21AP001§§XQ11;28314762;ГМН;;1;0.0;100.0;
2025.10.27 00:00:00.000 GMT+00:00;661.0;195;21MBV21AP001§§XQ12;28314761;ГМН;;1;0.0;100.0;
2025.10.27 00:00:00.000 GMT+00:00;87654.09;195;21MBV21AP001§§XQ13;28314765;ГМН;;1;0.0;100.0;
2025.10.27 00:00:00.000 GMT+00:00;661.0;195;21MBV21AP001§§XQ14;28314764;ГМН;;1;0.0;100.0;
2025.10.27 00:00:00.000 GMT+00:00;0.0;227;21MBV21AP002§3217121§MAINTAL;28314218;Maintenance Alarm Limit;;1;0.0;100.0;
2025.10.27 00:00:00.000 GMT+00:00;0.0;227;21MBV21AP002§3217121§MAINTINT;28314768;Maintenance Interval (hours);;1;0.0;100.0;
2025.10.27 00:00:00.000 GMT+00:00;0.0;227;21MBV21AP002§3217122§MAINTAL;28314852;Maintenance Alarm Limit;;1;0.0;100.0;
2025.10.27 00:00:00.000 GMT+00:00;0.0;227;21MBV21AP002§3217122§MAINTINT;28314845;Maintenance Interval (hours);;1;0.0;100.0;
2025.10.27 00:00:00.000 GMT+00:00;42.755833;195;21MBV21AP002§§XQ01;28313516;ТОК ДВИГАТЕЛЯ ВМН ГТ21;А;1;-5.0;100.0;
2025.10.27 00:00:00.000 GMT+00:00;7009.8;195;21MBV21AP002§§XQ11;28314626;ВМН;;1;0.0;100.0;
2025.10.27 00:00:00.000 GMT+00:00;1668.0;195;21MBV21AP002§§XQ12;28314627;ВМН;;1;0.0;100.0;
2025.10.27 00:00:00.000 GMT+00:00;7009.8;195;21MBV21AP002§§XQ13;28314628;ВМН;;1;0.0;100.0;
2025.10.27 00:00:00.000 GMT+00:00;1668.0;195;21MBV21AP002§§XQ14;28314629;ВМН;;1;0.0;100.0;
2025.10.27 00:00:00.000 GMT+00:00;0.0;227;21MBV21AP003§3217121§MAINTAL;28314828;Maintenance Alarm Limit;;1;0.0;100.0;
2025.10.27 00:00:00.000 GMT+00:00;0.0;227;21MBV21AP003§3217121§MAINTINT;28314447;Maintenance Interval (hours);;1;0.0;100.0;
2025.10.27 00:00:00.000 GMT+00:00;0.0;227;21MBV21AP003§3217122§MAINTAL;28314766;Maintenance Alarm Limit;;1;0.0;100.0;
2025.10.27 00:00:00.000 GMT+00:00;0.0;227;21MBV21AP003§3217122§MAINTINT;28314089;Maintenance Interval (hours);;1;0.0;100.0;
2025.10.27 00:00:00.000 GMT+00:00;0.0;11;21MBV21AP003§§OUT;28313477;АМНС СИСТ СМАЗКИ ГТ21;А;2;-5.0;100.0;
2025.10.27 00:00:00.000 GMT+00:00;6.927575;195;21MBV21AP003§§XQ01;28314926;ТОК ДВИГАТЕЛЯ АМН ГТ21;А;1;-5.0;100.0;
2025.10.27 00:00:00.000 GMT+00:00;1938.64;195;21MBV21AP003§§XQ11;28314536;АМН;;1;0.0;100.0;
2025.10.27 00:00:00.000 GMT+00:00;1104.0;195;21MBV21AP003§§XQ12;28314537;АМН;;1;0.0;100.0;
2025.10.27 00:00:00.000 GMT+00:00;1938.64;195;21MBV21AP003§§XQ13;28314539;АМН;;1;0.0;100.0;
2025.10.27 00:00:00.000 GMT+00:00;1104.0;195;21MBV21AP003§§XQ14;28314540;АМН;;1;0.0;100.0;
2025.10.27 00:00:00.000 GMT+00:00;41.119835;195;21MBV21CE002§§XQ01;28311803;I 21ГМН;А;1;0.0;100.0;
2025.10.27 00:00:00.000 GMT+00:00;42.276417;195;21MBV21CE102§§XQ01;28311848;I 21ВМНС;А;1;0.0;100.0;
2025.10.27 00:00:00.000 GMT+00:00;6.93108;195;21MBV21CE203§§XQ01;28311796;I 21АМНС;A;1;0.0;50.0;
2025.10.27 00:00:00.000 GMT+00:00;0.34870514;195;21MBV25CP001§§XQ01;28315362;dP НА Ф СИСТЕМЫ СМАЗКИ ГТ21;бар;1;0.0;1.0;
2025.10.27 00:00:00.000 GMT+00:00;2.6019986;195;21MBV26CP101§§XQ01;28313439;Р МСЛ СМЗ ПЕРЕД ПОДШ ГТ21;bar;1;0.0;3.0;
2025.10.27 00:00:00.000 GMT+00:00;43.0;195;21MBV26CT101A§§XQ01;28313428;Т МСЛ СМЗ ПЕРЕД ПОДШ ГТ21;°C;1;0.0;100.0;
2025.10.27 00:00:00.000 GMT+00:00;-0.69999695;195;21MBV26DT001§245694§OUT;28311871;Output Value;;1;0.0;100.0;
2025.10.27 00:00:00.000 GMT+00:00;43.0;227;21MBV26DT001§§XQ02;28311885;РК;°C;1;42.0;46.0;
2025.10.27 00:00:00.000 GMT+00:00;0.0;227;21MBV31AP001§3217121§MAINTAL;28314115;Maintenance Alarm Limit;;1;0.0;100.0;
2025.10.27 00:00:00.000 GMT+00:00;0.0;227;21MBV31AP001§3217121§MAINTINT;28314509;Maintenance Interval (hours);;1;0.0;100.0;
2025.10.27 00:00:00.000 GMT+00:00;0.0;227;21MBV31AP001§3217122§MAINTAL;28314652;Maintenance Alarm Limit;;1;0.0;100.0;
2025.10.27 00:00:00.000 GMT+00:00;0.0;227;21MBV31AP001§3217122§MAINTINT;28314553;Maintenance Interval (hours);;1;0.0;100.0;
2025.10.27 00:00:00.000 GMT+00:00;44.525505;195;21MBV31AP001§§XQ01;28313448;ТОК ДВИГАТЕЛЯ НГП ГТ21;А;1;-5.0;100.0;
2025.10.27 00:00:00.000 GMT+00:00;7356.13;195;21MBV31AP001§§XQ11;28314676;НГП;;1;0.0;100.0;
2025.10.27 00:00:00.000 GMT+00:00;1417.0;195;21MBV31AP001§§XQ12;28314677;НГП;;1;0.0;100.0;
2025.10.27 00:00:00.000 GMT+00:00;7356.13;195;21MBV31AP001§§XQ13;28314678;НГП;;1;0.0;100.0;
2025.10.27 00:00:00.000 GMT+00:00;1417.0;195;21MBV31AP001§§XQ14;28314679;НГП;;1;0.0;100.0;
2025.10.27 00:00:00.000 GMT+00:00;44.50899;195;21MBV31CE002§§XQ01;28311597;I 21МНГ;А;1;0.0;100.0;
2025.10.27 00:00:00.000 GMT+00:00;0.0;227;21MBV50AN001§3217121§MAINTAL;28314161;Maintenance Alarm Limit;;1;0.0;100.0;
2025.10.27 00:00:00.000 GMT+00:00;0.0;227;21MBV50AN001§3217121§MAINTINT;28314154;Maintenance Interval (hours);;1;0.0;100.0;
2025.10.27 00:00:00.000 GMT+00:00;0.0;227;21MBV50AN001§3217122§MAINTAL;28314857;Maintenance Alarm Limit;;1;0.0;100.0;
2025.10.27 00:00:00.000 GMT+00:00;0.0;227;21MBV50AN001§3217122§MAINTINT;28314682;Maintenance Interval (hours);;1;0.0;100.0;
2025.10.27 00:00:00.000 GMT+00:00;100.0;99;21MBV50AN001§§XQ01;28313504;ТОК ДВИГАТЕЛЯ ЭКСГАУСТЕРА ГТ21;А;1;0.0;100.0;
2025.10.27 00:00:00.000 GMT+00:00;88353.54;195;21MBV50AN001§§XQ11;28314348;Э;;1;0.0;100.0;
2025.10.27 00:00:00.000 GMT+00:00;376.0;195;21MBV50AN001§§XQ12;28314347;Э;;1;0.0;100.0;
2025.10.27 00:00:00.000 GMT+00:00;88353.54;195;21MBV50AN001§§XQ13;28314346;Э;;1;0.0;100.0;
2025.10.27 00:00:00.000 GMT+00:00;376.0;195;21MBV50AN001§§XQ14;28314345;Э;;1;0.0;100.0;
2025.10.27 00:00:00.000 GMT+00:00;15.43;67;21MBV90CT001A§257037§OUT;28315262;Output Value;°C;1;0.0;100.0;
2025.10.27 00:00:00.000 GMT+00:00;0.0;27;21MBV90CT001A§§XQ01;28313960;T МСЛ СЛ ПОДШ T;°C;1;0.0;100.0;
2025.10.27 00:00:00.000 GMT+00:00;15.7;67;21MBV90CT002A§257038§OUT;28315263;Output Value;°C;1;0.0;100.0;
2025.10.27 00:00:00.000 GMT+00:00;0.0;27;21MBV90CT002A§§XQ01;28314008;T МСЛ СЛ ПОДШ КК;°C;1;0.0;100.0;
2025.10.27 00:00:00.000 GMT+00:00;0.0;195;21MBX01CL101§§XQ01;28313421;L МСЛ МБ СИСТ РЕГ ГТ21;%;1;0.0;100.0;
2025.10.27 00:00:00.000 GMT+00:00;0.0;227;21MBX02AP001§3217121§MAINTAL;28314037;Maintenance Alarm Limit;;1;0.0;100.0;
2025.10.27 00:00:00.000 GMT+00:00;0.0;227;21MBX02AP001§3217121§MAINTINT;28314887;Maintenance Interval (hours);;1;0.0;100.0;
2025.10.27 00:00:00.000 GMT+00:00;0.0;227;21MBX02AP001§3217122§MAINTAL;28314572;Maintenance Alarm Limit;;1;0.0;100.0;
2025.10.27 00:00:00.000 GMT+00:00;0.0;227;21MBX02AP001§3217122§MAINTINT;28314262;Maintenance Interval (hours);;1;0.0;100.0;
2025.10.27 00:00:00.000 GMT+00:00;0.08680555;195;21MBX02AP001§§XQ01;28313534;ТОК ДВИГАТЕЛЯ МНСР 1;A;1;0.0;500.0;
2025.10.27 00:00:00.000 GMT+00:00;40537.24;195;21MBX02AP001§§XQ11;28314309;НСР-1;;1;0.0;100.0;
2025.10.27 00:00:00.000 GMT+00:00;481.0;195;21MBX02AP001§§XQ12;28314313;НСР-1;;1;0.0;100.0;
2025.10.27 00:00:00.000 GMT+00:00;40537.24;195;21MBX02AP001§§XQ13;28314310;НСР-1;;1;0.0;100.0;
2025.10.27 00:00:00.000 GMT+00:00;481.0;195;21MBX02AP001§§XQ14;28314315;НСР-1;;1;0.0;100.0;
2025.10.27 00:00:00.000 GMT+00:00;0.0;227;21MBX02AP002§3217121§MAINTAL;28314758;Maintenance Alarm Limit;;1;0.0;100.0;
2025.10.27 00:00:00.000 GMT+00:00;0.0;227;21MBX02AP002§3217121§MAINTINT;28314471;Maintenance Interval (hours);;1;0.0;100.0;
2025.10.27 00:00:00.000 GMT+00:00;0.0;227;21MBX02AP002§3217122§MAINTAL;28314717;Maintenance Alarm Limit;;1;0.0;100.0;
2025.10.27 00:00:00.000 GMT+00:00;0.0;227;21MBX02AP002§3217122§MAINTINT;28314202;Maintenance Interval (hours);;1;0.0;100.0;
2025.10.27 00:00:00.000 GMT+00:00;0.1736111;195;21MBX02AP002§§XQ01;28313513;ТОК ДВИГАТЕЛЯ МНСР 2;A;1;0.0;50.0;
2025.10.27 00:00:00.000 GMT+00:00;40117.01;227;21MBX02AP002§§XQ11;28314173;НСР-2;;1;0.0;100.0;
2025.10.27 00:00:00.000 GMT+00:00;389.0;195;21MBX02AP002§§XQ12;28314174;НСР-2;;1;0.0;100.0;
2025.10.27 00:00:00.000 GMT+00:00;40117.01;227;21MBX02AP002§§XQ13;28314168;НСР-2;;1;0.0;100.0;
2025.10.27 00:00:00.000 GMT+00:00;389.0;195;21MBX02AP002§§XQ14;28314169;НСР-2;;1;0.0;100.0;
2025.10.27 00:00:00.000 GMT+00:00;0.09113826;195;21MBX02CE002§§XQ01;28311740;I 21МНР-1;А;1;0.0;50.0;
2025.10.27 00:00:00.000 GMT+00:00;0.1736111;195;21MBX02CE102§§XQ01;28311570;I 21МНР-2;А;1;0.0;50.0;
2025.10.27 00:00:00.000 GMT+00:00;0.0;195;21MBX03CP101§§XQ01;28313413;Р МСЛ СИСТ РЕГ ГТ21;bar;1;0.0;250.0;
2025.10.27 00:00:00.000 GMT+00:00;0.0;227;21MBX06AH001§3217121§MAINTAL;28314088;Maintenance Alarm Limit;;1;0.0;100.0;
2025.10.27 00:00:00.000 GMT+00:00;0.0;227;21MBX06AH001§3217121§MAINTINT;28314512;Maintenance Interval (hours);;1;0.0;100.0;
2025.10.27 00:00:00.000 GMT+00:00;0.0;227;21MBX06AH001§3217122§MAINTAL;28314591;Maintenance Alarm Limit;;1;0.0;100.0;
2025.10.27 00:00:00.000 GMT+00:00;0.0;227;21MBX06AH001§3217122§MAINTINT;28314302;Maintenance Interval (hours);;1;0.0;100.0;
2025.10.27 00:00:00.000 GMT+00:00;100.0;99;21MBX06AH001§§XQ01;28313481;ТОК ДВИГАТЕЛЯ ВЕНТ ОХЛ;А;1;0.0;100.0;
2025.10.27 00:00:00.000 GMT+00:00;11252.01;227;21MBX06AH001§§XQ11;28314581;В;;1;0.0;100.0;
2025.10.27 00:00:00.000 GMT+00:00;14322.0;227;21MBX06AH001§§XQ12;28314576;В;;1;0.0;100.0;
2025.10.27 00:00:00.000 GMT+00:00;11252.01;227;21MBX06AH001§§XQ13;28314577;В;;1;0.0;100.0;
2025.10.27 00:00:00.000 GMT+00:00;14322.0;227;21MBX06AH001§§XQ14;28314587;В;;1;0.0;100.0;
2025.10.27 00:00:00.000 GMT+00:00;33.0;195;21MBX06CT101§§XQ01;28313467;Т МАСЛА МБ СИСТ РЕГ ГТ21;°C;1;0.0;95.0;
2025.10.27 00:00:00.000 GMT+00:00;0.036169052;195;21MBY10CE901§§XQ01;28313470;АКТИВНАЯ МОЩНОСТЬ ГТ21;МВт;1;-20.0;200.0;
2025.10.27 00:00:00.000 GMT+00:00;0.036169052;195;21MBY10CE901§§XQ91;28313518;АКТИВНАЯ МОЩНОСТЬ ГТ21;MW;1;-20.0;200.0;
2025.10.27 00:00:00.000 GMT+00:00;88.523544;195;21MBY10CS901§§ZQ02;28313404;СКОРОСТЬ ВРЩ ГТ21;об/мин;1;0.0;3500.0;
2025.10.27 00:00:00.000 GMT+00:00;1.4732473;195;21MBY10CS901§§ZQ12;28313456;ЧАСТОТА ВРЩ ГТ21;Гц;1;0.0;60.0;
2025.10.27 00:00:00.000 GMT+00:00;5.0;195;21MBY10DE010§257149§OUT;28315321;Output Value;K;1;-400.0;400.0;
2025.10.27 00:00:00.000 GMT+00:00;5.0;195;21MBY10DE010§§XQ01;28313460;ЗДН МОЩНОСТИ ГТ21;МВт;1;-6.0;200.0;
2025.10.27 00:00:00.000 GMT+00:00;0.0;195;21MBY10DE010§§XQ02;28313459;ЗДН МОЩНОСТИ ГТ21;МВт;1;-6.0;200.0;
2025.10.27 00:00:00.000 GMT+00:00;5.0;195;21MBY10DE010§§XQ51;28315333;ЗАДАТЧИК МОЩНОСТИ;MW;1;-6.0;200.0;
2025.10.27 00:00:00.000 GMT+00:00;0.0;227;21MBY10DE011§305381§OUT;28313463;Output Value;MW;1;-20.0;180.0;
2025.10.27 00:00:00.000 GMT+00:00;1.0;195;21MBY10DG010§§XQ01;28313468;ОГР ПУСКОВОЙ ФУНКЦИИ HL155;%;1;0.0;100.0;
2025.10.27 00:00:00.000 GMT+00:00;0.0;195;21MBY10DG010§§XQ12;28313454;ОГР ПУСКОВОЙ ФУНКЦИИ SWF;%;1;0.0;100.0;
2025.10.27 00:00:00.000 GMT+00:00;49.9;227;21MBY10DS010§OM§XQ52;28313406;ЗДН ЧАСТОТЫ ВРЩ ГТ21;s-1;1;49.9;50.1;
2025.10.27 00:00:00.000 GMT+00:00;50.05;195;21MBY10DS010§§ZQ01;28313496;ЗДН ЧАСТОТЫ ВРЩ ГТ21;s-1;1;0.0;60.0;
2025.10.27 00:00:00.000 GMT+00:00;50.05;195;21MBY10DS010§§ZQ02;28313494;ЗДН ЧАСТОТЫ ВРЩ ГТ21;Гц;1;0.0;60.0;
2025.10.27 00:00:00.000 GMT+00:00;531.0;195;21MBY10DT010§§XQ02;28313484;Т БАЗОВОЙ НАГРУЗКИ;°C;1;0.0;700.0;
2025.10.27 00:00:00.000 GMT+00:00;0.3400791;195;21MBY10DT040§§XQ02;28313501;ТЕК ПОЛОЖ ВНА;%;1;0.0;100.0;
2025.10.27 00:00:00.000 GMT+00:00;531.0;195;21MBY10DT040§§XQ03;28313508;ЗДН Т ПОЛОЖ ВНА;°C;1;0.0;700.0;
2025.10.27 00:00:00.000 GMT+00:00;0.0;195;21MBY10DT040§§XQ04;28315365;IGV STEP CTRL SP DY;%;1;0.0;100.0;
2025.10.27 00:00:00.000 GMT+00:00;0.35436657;195;21MBY10DT040§§XQ51;28313457;ЗДН ПОЛОЖ ВНА;%;1;0.0;100.0;
2025.10.27 00:00:00.000 GMT+00:00;0.0;227;21MBY10DT041§§XQ01;28313514;ЗДН ПОЛОЖ ВНА ВНЕШНИЕ;%;1;0.0;100.0;
2025.10.27 00:00:00.000 GMT+00:00;5.0;227;21MBY10DU050§119224§OUT;28313493;Output Value;;1;0.0;100.0;
2025.10.27 00:00:00.000 GMT+00:00;15.0;195;21MBY10DU050§119230§OUT;28313426;Output Value;;1;0.0;100.0;
2025.10.27 00:00:00.000 GMT+00:00;15.0;195;21MBY10DU050§OM§XQ54;28313530;ЗДН ЗОНА НЕЧУСТВИТЕЛЬНОСТИ;mHz;1;0.0;10.0;
2025.10.27 00:00:00.000 GMT+00:00;0.0;227;21MBY10DU050§§XQ01;28313495;РЕГ СКОРОСТИ / МОЩНОСТИ;MW;1;-40.0;40.0;
2025.10.27 00:00:00.000 GMT+00:00;5.0;227;21MBY10DU050§§XQ53;28313452;ЗДН НЕРАВНОМЕРНОСТЬ;%;1;3.0;8.0;
2025.10.27 00:00:00.000 GMT+00:00;0.0;227;21MBY10DU050§§XQ55;28313451;ЗДН МАКС ОТКЛН МОЩНОСТИ;MW;1;0.0;75.0;
2025.10.27 00:00:00.000 GMT+00:00;0.0;227;21MBY10DU051§122160§OUT;28313399;Output Value;;1;0.0;100.0;
2025.10.27 00:00:00.000 GMT+00:00;0.0;227;21MBY10DU051§XQ59§XQ59;28313412;ЗДН ОТКЛН ЧАСТОТЫ;s-1;1;49.9;50.1;
2025.10.27 00:00:00.000 GMT+00:00;0.0;227;21MBY10DU051§§XQ01;28315064;ТЕСТ РЕЖ РЕГ СКОР/МОЩ ГТ22;мГц;1;-350.0;350.0;
2025.10.27 00:00:00.000 GMT+00:00;0.0;227;21MBY10DU051§§XQ02;28315063;ТЕСТ РЕЖ РЕГ СКОР/МОЩ ГТ22;;1;-1.0;1.0;
2025.10.27 00:00:00.000 GMT+00:00;0.0;195;21MBY10DU060§§XQ01;28313539;ВЫХ СИЛЕКТОРА МИН (YMIN);%;1;0.0;100.0;
2025.10.27 00:00:00.000 GMT+00:00;0.0;195;21MBY10DU060§§XQ02;28313528;ВЫХ СИЛЕКТОРА МИН (JGES);%;1;0.0;100.0;
2025.10.27 00:00:00.000 GMT+00:00;3446.3252;227;21MBY10EP801A§175702§OFFS;28314877;Actual Offset Value;;1;0.0;100.0;
2025.10.27 00:00:00.000 GMT+00:00;3446.3252;227;21MBY10EP801A§§OUT;28314560;DYN OP HOURS;h;1;0.0;1.0E7;
2025.10.27 00:00:00.000 GMT+00:00;0.0;227;21MBY10EP801A§§OUT_;28314573;DYN OP HOURS;;1;0.0;100.0;
2025.10.27 00:00:00.000 GMT+00:00;186.0;227;21MBY10EP801§143547§OFFS;28313427;Actual Offset Value;;1;0.0;100.0;
2025.10.27 00:00:00.000 GMT+00:00;267.0;195;21MBY10EP801§143547§OUT;28313535;Output Value;;1;0.0;100.0;
2025.10.27 00:00:00.000 GMT+00:00;0.0;227;21MBY10EP801§143551§OFFS;28313526;Actual Offset Value;;1;0.0;100.0;
2025.10.27 00:00:00.000 GMT+00:00;0.0;227;21MBY10EP801§143551§OUT;28313541;Output Value;;1;0.0;100.0;
2025.10.27 00:00:00.000 GMT+00:00;0.0;227;21MBY10EP801§143629§OFFS;28313464;Actual Offset Value;;1;0.0;100.0;
2025.10.27 00:00:00.000 GMT+00:00;0.0;227;21MBY10EP801§143629§OUT;28313405;Output Value;;1;0.0;100.0;
2025.10.27 00:00:00.000 GMT+00:00;0.0;11;21MBY10EP801§247430§OUT;28315030;Output Value;%;2;0.0;100.0;
2025.10.27 00:00:00.000 GMT+00:00;0.0;11;21MBY10EP801§247431§OUT;28315032;Sum;%;2;0.0;100.0;
2025.10.27 00:00:00.000 GMT+00:00;0.0;11;21MBY10EP801§XQ99§OUT;28315033;Sum;;2;0.0;100.0;
2025.10.27 00:00:00.000 GMT+00:00;0.0;11;21MBY10EP801§§OUT;28315031;ЭКВ ЧАСЫ НАРАБ ГТ21;%;2;0.0;1.0E7;
2025.10.27 00:00:00.000 GMT+00:00;86496.22;227;21MBY10EP801§§XQ10;28313503;ЭКВ ЧАСЫ НАРАБ ГТ21;час;1;0.0;100000.0;
2025.10.27 00:00:00.000 GMT+00:00;267.0;195;21MBY10EP801§§XQ11;28313500;ЭКВ ЧАСЫ НАРАБ ГТ21;;1;0.0;100000.0;
2025.10.27 00:00:00.000 GMT+00:00;0.0;227;21MBY10EP801§§XQ12;28313507;ЭКВ ЧАСЫ НАРАБ ГТ21;;1;0.0;100000.0;
2025.10.27 00:00:00.000 GMT+00:00;80384.0;195;21MBY10EP801§§XQ13;28313505;ЭКВ ЧАСЫ НАРАБ ГТ21;час;1;0.0;1.0E7;
2025.10.27 00:00:00.000 GMT+00:00;18.623333;227;21MBY10EP801§§XQ14;28313510;ЭКВ ЧАСЫ НАРАБ ГТ21;час;1;0.0;1.0E7;
2025.10.27 00:00:00.000 GMT+00:00;3446.3252;27;21MBY10EP801§§XQ15;28313509;ЭКВ ЧАСЫ НАРАБ ГТ21;час;1;0.0;1.0E7;
2025.10.27 00:00:00.000 GMT+00:00;0.0;11;21MBY10EP801§§XQ90;28315339;ЭКВ ЧАСЫ НАРАБ ГТ21;;2;0.0;100000.0;
2025.10.27 00:00:00.000 GMT+00:00;0.0;11;21MBY10EP801§§XQ98;28315035;ЭКВ ЧАСЫ НАРАБ ГТ21;;2;0.0;100.0;
2025.10.27 00:00:00.000 GMT+00:00;0.0;11;21MBY10EP801§§XQ99;28315034;ЭКВ ЧАСЫ НАРАБ ГТ21;;2;0.0;100.0;
2025.10.27 00:00:00.000 GMT+00:00;91.19975;227;21MBY10EP802§143907§OFFS;28313400;Actual Offset Value;;1;0.0;100.0;
2025.10.27 00:00:00.000 GMT+00:00;103.59956;227;21MBY10EP802§143907§OUT;28313458;Output Value;;1;0.0;100.0;
2025.10.27 00:00:00.000 GMT+00:00;103.59956;227;21MBY10EP802§§XQ01;28313433;НЕДОП ОБОРОТЫ ГТУ;сек;1;0.0;10000.0;
2025.10.27 00:00:00.000 GMT+00:00;3.7397518;195;21MKA01CE003§§XQ01;28313086;АКТ N Г-21;МВт;1;-262.0;262.0;
2025.10.27 00:00:00.000 GMT+00:00;0.09099084;195;21MKA01CE004§§XQ01;28312993;РЕАКТ N Г-21;МВар;1;-265.0;265.0;
2025.10.27 00:00:00.000 GMT+00:00;44.000313;3;21MKA01CE005§§XQ01;28313055;ЧАСТ Г-21;ГЦ;1;45.0;55.0;
2025.10.27 00:00:00.000 GMT+00:00;16.688421;195;21MKA01CE012§§XQ01;28313028;I Г-21 ФАЗА A;А;1;0.0;10000.0;
2025.10.27 00:00:00.000 GMT+00:00;11.516204;195;21MKA01CE022§§XQ01;28313077;I Г-21 ФАЗА B;А;1;0.0;10000.0;
2025.10.27 00:00:00.000 GMT+00:00;20.132578;195;21MKA01CE032§§XQ01;28313062;I Г-21 ФАЗА C;А;1;0.0;10000.0;
2025.10.27 00:00:00.000 GMT+00:00;5.662616;195;21MKA01CE041§§XQ01;28313045;U AB Г-21;В;1;0.0;19700.0;
2025.10.27 00:00:00.000 GMT+00:00;-5.6597223;195;21MKA01CE051§§XQ01;28313004;U BC Г-21;В;1;0.0;19700.0;
2025.10.27 00:00:00.000 GMT+00:00;39.45602;195;21MKA01CE061§§XQ01;28313104;U CA Г-21;В;1;0.0;19700.0;
2025.10.27 00:00:00.000 GMT+00:00;31.360846;195;21MKA01CE071§§XQ01;28313034;3Uo Г-21;В;1;0.0;43080.0;
2025.10.27 00:00:00.000 GMT+00:00;-0.010660016;195;21MKA01CE103§§XQ01;28312996;АКТ N ТРФ СИСТ ВОЗБ 21MKC01;MВт;1;-18.7;18.7;
2025.10.27 00:00:00.000 GMT+00:00;50.01715;195;21MKA01CE105§§XQ01;28313020;ЧАСТ НН БЛ ТРФ 21BAT01;ГЦ;1;45.0;55.0;
2025.10.27 00:00:00.000 GMT+00:00;22.01;67;21MKA03CT101§256973§OUT;28315198;Output Value;°C;1;0.0;1000.0;
2025.10.27 00:00:00.000 GMT+00:00;0.0;27;21MKA03CT101§§XQ01;28313913;T ОБМ СТАТ Т П3;°C;1;0.0;100.0;
2025.10.27 00:00:00.000 GMT+00:00;22.52;67;21MKA03CT102§256974§OUT;28315199;Output Value;°C;1;0.0;1000.0;
2025.10.27 00:00:00.000 GMT+00:00;0.0;27;21MKA03CT102§§XQ01;28314002;T ОБМ СТАТ Т П11;°C;1;0.0;100.0;
2025.10.27 00:00:00.000 GMT+00:00;0.0;67;21MKA03CT103§256975§OUT;28315200;Output Value;°C;1;0.0;1000.0;
2025.10.27 00:00:00.000 GMT+00:00;0.0;27;21MKA03CT103§§XQ01;28314032;T ОБМ СТАТ Т П23;°C;1;0.0;100.0;
2025.10.27 00:00:00.000 GMT+00:00;21.99;67;21MKA03CT104§256976§OUT;28315201;Output Value;°C;1;0.0;1000.0;
2025.10.27 00:00:00.000 GMT+00:00;0.0;27;21MKA03CT104§§XQ01;28313936;T ОБМ СТАТ Т П31;°C;1;0.0;100.0;
2025.10.27 00:00:00.000 GMT+00:00;21.86;67;21MKA03CT105§256977§OUT;28315202;Output Value;°C;1;0.0;1000.0;
2025.10.27 00:00:00.000 GMT+00:00;0.0;27;21MKA03CT105§§XQ01;28313875;T ОБМ СТАТ Т П43;°C;1;0.0;100.0;
2025.10.27 00:00:00.000 GMT+00:00;22.01;67;21MKA03CT106§256978§OUT;28315203;Output Value;°C;1;0.0;1000.0;
2025.10.27 00:00:00.000 GMT+00:00;0.0;27;21MKA03CT106§§XQ01;28313925;T ОБМ СТАТ Т П51;°C;1;0.0;100.0;
2025.10.27 00:00:00.000 GMT+00:00;22.14;67;21MKA03CT107§256979§OUT;28315204;Output Value;°C;1;0.0;1000.0;
2025.10.27 00:00:00.000 GMT+00:00;0.0;27;21MKA03CT107§§XQ01;28313830;T ОБМ СТАТ КК П3;°C;1;0.0;100.0;
2025.10.27 00:00:00.000 GMT+00:00;22.39;67;21MKA03CT108§256980§OUT;28315205;Output Value;°C;1;0.0;1000.0;
2025.10.27 00:00:00.000 GMT+00:00;0.0;27;21MKA03CT108§§XQ01;28313882;T ОБМ СТАТ КК П11;°C;1;0.0;100.0;
2025.10.27 00:00:00.000 GMT+00:00;22.26;67;21MKA03CT109§256981§OUT;28315206;Output Value;°C;1;0.0;1000.0;
2025.10.27 00:00:00.000 GMT+00:00;0.0;27;21MKA03CT109§§XQ01;28313832;T ОБМ СТАТ КК П23;°C;1;0.0;100.0;
2025.10.27 00:00:00.000 GMT+00:00;21.81;67;21MKA03CT110§256982§OUT;28315207;Output Value;°C;1;0.0;1000.0;
2025.10.27 00:00:00.000 GMT+00:00;0.0;27;21MKA03CT110§§XQ01;28313933;T ОБМ СТАТ КК П31;°C;1;0.0;100.0;
2025.10.27 00:00:00.000 GMT+00:00;22.14;67;21MKA03CT111§256983§OUT;28315208;Output Value;°C;1;0.0;1000.0;
2025.10.27 00:00:00.000 GMT+00:00;0.0;27;21MKA03CT111§§XQ01;28313943;T ОБМ СТАТ КК П43;°C;1;0.0;100.0;
2025.10.27 00:00:00.000 GMT+00:00;21.73;67;21MKA03CT112§256984§OUT;28315209;Output Value;°C;1;0.0;1000.0;
2025.10.27 00:00:00.000 GMT+00:00;0.0;27;21MKA03CT112§§XQ01;28313842;T ОБМ СТАТ КК П51;°C;1;0.0;100.0;
2025.10.27 00:00:00.000 GMT+00:00;22.42;67;21MKA04CT101§256985§OUT;28315210;Output Value;°C;1;0.0;1000.0;
2025.10.27 00:00:00.000 GMT+00:00;0.0;27;21MKA04CT101§§XQ01;28313901;T АКТ СТ СЕРД СТАТ Т П3;°C;1;0.0;100.0;
2025.10.27 00:00:00.000 GMT+00:00;22.75;67;21MKA04CT102§256986§OUT;28315211;Output Value;°C;1;0.0;1000.0;
2025.10.27 00:00:00.000 GMT+00:00;0.0;27;21MKA04CT102§§XQ01;28313963;T АКТ СТ СЕРД СТАТ Т П11;°C;1;0.0;100.0;
2025.10.27 00:00:00.000 GMT+00:00;0.0;11;21MKA04CT103§256987§OUT;28315212;Output Value;°C;2;0.0;1000.0;
2025.10.27 00:00:00.000 GMT+00:00;22.92;67;21MKA04CT103§256995§OUT;28315220;Output Value;°C;1;0.0;1000.0;
2025.10.27 00:00:00.000 GMT+00:00;0.0;27;21MKA04CT103§§XQ01;28313971;T АКТ СТ СЕРД СТАТ Т П23;°C;1;0.0;100.0;
2025.10.27 00:00:00.000 GMT+00:00;0.0;11;21MKA04CT104§256988§OUT;28315213;Output Value;°C;2;0.0;1000.0;
2025.10.27 00:00:00.000 GMT+00:00;22.54;67;21MKA04CT104§256996§OUT;28315221;Output Value;°C;1;0.0;1000.0;
2025.10.27 00:00:00.000 GMT+00:00;0.0;27;21MKA04CT104§§XQ01;28313864;T АКТ СТ СЕРД СТАТ Т П31;°C;1;0.0;100.0;
2025.10.27 00:00:00.000 GMT+00:00;0.0;11;21MKA04CT105§256989§OUT;28315214;Output Value;°C;2;0.0;1000.0;
2025.10.27 00:00:00.000 GMT+00:00;22.19;67;21MKA04CT105§256997§OUT;28315222;Output Value;°C;1;0.0;1000.0;
2025.10.27 00:00:00.000 GMT+00:00;0.0;27;21MKA04CT105§§XQ01;28313902;T АКТ СТ СЕРД СТАТ Т П43;°C;1;0.0;100.0;
2025.10.27 00:00:00.000 GMT+00:00;22.16;67;21MKA04CT106§256998§OUT;28315223;Output Value;°C;1;0.0;1000.0;
2025.10.27 00:00:00.000 GMT+00:00;0.0;27;21MKA04CT106§§XQ01;28313893;T АКТ СТ СЕРД СТАТ Т П51;°C;1;0.0;100.0;
2025.10.27 00:00:00.000 GMT+00:00;0.0;11;21MKA04CT107§256990§OUT;28315215;Output Value;°C;2;0.0;1000.0;
2025.10.27 00:00:00.000 GMT+00:00;22.34;67;21MKA04CT107§256999§OUT;28315224;Output Value;°C;1;0.0;1000.0;
2025.10.27 00:00:00.000 GMT+00:00;0.0;27;21MKA04CT107§§XQ01;28313888;T АКТ СТ СЕРД СТАТ КК П3;°C;1;0.0;100.0;
2025.10.27 00:00:00.000 GMT+00:00;0.0;11;21MKA04CT108§256991§OUT;28315216;Output Value;°C;2;0.0;1000.0;
2025.10.27 00:00:00.000 GMT+00:00;22.59;67;21MKA04CT108§257000§OUT;28315225;Output Value;°C;1;0.0;1000.0;
2025.10.27 00:00:00.000 GMT+00:00;0.0;27;21MKA04CT108§§XQ01;28314004;T АКТ СТ СЕРД СТАТ КК П11;°C;1;0.0;100.0;
2025.10.27 00:00:00.000 GMT+00:00;0.0;11;21MKA04CT109§256992§OUT;28315217;Output Value;°C;2;0.0;1000.0;
2025.10.27 00:00:00.000 GMT+00:00;22.8;67;21MKA04CT109§257001§OUT;28315226;Output Value;°C;1;0.0;1000.0;
2025.10.27 00:00:00.000 GMT+00:00;0.0;27;21MKA04CT109§§XQ01;28314021;T АКТ СТ СЕРД СТАТ КК П23;°C;1;0.0;100.0;
2025.10.27 00:00:00.000 GMT+00:00;0.0;11;21MKA04CT110§256993§OUT;28315218;Output Value;°C;2;0.0;1000.0;
2025.10.27 00:00:00.000 GMT+00:00;0.0;67;21MKA04CT110§257002§OUT;28315227;Output Value;°C;1;0.0;1000.0;
2025.10.27 00:00:00.000 GMT+00:00;0.0;27;21MKA04CT110§§XQ01;28313975;T АКТ СТ СЕРД СТАТ КК П31;°C;1;0.0;100.0;
2025.10.27 00:00:00.000 GMT+00:00;0.0;11;21MKA04CT111§256994§OUT;28315219;Output Value;°C;2;0.0;1000.0;
2025.10.27 00:00:00.000 GMT+00:00;22.47;67;21MKA04CT111§257003§OUT;28315228;Output Value;°C;1;0.0;1000.0;
2025.10.27 00:00:00.000 GMT+00:00;0.0;27;21MKA04CT111§§XQ01;28313939;T АКТ СТ СЕРД СТАТ КК П43;°C;1;0.0;100.0;
2025.10.27 00:00:00.000 GMT+00:00;22.37;67;21MKA04CT112§257004§OUT;28315229;Output Value;°C;1;0.0;1000.0;
2025.10.27 00:00:00.000 GMT+00:00;0.0;27;21MKA04CT112§§XQ01;28313964;T АКТ СТ СЕРД СТАТ КК П51;°C;1;0.0;100.0;
2025.10.27 00:00:00.000 GMT+00:00;18.24;67;21MKA05CT001A§257005§OUT;28315230;Output Value;°C;1;0.0;1000.0;
2025.10.27 00:00:00.000 GMT+00:00;0.0;27;21MKA05CT001A§§XQ01;28313924;Т ХОЛ ВОЗД СТАТ НА КОРП СТ;°C;1;0.0;100.0;
2025.10.27 00:00:00.000 GMT+00:00;17.15;67;21MKA05CT002A§257006§OUT;28315231;Output Value;°C;1;0.0;1000.0;
2025.10.27 00:00:00.000 GMT+00:00;0.0;27;21MKA05CT002A§§XQ01;28313903;Т ХОЛ ВОЗД СТАТ НА КОРП СТ;°C;1;0.0;100.0;
2025.10.27 00:00:00.000 GMT+00:00;18.31;67;21MKA05CT003A§257007§OUT;28315232;Output Value;°C;1;0.0;1000.0;
2025.10.27 00:00:00.000 GMT+00:00;0.0;27;21MKA05CT003A§§XQ01;28313880;Т ХОЛ ВОЗД СТАТ НА КОРП СТ;°C;1;0.0;100.0;
2025.10.27 00:00:00.000 GMT+00:00;16.54;67;21MKA05CT004A§257008§OUT;28315233;Output Value;°C;1;0.0;1000.0;
2025.10.27 00:00:00.000 GMT+00:00;0.0;27;21MKA05CT004A§§XQ01;28314025;Т ХОЛ ВОЗД СТАТ НА КОРП СТ;°C;1;0.0;100.0;
2025.10.27 00:00:00.000 GMT+00:00;17.4;67;21MKA05CT005A§257009§OUT;28315234;Output Value;°C;1;0.0;1000.0;
2025.10.27 00:00:00.000 GMT+00:00;0.0;27;21MKA05CT005A§§XQ01;28313916;Т ГОР ВОЗД СТАТ НА РАМЕ ВЗД;°C;1;0.0;100.0;
2025.10.27 00:00:00.000 GMT+00:00;17.2;67;21MKA05CT006A§257010§OUT;28315235;Output Value;°C;1;0.0;1000.0;
2025.10.27 00:00:00.000 GMT+00:00;0.0;27;21MKA05CT006A§§XQ01;28313949;Т ГОР ВОЗД СТАТ НА РАМЕ ВЗД;°C;1;0.0;100.0;
2025.10.27 00:00:00.000 GMT+00:00;17.1;67;21MKA05CT007A§257011§OUT;28315236;Output Value;°C;1;0.0;1000.0;
2025.10.27 00:00:00.000 GMT+00:00;0.0;27;21MKA05CT007A§§XQ01;28313929;Т ГОР ВОЗД СТАТ НА РАМЕ ВЗД;°C;1;0.0;100.0;
2025.10.27 00:00:00.000 GMT+00:00;17.07;67;21MKA05CT008A§257012§OUT;28315237;Output Value;°C;1;0.0;1000.0;
2025.10.27 00:00:00.000 GMT+00:00;0.0;27;21MKA05CT008A§§XQ01;28313992;Т ГОР ВОЗД СТАТ НА РАМЕ ВЗД;°C;1;0.0;100.0;
2025.10.27 00:00:00.000 GMT+00:00;18.19;67;21MKA05CT009A§257013§OUT;28315238;Output Value;°C;1;0.0;1000.0;
2025.10.27 00:00:00.000 GMT+00:00;0.0;27;21MKA05CT009A§§XQ01;28313950;T ХОЛ ВОЗД РОТ СТЕНКА СТ Т;°C;1;0.0;100.0;
2025.10.27 00:00:00.000 GMT+00:00;16.97;67;21MKA05CT010A§257014§OUT;28315239;Output Value;°C;1;0.0;1000.0;
2025.10.27 00:00:00.000 GMT+00:00;0.0;27;21MKA05CT010A§§XQ01;28313947;T ХОЛ ВОЗД РОТ СТЕНКА СТ Т;°C;1;0.0;100.0;
2025.10.27 00:00:00.000 GMT+00:00;18.16;67;21MKA05CT011A§257015§OUT;28315240;Output Value;°C;1;0.0;1000.0;
2025.10.27 00:00:00.000 GMT+00:00;0.0;27;21MKA05CT011A§§XQ01;28313878;T ХОЛ ВОЗД РОТ СТЕНКА СТ Т;°C;1;0.0;100.0;
2025.10.27 00:00:00.000 GMT+00:00;16.84;67;21MKA05CT012A§257016§OUT;28315241;Output Value;°C;1;0.0;1000.0;
2025.10.27 00:00:00.000 GMT+00:00;0.0;27;21MKA05CT012A§§XQ01;28314012;T ХОЛ ВОЗД РОТ СТЕНКА СТ Т;°C;1;0.0;100.0;
2025.10.27 00:00:00.000 GMT+00:00;18.21;67;21MKA05CT013A§257017§OUT;28315242;Output Value;°C;1;0.0;1000.0;
2025.10.27 00:00:00.000 GMT+00:00;0.0;27;21MKA05CT013A§§XQ01;28313919;T ХОЛ ВОЗД РОТ СТЕНКА СТ КК;°C;1;0.0;100.0;
2025.10.27 00:00:00.000 GMT+00:00;16.67;67;21MKA05CT014A§257018§OUT;28315243;Output Value;°C;1;0.0;1000.0;
2025.10.27 00:00:00.000 GMT+00:00;0.0;27;21MKA05CT014A§§XQ01;28313879;T ХОЛ ВОЗД РОТ СТЕНКА СТ КК;°C;1;0.0;100.0;
2025.10.27 00:00:00.000 GMT+00:00;18.97;67;21MKA05CT015A§257019§OUT;28315244;Output Value;°C;1;0.0;1000.0;
2025.10.27 00:00:00.000 GMT+00:00;0.0;27;21MKA05CT015A§§XQ01;28313862;T ХОЛ ВОЗД РОТ СТЕНКА СТ КК;°C;1;0.0;100.0;
2025.10.27 00:00:00.000 GMT+00:00;17.53;67;21MKA05CT016A§257020§OUT;28315245;Output Value;°C;1;0.0;1000.0;
2025.10.27 00:00:00.000 GMT+00:00;0.0;27;21MKA05CT016A§§XQ01;28313908;T ХОЛ ВОЗД РОТ СТЕНКА СТ КК;°C;1;0.0;100.0;
2025.10.27 00:00:00.000 GMT+00:00;16.34;67;21MKA05CT017A§257021§OUT;28315246;Output Value;°C;1;0.0;1000.0;
2025.10.27 00:00:00.000 GMT+00:00;0.0;27;21MKA05CT017A§§XQ01;28313910;T ГОР ВОЗД РОТ СТЕНКА СТ Т;°C;1;0.0;100.0;
2025.10.27 00:00:00.000 GMT+00:00;0.0;67;21MKA05CT018A§257022§OUT;28315247;Output Value;°C;1;0.0;1000.0;
2025.10.27 00:00:00.000 GMT+00:00;0.0;27;21MKA05CT018A§§XQ01;28313917;T ГОР ВОЗД РОТ СТЕНКА СТ Т;°C;1;0.0;100.0;
2025.10.27 00:00:00.000 GMT+00:00;16.46;67;21MKA05CT019A§257023§OUT;28315248;Output Value;°C;1;0.0;1000.0;
2025.10.27 00:00:00.000 GMT+00:00;0.0;27;21MKA05CT019A§§XQ01;28314005;T ГОР ВОЗД РОТ СТЕНКА СТ Т;°C;1;0.0;100.0;
2025.10.27 00:00:00.000 GMT+00:00;16.62;67;21MKA05CT020A§257024§OUT;28315249;Output Value;°C;1;0.0;1000.0;
2025.10.27 00:00:00.000 GMT+00:00;0.0;27;21MKA05CT020A§§XQ01;28313955;T ГОР ВОЗД РОТ СТЕНКА СТ Т;°C;1;0.0;100.0;
2025.10.27 00:00:00.000 GMT+00:00;16.67;67;21MKA05CT021A§257026§OUT;28315251;Output Value;°C;1;0.0;1000.0;
2025.10.27 00:00:00.000 GMT+00:00;0.0;27;21MKA05CT021A§§XQ01;28314006;T ГОР ВОЗД РОТ СТЕНКА СТ КК;°C;1;0.0;100.0;
2025.10.27 00:00:00.000 GMT+00:00;15.73;67;21MKA05CT022A§257027§OUT;28315252;Output Value;°C;1;0.0;1000.0;
2025.10.27 00:00:00.000 GMT+00:00;0.0;27;21MKA05CT022A§§XQ01;28313831;T ГОР ВОЗД РОТ СТЕНКА СТ КК;°C;1;0.0;100.0;
2025.10.27 00:00:00.000 GMT+00:00;17.17;67;21MKA05CT023A§257028§OUT;28315253;Output Value;°C;1;0.0;1000.0;
2025.10.27 00:00:00.000 GMT+00:00;0.0;27;21MKA05CT023A§§XQ01;28313841;T ГОР ВОЗД РОТ СТЕНКА СТ КК;°C;1;0.0;100.0;
2025.10.27 00:00:00.000 GMT+00:00;16.77;67;21MKA05CT024A§257029§OUT;28315254;Output Value;°C;1;0.0;1000.0;
2025.10.27 00:00:00.000 GMT+00:00;0.0;27;21MKA05CT024A§§XQ01;28313834;T ГОР ВОЗД РОТ СТЕНКА СТ КК;°C;1;0.0;100.0;
2025.10.27 00:00:00.000 GMT+00:00;0.0;27;21MKA06CT001§§XQ01;28313998;T ХОЛ ВОЗД ЩКА;°C;1;0.0;100.0;
2025.10.27 00:00:00.000 GMT+00:00;0.0;27;21MKA06CT002§§XQ01;28313837;T ГОР ВОЗД ЩКА;°C;1;0.0;100.0;
2025.10.27 00:00:00.000 GMT+00:00;0.0;11;21MKA06FT007§232724§OUT;28315358;Sum;°C;2;0.0;100.0;
2025.10.27 00:00:00.000 GMT+00:00;0.0;11;21MKA06FT007§257925§OUT;28315357;Output Value;°C;2;0.0;100.0;
2025.10.27 00:00:00.000 GMT+00:00;0.0;67;21MKA06FT007§§XQ01;28313983;Разность температур горячего и холодного воздуха щеточной траверсы Г-21;°C;1;0.0;100.0;
2025.10.27 00:00:00.000 GMT+00:00;0.0;27;21MKA10CM001§§XQ01;28313935;ВЛАЖН ВОЗД Т;%;1;0.0;100.0;
2025.10.27 00:00:00.000 GMT+00:00;0.0;27;21MKA10CM002§§XQ01;28313938;ВЛАЖН ВОЗД КК;%;1;0.0;100.0;
2025.10.27 00:00:00.000 GMT+00:00;0.0;27;21MKA10CM003§§XQ01;28313838;ВЛАЖН ВОЗД ЩКА;%;1;0.0;100.0;
2025.10.27 00:00:00.000 GMT+00:00;0.0;27;21MKA10CT001§§XQ01;28313876;Т ГАЗ ГЕН Т;°C;1;0.0;100.0;
2025.10.27 00:00:00.000 GMT+00:00;0.0;27;21MKA10CT002§§XQ01;28313957;Т ГАЗ ГЕН КК;°C;1;0.0;100.0;
2025.10.27 00:00:00.000 GMT+00:00;0.0;27;21MKA10CT003§§XQ01;28313966;Т ГАЗ ГЕН ЩКА;°C;1;0.0;100.0;
2025.10.27 00:00:00.000 GMT+00:00;0.036169052;195;21MKA10DE001§246955§OUT;28314967;Output Value;;1;0.0;100.0;
2025.10.27 00:00:00.000 GMT+00:00;0.0;195;21MKA10DE001§247080§OUT;28314978;Output Value;;1;0.0;100.0;
2025.10.27 00:00:00.000 GMT+00:00;0.0;195;21MKA10DE001§247082§OUT;28314977;Output Value;;1;0.0;100.0;
2025.10.27 00:00:00.000 GMT+00:00;0.0;11;21MKA10DE001§359460§OUT;28312418;Output Value;;2;2.0;200.0;
2025.10.27 00:00:00.000 GMT+00:00;0.036169052;195;21MKA10DE001§§I_VAL;28312442;КРЕГ N ГТ1 ЛОГ УПР;;1;-6.0;200.0;
2025.10.27 00:00:00.000 GMT+00:00;0.0;11;21MKA10DE001§§OUT;28314968;КРЕГ N ГТ1 ЛОГ УПР;;2;2.0;200.0;
2025.10.27 00:00:00.000 GMT+00:00;0.0;195;21MKA10DE001§§P_VAL;28312239;КРЕГ N ГТ1 ЛОГ УПР;;1;-50.0;50.0;
2025.10.27 00:00:00.000 GMT+00:00;0.036169052;195;21MKA10DE001§§XQ01;28312479;КРЕГ N ГТ1 ЛОГ УПР;;1;-6.0;200.0;
2025.10.27 00:00:00.000 GMT+00:00;0.0;27;21MKA10FT001§§XQ01;28313911;ТОЧКА РОСЫ ГЕН Т;°C;1;0.0;100.0;
2025.10.27 00:00:00.000 GMT+00:00;0.0;27;21MKA10FT002§§XQ01;28313959;ТОЧКА РОСЫ ГЕН КК;°C;1;0.0;100.0;
2025.10.27 00:00:00.000 GMT+00:00;0.0;27;21MKA10FT003§§XQ01;28313948;ТОЧКА РОСЫ ГЕН ЩКА;°C;1;0.0;100.0;
2025.10.27 00:00:00.000 GMT+00:00;-0.12287538;195;21MKC01CE001§§XQ01;28313100;U РОТ Г-21;В;1;0.0;500.0;
2025.10.27 00:00:00.000 GMT+00:00;-3.4726355;195;21MKC01CE002§§XQ01;28313066;I РОТ Г-21;А;1;0.0;3000.0;
2025.10.27 00:00:00.000 GMT+00:00;0.30470306;195;21MKC01CE101§§XQ01;28313036;U РОТ Г-21;В;1;0.0;500.0;
2025.10.27 00:00:00.000 GMT+00:00;23.446026;195;21MKC01CE102§§XQ01;28313052;I РОТ Г-21;А;1;0.0;3000.0;
2025.10.27 00:00:00.000 GMT+00:00;-9.997107;35;21MKC01CE201§§XQ01;28313002;U РОТ Г-21;В;1;0.0;100.0;
2025.10.27 00:00:00.000 GMT+00:00;-9.997107;35;21MKC01CE202§§XQ01;28313027;I РОТ1 Г-21;А;1;0.0;100.0;
2025.10.27 00:00:00.000 GMT+00:00;-9.997107;35;21MKC01CE301§§XQ01;28312994;U РОТ Г-21;В;1;0.0;100.0;
2025.10.27 00:00:00.000 GMT+00:00;-9.997107;35;21MKC01CE302§§XQ01;28312979;I РОТ2 Г-21;А;1;0.0;100.0;
2025.10.27 00:00:00.000 GMT+00:00;-9.997107;35;21MKC01CE401§§XQ01;28313050;U ВОЗБ 1 Г-21;В;1;0.0;100.0;
2025.10.27 00:00:00.000 GMT+00:00;-9.997107;35;21MKC01CE501§§XQ01;28313043;U ВОЗБ 2 Г-21;В;1;0.0;100.0;
2025.10.27 00:00:00.000 GMT+00:00;56.1222;195;21MKD11CT101§§OUT;28313418;Т ПОДШ ГЕН СТОР ТУРБ Т1 ГТ21;°C;1;0.0;150.0;
2025.10.27 00:00:00.000 GMT+00:00;55.728367;195;21MKD11CT102§§OUT;28313434;Т ПОДШ ГЕН СТОР ТУРБ Т2 ГТ21;°C;1;0.0;150.0;
2025.10.27 00:00:00.000 GMT+00:00;0.013020833;195;21MKD11CY021§§XQ01;28313486;ВИБР(В) КОРП ГЕН СТОР ТУРБ;мм/с;1;0.0;20.0;
2025.10.27 00:00:00.000 GMT+00:00;0.08391204;195;21MKD11CY022§§OUT;28313432;ВИБР(О) КОРП ГЕН СТОР ТУРБ;мм/с;1;0.0;20.0;
2025.10.27 00:00:00.000 GMT+00:00;0.05135995;195;21MKD11CY023§§XQ01;28313447;ВИБР(П) КОРП ГЕН СТОР ТУРБ;мм/с;1;0.0;20.0;
2025.10.27 00:00:00.000 GMT+00:00;15.26331;195;21MKD11CY940§§XQ01;28313431;ОТН ВИБР ВАЛ ПОДШ ГЕН СТОР ТУРБ;µm res;1;0.0;250.0;
2025.10.27 00:00:00.000 GMT+00:00;0.0;27;21MKD12CT101A§§XQ01;28313827;Т БАБ ВКЛ ПОДШ КК;°C;1;0.0;100.0;
2025.10.27 00:00:00.000 GMT+00:00;52.282265;195;21MKD12CT101§§OUT;28313446;Т ПОДШ ГЕН СТОР КК Т1 ГТ21;°C;1;0.0;150.0;
2025.10.27 00:00:00.000 GMT+00:00;0.0;27;21MKD12CT102A§§XQ01;28313851;Т БАБ ВКЛ ПОДШ КК;°C;1;0.0;100.0;
2025.10.27 00:00:00.000 GMT+00:00;47.556183;195;21MKD12CT102§§OUT;28313408;Т ПОДШ ГЕН СТОР КК Т2 ГТ21;°C;1;0.0;150.0;
2025.10.27 00:00:00.000 GMT+00:00;0.052806713;195;21MKD12CY021§§XQ01;28313407;ВИБР(В) КОРП ГЕН СТОР КК;мм/с;1;0.0;20.0;
2025.10.27 00:00:00.000 GMT+00:00;0.078125;195;21MKD12CY022§§OUT;28313474;ВИБР(О) КОРП ГЕН СТОР КК;мм/с;1;0.0;20.0;
2025.10.27 00:00:00.000 GMT+00:00;0.10127314;195;21MKD12CY023§§XQ01;28313536;ВИБР(П) КОРП ГЕН СТОР КК;мм/с;1;0.0;20.0;
2025.10.27 00:00:00.000 GMT+00:00;24.377893;195;21MKD12CY940§§XQ01;28313410;ОТН ВИБР ВАЛ ПОДШ ГЕН СТОР КК;µm res;1;0.0;250.0;
2025.10.27 00:00:00.000 GMT+00:00;-10000.0;227;21MYB01EP020§458494§OFFS;28313499;Actual Offset Value;;1;0.0;5000.0;
2025.10.27 00:00:00.000 GMT+00:00;-10000.0;227;21MYB01EP020§458494§OUT;28313479;Output Value;;1;0.0;5000.0;
2025.10.27 00:00:00.000 GMT+00:00;-0.8091759;195;21PCB24CG801§§XQ01;28311643;КЛ РЕГ СЛ ОВ ПОСЛЕ МО;%;1;0.0;100.0;
2025.10.27 00:00:00.000 GMT+00:00;-270.0;35;21PCB24CT001§§XQ01;28311771;T В ПОСЛЕ МО ГТ-21;°C;1;-50.0;500.0;
2025.10.27 00:00:00.000 GMT+00:00;0.05156344;195;21PCB41CP001§§XQ01;28311560;dP Ф ОХЛ В ВХ МОХЛ ГТ21;кПа;1;0.0;60.0;
2025.10.27 00:00:00.000 GMT+00:00;26.564922;195;21PCB41CP002§§XQ01;28311688;P ЗА Ф ОХЛ В ВХ МОХЛ ГТ21;кПа;1;0.0;40.0;
2025.10.27 00:00:00.000 GMT+00:00;0.24518713;195;21PCB43CP001§§XQ01;28311681;P В ОХЛ ДО ТО ГМФ ПЭН КУ-21;МПа;1;0.0;0.25;
2025.10.27 00:00:00.000 GMT+00:00;17.404062;195;21PCB43CT001§§XQ01;28311851;T В ОХЛ ЗА ТО ГМФ ПЭН КУ-21;°C;1;-50.0;200.0;
2025.10.27 00:00:00.000 GMT+00:00;0.0;195;21PCB60CF001§§XQ01;28311667;F В ПЕРЕД ВОХЛ ГТ-21 1;т/ч;1;0.0;750.0;
2025.10.27 00:00:00.000 GMT+00:00;35.022255;195;21PCB60CF002§§XQ01;28311695;F В ПЕРЕД ВОХЛ ГТ-21 2;т/ч;1;0.0;750.0;
2025.10.27 00:00:00.000 GMT+00:00;25.225395;195;21PCB60CF003§§XQ01;28311716;F В ПЕРЕД ВОХЛ ГТ-21 3;т/ч;1;0.0;750.0;
2025.10.27 00:00:00.000 GMT+00:00;21.868118;195;21PCB60CF901§§XQ01;28311800;СР F ВОД ВО Г-21;т/ч;1;0.0;750.0;
2025.10.27 00:00:00.000 GMT+00:00;0.0;27;21PCB60CP001§§XQ01;28313847;P ТЕХ ВОДЫ НА ВХ ВОЗДХ;°C;1;0.0;100.0;
2025.10.27 00:00:00.000 GMT+00:00;0.018756486;195;21PCB60CP002§§XQ01;28311795;P В ВОХЛ Г-21;кПа;1;0.0;40.0;
2025.10.27 00:00:00.000 GMT+00:00;18.11;67;21PCB60CT001§257030§OUT;28315255;Output Value;°C;1;0.0;1000.0;
2025.10.27 00:00:00.000 GMT+00:00;0.0;27;21PCB60CT001§§XQ01;28313945;T ТЕХ ВОДЫ НА ВХ ВОЗДХ;°C;1;0.0;100.0;
2025.10.27 00:00:00.000 GMT+00:00;16.24;67;21PCB62CT001§257031§OUT;28315256;Output Value;°C;1;0.0;1000.0;
2025.10.27 00:00:00.000 GMT+00:00;0.0;27;21PCB62CT001§§XQ01;28313840;T ТЕХ ВОДЫ НА ВЫХ ВОЗДХ;°C;1;0.0;100.0;
2025.10.27 00:00:00.000 GMT+00:00;15.22;67;21PCB64CT001§257032§OUT;28315257;Output Value;°C;1;0.0;1000.0;
2025.10.27 00:00:00.000 GMT+00:00;0.0;27;21PCB64CT001§§XQ01;28314034;T ТЕХ ВОДЫ НА ВЫХ ВОЗДХ;°C;1;0.0;100.0;
2025.10.27 00:00:00.000 GMT+00:00;16.34;67;21PCB66CT001§257033§OUT;28315258;Output Value;°C;1;0.0;1000.0;
2025.10.27 00:00:00.000 GMT+00:00;0.0;27;21PCB66CT001§§XQ01;28314027;T ТЕХ ВОДЫ НА ВЫХ ВОЗДХ;°C;1;0.0;100.0;
2025.10.27 00:00:00.000 GMT+00:00;3.98;67;21PCB68CT001§257034§OUT;28315259;Output Value;°C;1;0.0;1000.0;
2025.10.27 00:00:00.000 GMT+00:00;0.0;27;21PCB68CT001§§XQ01;28313977;T ТЕХ ВОДЫ НА ВЫХ ВОЗДХ;°C;1;0.0;100.0;
2025.10.27 00:00:00.000 GMT+00:00;-0.23148203;195;21PCB69CG801§§XQ01;28311723;КЛ РЕГ СЛ ОВ ПОСЛЕ ВО;%;1;0.0;100.0;
2025.10.27 00:00:00.000 GMT+00:00;38.60842;195;21PGB21CT001§§XQ01;28311698;T В ОХЛ УПЛ ЦЭН-1 ВД КУ-21;°C;1;-50.0;200.0;
2025.10.27 00:00:00.000 GMT+00:00;34.30002;195;21PGB22CT001§§XQ01;28311619;T В ОХЛ УПЛ ЦЭН-2 ВД КУ-21;°C;1;-50.0;200.0;
2025.10.27 00:00:00.000 GMT+00:00;0.0;227;21QCA10DF001§243714§OUT;28313353;Output Value;;1;0.0;2.0;
2025.10.27 00:00:00.000 GMT+00:00;0.8;227;21QCA10DF002§243712§OUT;28313271;Output Value;;1;0.0;2.0;
2025.10.27 00:00:00.000 GMT+00:00;0.0;227;21QCD13AA801§1§OUT;28313191;Controller Output Value;pH;1;0.0;100.0;
2025.10.27 00:00:00.000 GMT+00:00;7.2000866;227;21QCD13AA801§2§OUT;28313205;Output Value;pH;1;7.0;10.0;
2025.10.27 00:00:00.000 GMT+00:00;0.0;227;21QCD13AA801§§OUT;28313376;PUMP NH3 3  SPEED КУ-21;%;1;0.0;100.0;
2025.10.27 00:00:00.000 GMT+00:00;30.150394;195;22BAT01CE005§§XQ01;28312986;ЧАСТ НН БЛ ТРФ 22BAT01;ГЦ;1;0.0;60.0;
2025.10.27 00:00:00.000 GMT+00:00;16105.996;195;22BAT01CE041§§XQ01;28313025;U НН БЛ ТРФ 22BAT01 AB;В;1;0.0;19700.0;
2025.10.27 00:00:00.000 GMT+00:00;16220.945;195;22BAT01CE051§§XQ01;28313015;U НН БЛ ТРФ 22BAT01 BC;В;1;0.0;19700.0;
2025.10.27 00:00:00.000 GMT+00:00;16102.28;195;22BAT01CE061§§XQ01;28313101;U НН БЛ ТРФ 22BAT01 CA;В;1;0.0;19700.0;
2025.10.27 00:00:00.000 GMT+00:00;6385.379;195;22BBA01CE001§§XQ01;28313026;U СЕКЦ 22BBA;В;1;0.0;7500.0;
2025.10.27 00:00:00.000 GMT+00:00;196.3774;195;22BBA01CE002§§XQ01;28313103;I СЕКЦ 22BBA;А;1;0.0;1500.0;
2025.10.27 00:00:00.000 GMT+00:00;0.0;27;22BBA12CE002§§XQ01;28313941;I ТПУ ГТУ 22;;1;0.0;100.0;
2025.10.27 00:00:00.000 GMT+00:00;0.0;27;22BBB02CE002§§XQ01;28313944;I ТПУ ГТУ 22;;1;0.0;100.0;
2025.10.27 00:00:00.000 GMT+00:00;79.389336;195;22BBT01CE012§§XQ01;28313005;I ТРФ 22BBT ФАЗА A;А;1;0.0;1000.0;
2025.10.27 00:00:00.000 GMT+00:00;80.77766;195;22BBT01CE022§§XQ01;28313070;I ТРФ 22BBT ФАЗА B;А;1;0.0;1000.0;
2025.10.27 00:00:00.000 GMT+00:00;80.70748;195;22BBT01CE032§§XQ01;28312988;I ТРФ 22BBT ФАЗА C;А;1;0.0;1000.0;
2025.10.27 00:00:00.000 GMT+00:00;888.7955;195;22BBT01CE071§§XQ01;28313031;3Uо ТРФ 22BAT01;В;1;0.0;43080.0;
2025.10.27 00:00:00.000 GMT+00:00;402.96155;195;22BFA01CE001§§XQ01;28313039;U СЕКЦ 22BFA;В;1;0.0;500.0;
2025.10.27 00:00:00.000 GMT+00:00;225.08081;195;22BFA01CE002§§XQ01;28313023;I РАБ ВВ СЕКЦ 22BFA;А;1;0.0;1500.0;
2025.10.27 00:00:00.000 GMT+00:00;400.7081;195;22BFA01CE101§§XQ01;28312989;U СЕКЦ 22BMA;В;1;0.0;500.0;
2025.10.27 00:00:00.000 GMT+00:00;85.416664;195;22BFC01CE002§§XQ01;28313098;I РАБ ВВ 22BFC;А;1;0.0;600.0;
2025.10.27 00:00:00.000 GMT+00:00;398.44342;195;22BMA01CE001§§XQ01;28312973;U РЕЗ ЛИН СЕКЦ 22BMA;B;1;0.0;500.0;
2025.10.27 00:00:00.000 GMT+00:00;6.9432683;195;22BMA01CE002§§XQ01;28313042;I РЕЗ ВВ СЕКЦ 22BMA;A;1;0.0;1500.0;
2025.10.27 00:00:00.000 GMT+00:00;145.24425;195;22CJA00DE100§§XQ01;28312422;UNIT SETP TO GT (АОПО);;1;0.0;100.0;
2025.10.27 00:00:00.000 GMT+00:00;2.238426;195;22EKG72CP001§§XQ01;28312043;P Г БА Н2;МПа;1;0.0;4.0;
2025.10.27 00:00:00.000 GMT+00:00;31.899973;195;22EKG72CT001§§XQ01;28311967;T Г БА Н2;°C;1;-30.0;70.0;
2025.10.27 00:00:00.000 GMT+00:00;98.600395;195;22EKX00CP001§§XQ01;28312205;P АТМ ВЗД;кПа;1;0.0;160.0;
2025.10.27 00:00:00.000 GMT+00:00;7.899834;195;22EKX00CT001§§XQ01;28312204;T АТМ ВЗД;°C;1;-30.0;80.0;
2025.10.27 00:00:00.000 GMT+00:00;23.099878;195;22EKX00CT002§§XQ01;28312144;T ВЗД ГК КУ22;°C;1;-30.0;80.0;
2025.10.27 00:00:00.000 GMT+00:00;1.481602;195;22GCK20AA801§§GAIN;28311931;РК ВПК ЗА ВВТО КУ-22 ЛОГ УПР;;1;0.0;100.0;
2025.10.27 00:00:00.000 GMT+00:00;0.04608538;195;22GCK20CF001_C§T_H§XQ01;28315104;F ВПК НА ВВТО КУ-22 РАСЧ;;1;0.0;200.0;
2025.10.27 00:00:00.000 GMT+00:00;0.0;195;22GCK20CF001§§XQ01;28311932;F ВПК НА ВВТО КУ-22;т/ч;1;0.0;150.0;
2025.10.27 00:00:00.000 GMT+00:00;-9.997107;35;22GCK20CG801§§XQ01;28312081;РК ВПК ЗА ВВТО КУ-22;%;1;0.0;100.0;
2025.10.27 00:00:00.000 GMT+00:00;0.07269159;195;22GCK20CP001§§XQ01;28312136;P ВПК НА ВВТО КУ-22;МПа;1;0.0;1.6;
2025.10.27 00:00:00.000 GMT+00:00;33.899994;195;22GCK20CT001§§XQ01;28312134;T ВПК НА ВВТО КУ-22;°C;1;-50.0;200.0;
2025.10.27 00:00:00.000 GMT+00:00;37.700012;195;22GCK20CT002§§XQ01;28311906;Т ВПК ЗА ВВТО КУ-22;°C;1;-50.0;200.0;
2025.10.27 00:00:00.000 GMT+00:00;1.338452E-24;195;22GCK20DF001§230604§OUT;28312215;Output Value;Т/Ч;1;0.0;100.0;
2025.10.27 00:00:00.000 GMT+00:00;36.44301;195;22HAC20CG801§§XQ01;28312014;РК ВД ПИТ КУ;%;1;0.0;100.0;
2025.10.27 00:00:00.000 GMT+00:00;6.7794905;195;22HAC20CP001§§XQ01;28312158;Р ПВ ВЫХ ЭКН ВД;МПа;1;0.0;16.0;
2025.10.27 00:00:00.000 GMT+00:00;266.0227;195;22HAC20CT001§§XQ01;28311938;Т ПВ ЗА ЭВД КУ-22;°C;1;-40.0;800.0;
2025.10.27 00:00:00.000 GMT+00:00;0.010598779;195;22HAC20DP010§50842§OUT;28312084;Difference;;1;0.0;100.0;
2025.10.27 00:00:00.000 GMT+00:00;-0.9507383;195;22HAC20DP010§§ER01;28312102;РЕГУЛЯТОР ГМФ;%;1;-100.0;100.0;
2025.10.27 00:00:00.000 GMT+00:00;0.0;227;22HAC20DP010§§ER02;28312101;РЕГУЛЯТОР ГМФ;%;1;-100.0;100.0;
2025.10.27 00:00:00.000 GMT+00:00;1.6;227;22HAC20DP010§§XQ02;28312127;РЕГУЛЯТОР ГМФ;;1;0.0;100.0;
2025.10.27 00:00:00.000 GMT+00:00;0.0;195;22HAC20YQ031§§OUT;28313161;Controller Output Value;%;1;0.0;100.0;
2025.10.27 00:00:00.000 GMT+00:00;0.0;195;22HAC20YQ031§§XQ01;28313392;рН НАП ЦЭН НД КУ-22 1;;1;0.0;100.0;
2025.10.27 00:00:00.000 GMT+00:00;0.0;227;22HAC20YQ033§§OUT;28313148;Controller Output Value;%;1;0.0;100.0;
2025.10.27 00:00:00.000 GMT+00:00;0.0;227;22HAC20YQ033§§XQ01;28313316;рН П ВД КУ-22 1;;1;0.0;100.0;
2025.10.27 00:00:00.000 GMT+00:00;0.7230396;195;22HAC21CG801§§XQ01;28312096;РК ИЗ ЭВД В БНД КУ-22;%;1;0.0;100.0;
2025.10.27 00:00:00.000 GMT+00:00;266.3;195;22HAD30CT001§§XQ01;28312087;Т ЗА ИВД КУ-22;°C;1;-40.0;800.0;
2025.10.27 00:00:00.000 GMT+00:00;0.46214986;195;22HAD40CF001_C§T_H§XQ01;28315108;F НЕПР ПРОД БВД КУ-22 РАСЧ;;1;0.0;10.0;
2025.10.27 00:00:00.000 GMT+00:00;0.44755718;195;22HAD40CF001§§XQ01;28312022;F НЕПР ПРОД БВД КУ-22;т/ч;1;0.0;2.5;
2025.10.27 00:00:00.000 GMT+00:00;-9.997107;35;22HAD40CG801§§XQ01;28312175;РК НЕПР ПРОД БВД КУ-22;%;1;0.0;100.0;
2025.10.27 00:00:00.000 GMT+00:00;12.872008;195;22HAD40CL001§§XQ01;28312116;L БВД Т1 КУ-22;мм;1;-1000.0;1500.0;
2025.10.27 00:00:00.000 GMT+00:00;-95.59695;195;22HAD40CL002§§XQ01;28311956;L БВД Т2 КУ-22;мм;1;-1000.0;1500.0;
2025.10.27 00:00:00.000 GMT+00:00;31.449093;195;22HAD40CL003§§XQ01;28312137;L БВД Т3 КУ-22;мм;1;-1000.0;1500.0;
2025.10.27 00:00:00.000 GMT+00:00;-1149.943;35;22HAD40CL004§§XQ01;28312099;L БВД Т4 КУ-22;ММ;1;0.0;1970.0;
2025.10.27 00:00:00.000 GMT+00:00;-953.0;35;22HAD40CL005§§XQ01;28311924;L БВД Т5 КУ-22;мм;1;-1000.0;1000.0;
2025.10.27 00:00:00.000 GMT+00:00;12.872008;195;22HAD40CL901§§XQ01;28311933;СР L ВОД БВД КУ-22;мм;1;-1000.0;1500.0;
2025.10.27 00:00:00.000 GMT+00:00;5.023147;195;22HAD40CP001§§XQ01;28312020;Р БВД КУ-22;МПа;1;0.0;16.0;
2025.10.27 00:00:00.000 GMT+00:00;5.023148;195;22HAD40CP002§§XQ01;28312216;Р БВД КУ-22;МПа;1;0.0;16.0;
2025.10.27 00:00:00.000 GMT+00:00;5.0324073;195;22HAD40CP003§§XQ01;28312126;Р БВД КУ-22;МПа;1;0.0;16.0;
2025.10.27 00:00:00.000 GMT+00:00;5.0185003;195;22HAD40CP004§§XQ01;28311890;Р БВД КУ-22;МПа;1;0.0;16.0;
2025.10.27 00:00:00.000 GMT+00:00;5.0300922;195;22HAD40CP901§§XQ01;28311887;СР P БВД КУ-22;МПа;1;0.0;16.0;
2025.10.27 00:00:00.000 GMT+00:00;-1.774798E-4;195;22HAD40CP910§§XQ01;28311977;СК ИЗМ P БВД КУ-22;МПа/мин;1;-10.0;10.0;
2025.10.27 00:00:00.000 GMT+00:00;266.5;195;22HAD40CT007§§XQ01;28312157;Т ОПУСК ТР ВД КУ-22;°C;1;-40.0;800.0;
2025.10.27 00:00:00.000 GMT+00:00;248.5;195;22HAD40CT101§§XQ01;28312143;Т М БВД КУ-22;°C;1;-40.0;800.0;
2025.10.27 00:00:00.000 GMT+00:00;264.10004;195;22HAD40CT102§§XQ01;28311993;Т М БВД КУ-22;°C;1;-40.0;800.0;
2025.10.27 00:00:00.000 GMT+00:00;262.7;195;22HAD40CT103§§XQ01;28312088;Т М БВД КУ-22;°C;1;-40.0;800.0;
2025.10.27 00:00:00.000 GMT+00:00;219.71179;195;22HAD40CT104§§XQ01;28312104;Т М БВД КУ-22;°C;1;-40.0;800.0;
2025.10.27 00:00:00.000 GMT+00:00;261.97247;195;22HAD40CT105§§XQ01;28312198;Т М БВД КУ-22;°C;1;-40.0;800.0;
2025.10.27 00:00:00.000 GMT+00:00;257.28223;195;22HAD40CT106§§XQ01;28312183;Т М БВД КУ-22;°C;1;-40.0;800.0;
2025.10.27 00:00:00.000 GMT+00:00;257.28952;195;22HAD40CT901§232545§OUT2;28312070;Т-ра металла БВД КУ-22;°C;1;-40.0;800.0;
2025.10.27 00:00:00.000 GMT+00:00;262.7;195;22HAD40CT901§232548§OUT1;28312130;Т-ра металла БВД КУ-22;°C;1;-40.0;800.0;
2025.10.27 00:00:00.000 GMT+00:00;3.0;227;22HAD40CT901§232563§O_MODE;28312069;Active Output Mode;;1;0.0;100.0;
2025.10.27 00:00:00.000 GMT+00:00;259.95367;195;22HAD40CT901§§XQ01;28312217;Т-ра металла БВД КУ-22;°C;1;-40.0;800.0;
2025.10.27 00:00:00.000 GMT+00:00;0.3;227;22HAD40DF001§1ЗАДАТЧИК§XQ02;28311995;РЕГ F НЕПР ПРОД КУ-22;%;1;0.3;1.5;
2025.10.27 00:00:00.000 GMT+00:00;0.70411724;195;22HAD40DF001§360861§OUT;28312225;Product;;1;0.0;100.0;
2025.10.27 00:00:00.000 GMT+00:00;-1.9358664;219;22HAD40DL001§§ER;28312192;РЕГ L БВД КУ-22;%;1;-100.0;100.0;
2025.10.27 00:00:00.000 GMT+00:00;0.0;195;22HAD40DL001§§XQ02;28312083;РЕГ L БВД КУ-22;ММ;1;-450.0;100.0;
2025.10.27 00:00:00.000 GMT+00:00;5.025801;195;22HAD40DP001§240746§OUT;28311915;Output Value;МПа;1;0.0;8.9;
2025.10.27 00:00:00.000 GMT+00:00;0.6;195;22HAD40DP001§240748§OUT;28312066;Output Value;;1;0.0;100.0;
2025.10.27 00:00:00.000 GMT+00:00;150.0;195;22HAD40DT100§232580§OUT;28312110;Output Value;°C;1;0.0;150.0;
2025.10.27 00:00:00.000 GMT+00:00;16.0;227;22HAD40EE001§122323§OUT;28311951;Output Value;;1;0.0;100.0;
2025.10.27 00:00:00.000 GMT+00:00;0.0;195;22HAD40YQ031§§OUT;28313339;Controller Output Value;%;1;0.0;100.0;
2025.10.27 00:00:00.000 GMT+00:00;0.0;195;22HAD40YQ031§§XQ01;28313366;рН КОТ В КУ-22 1;;1;0.0;100.0;
2025.10.27 00:00:00.000 GMT+00:00;161.38507;195;22HAD70CT001§§XQ01;28312028;Т ЗА ИНД КУ-22;°C;1;-50.0;200.0;
2025.10.27 00:00:00.000 GMT+00:00;-17.048328;195;22HAD80CL001§§XQ01;28312226;L БНД Т1 КУ-22;мм;1;-1000.0;1500.0;
2025.10.27 00:00:00.000 GMT+00:00;-1.2024816;195;22HAD80CL002§§XQ01;28312030;L БНД Т2 КУ-22;мм;1;-1000.0;1500.0;
2025.10.27 00:00:00.000 GMT+00:00;-23.67995;195;22HAD80CL003§§XQ01;28312222;L БНД Т3 КУ-22;мм;1;-1000.0;1500.0;
2025.10.27 00:00:00.000 GMT+00:00;-65.595314;195;22HAD80CL004§§XQ01;28311969;L БНД Т4 КУ-22;мм;1;-1000.0;1000.0;
2025.10.27 00:00:00.000 GMT+00:00;-1304.0;35;22HAD80CL005§§XQ01;28311991;L БНД Т5 КУ-22;мм;1;-1000.0;1000.0;
2025.10.27 00:00:00.000 GMT+00:00;-11.486337;195;22HAD80CL901§§XQ01;28311936;СР L ВОД БНД КУ-22;мм;1;-1000.0;1500.0;
2025.10.27 00:00:00.000 GMT+00:00;0.558717;195;22HAD80CP001§§XQ01;28312219;Р БНД КУ-22;МПа;1;0.0;1.0;
2025.10.27 00:00:00.000 GMT+00:00;0.5615181;195;22HAD80CP002§§XQ01;28311900;Р БНД КУ-22;МПа;1;0.0;1.0;
2025.10.27 00:00:00.000 GMT+00:00;6.6426053;195;22HAD80CP003§§XQ01;28311992;PD БНД И Д КУ-22;кПа;1;0.0;100.0;
2025.10.27 00:00:00.000 GMT+00:00;0.5602391;195;22HAD80CP901§§XQ01;28312113;P БНД КУ-22;МПа;1;0.0;1.0;
2025.10.27 00:00:00.000 GMT+00:00;9.0771;195;22HAD80CQ001§§XQ01;28313313;рН ПВ ВЫХ Д Б НД КУ-22;pH;1;7.5;10.5;
2025.10.27 00:00:00.000 GMT+00:00;0.54971385;195;22HAD80CQ002§§XQ01;28313270;Na ВЫХ Д Б НД КУ-22;мкг/л;1;0.0;100.0;
2025.10.27 00:00:00.000 GMT+00:00;0.3153935;195;22HAD80CQ003§§XQ01;28313269;ЭПР ПВ ЗА H-КАТ КОЛ КУ-22;мкСм/см;1;0.0;1.0;
2025.10.27 00:00:00.000 GMT+00:00;0.3257436;195;22HAD80CQ004§§XQ01;28313323;О2 ПВ ВЫХ Д Б НД КУ-22;мкг/л;1;0.0;200.0;
2025.10.27 00:00:00.000 GMT+00:00;-199.94212;35;22HAD80CQ005§§XQ01;28313143;ТОС ПВ ВЫХ  Д Б НД КУ-22;мкг/л;1;0.0;2000.0;
2025.10.27 00:00:00.000 GMT+00:00;161.69777;195;22HAD80CT009§§XQ01;28311926;Т ОПУСК ТР НД КУ-22;°C;1;-50.0;200.0;
2025.10.27 00:00:00.000 GMT+00:00;161.1;195;22HAD80CT101§§XQ01;28312093;Т М БНД КУ-22;°C;1;-40.0;800.0;
2025.10.27 00:00:00.000 GMT+00:00;156.59956;195;22HAD80CT102§§XQ01;28312146;Т М БНД КУ-22;°C;1;-40.0;800.0;
2025.10.27 00:00:00.000 GMT+00:00;160.69994;195;22HAD80CT103§§XQ01;28312114;Т М БНД КУ-22;°C;1;-40.0;800.0;
2025.10.27 00:00:00.000 GMT+00:00;161.6617;195;22HAD80CT104§§XQ01;28312223;Т М БНД КУ-22;°C;1;-40.0;800.0;
2025.10.27 00:00:00.000 GMT+00:00;161.4;195;22HAD80CT105§§XQ01;28311976;Т М БНД КУ-22;°C;1;-40.0;800.0;
2025.10.27 00:00:00.000 GMT+00:00;162.0;195;22HAD80CT106§§XQ01;28312209;Т М БНД КУ-22;°C;1;-40.0;800.0;
2025.10.27 00:00:00.000 GMT+00:00;161.5;195;22HAD80CT107§§XQ01;28312097;Т М БНД КУ-22;°C;1;-40.0;800.0;
2025.10.27 00:00:00.000 GMT+00:00;162.39682;195;22HAD80CT108§§XQ01;28312131;Т М БНД КУ-22;°C;1;-40.0;800.0;
2025.10.27 00:00:00.000 GMT+00:00;3.0;227;22HAD80CT901§232495§O_MODE;28312052;Active Output Mode;;1;0.0;100.0;
2025.10.27 00:00:00.000 GMT+00:00;160.69989;195;22HAD80CT901§§OUT1;28312078;Т-ра металла БНД КУ-22;°C;1;-40.0;800.0;
2025.10.27 00:00:00.000 GMT+00:00;161.5;195;22HAD80CT901§§OUT2;28312076;Т-ра металла БНД КУ-22;°C;1;-40.0;800.0;
2025.10.27 00:00:00.000 GMT+00:00;161.09814;195;22HAD80CT901§§XQ01;28312172;Т-ра металла БНД КУ-22;°C;1;-40.0;800.0;
2025.10.27 00:00:00.000 GMT+00:00;0.0;227;22HAD80DL001§122649§OUT;28311989;Output Value;;1;0.0;100.0;
2025.10.27 00:00:00.000 GMT+00:00;0.0;195;22HAD80DL001§122652§OUT;28312208;Output Value;;1;0.0;100.0;
2025.10.27 00:00:00.000 GMT+00:00;-1.6909943;195;22HAD80DL001§122693§OUT;28311985;Output Value;;1;0.0;100.0;
2025.10.27 00:00:00.000 GMT+00:00;183.29793;195;22HAD80DL001§122701§OUT;28312095;Output Value;;1;0.0;100.0;
2025.10.27 00:00:00.000 GMT+00:00;216.22534;195;22HAD80DL001§§DFWOUT;28312121;РЕГ L БНД КУ-22;;1;0.0;100.0;
2025.10.27 00:00:00.000 GMT+00:00;4.916003;219;22HAD80DL001§§ER;28311952;РЕГ L БВД КУ-22;%;1;-20.0;20.0;
2025.10.27 00:00:00.000 GMT+00:00;-1.6909943;219;22HAD80DL001§§UP_LUFT;28312155;РЕГ L БНД КУ-22;;1;0.0;100.0;
2025.10.27 00:00:00.000 GMT+00:00;0.0;195;22HAD80DL001§§XQ02;28312077;РЕГ L БНД КУ-22;ММ;1;-200.0;200.0;
2025.10.27 00:00:00.000 GMT+00:00;150.0;195;22HAD80DT100§232385§OUT;28312164;Output Value;°C;1;0.0;150.0;
2025.10.27 00:00:00.000 GMT+00:00;0.2;227;22HAD80EE001§122655§OUT;28311959;Output Value;;1;0.0;100.0;
2025.10.27 00:00:00.000 GMT+00:00;7.2011366;3;22HAG10CQ001§§XQ01;28313110;рН КОТ В ВСАС ЦЭН ВД КУ-22;pH;1;7.5;10.5;
2025.10.27 00:00:00.000 GMT+00:00;-4.9985533;3;22HAG10CQ002§§XQ01;28313266;ЭПР КОТ В ВСАС ЦЭН ВД КУ-22;мкСм/см;1;0.0;50.0;
2025.10.27 00:00:00.000 GMT+00:00;9.2;195;22HAG10DQ001§243714§OUT;28313162;Output Value;pH;1;9.2;9.4;
2025.10.27 00:00:00.000 GMT+00:00;0.0;195;22HAG10DQ001§243730§OUT;28313347;Output Value;;1;0.0;100.0;
2025.10.27 00:00:00.000 GMT+00:00;0.0;227;22HAG10DQ001§243734§OUT;28313341;Output Value;;1;0.0;100.0;
2025.10.27 00:00:00.000 GMT+00:00;0.0;227;22HAG21AP001§3217121§MAINTAL;28314103;Maintenance Alarm Limit;;1;0.0;100.0;
2025.10.27 00:00:00.000 GMT+00:00;0.0;227;22HAG21AP001§3217121§MAINTINT;28314767;Maintenance Interval (hours);;1;0.0;100.0;
2025.10.27 00:00:00.000 GMT+00:00;0.0;227;22HAG21AP001§3217122§MAINTAL;28314190;Maintenance Alarm Limit;;1;0.0;100.0;
2025.10.27 00:00:00.000 GMT+00:00;0.0;227;22HAG21AP001§3217122§MAINTINT;28314738;Maintenance Interval (hours);;1;0.0;100.0;
2025.10.27 00:00:00.000 GMT+00:00;47604.95;195;22HAG21AP001§§XQ11;28314424;22ЦЭН ВД-1;;1;0.0;100.0;
2025.10.27 00:00:00.000 GMT+00:00;157.0;195;22HAG21AP001§§XQ12;28314423;22ЦЭН ВД-1;;1;0.0;100.0;
2025.10.27 00:00:00.000 GMT+00:00;47604.95;195;22HAG21AP001§§XQ13;28314420;22ЦЭН ВД-1;;1;0.0;100.0;
2025.10.27 00:00:00.000 GMT+00:00;157.0;195;22HAG21AP001§§XQ14;28314421;22ЦЭН ВД-1;;1;0.0;100.0;
2025.10.27 00:00:00.000 GMT+00:00;86.0261;195;22HAG21CE002§§XQ01;28312211;I 22ЦЭН ВД-1 КУ-22;А;1;0.0;200.0;
2025.10.27 00:00:00.000 GMT+00:00;6.1996274;195;22HAG21CP051T§§XQ01;28311981;dР ФЛТР 22ЦЭН-1 ВД врем;кПа;1;0.0;25.0;
2025.10.27 00:00:00.000 GMT+00:00;55.188465;195;22HAG21CT101§§XQ01;28311934;T М ПОДШ 1 22ЦЭН ВД-1 КУ-22;°C;1;0.0;100.0;
2025.10.27 00:00:00.000 GMT+00:00;49.100006;195;22HAG21CT102§§XQ01;28312178;T М ПОДШ 2 22ЦЭН ВД-1 КУ-22;°C;1;0.0;100.0;
2025.10.27 00:00:00.000 GMT+00:00;0.0;227;22HAG22AP001§3217121§MAINTAL;28314257;Maintenance Alarm Limit;;1;0.0;100.0;
2025.10.27 00:00:00.000 GMT+00:00;0.0;227;22HAG22AP001§3217121§MAINTINT;28314425;Maintenance Interval (hours);;1;0.0;100.0;
2025.10.27 00:00:00.000 GMT+00:00;0.0;227;22HAG22AP001§3217122§MAINTAL;28314616;Maintenance Alarm Limit;;1;0.0;100.0;
2025.10.27 00:00:00.000 GMT+00:00;0.0;227;22HAG22AP001§3217122§MAINTINT;28314086;Maintenance Interval (hours);;1;0.0;100.0;
2025.10.27 00:00:00.000 GMT+00:00;42181.91;195;22HAG22AP001§§XQ11;28314134;22ЦЭН ВД-2;;1;0.0;100.0;
2025.10.27 00:00:00.000 GMT+00:00;158.0;195;22HAG22AP001§§XQ12;28314136;22ЦЭН ВД-2;;1;0.0;100.0;
2025.10.27 00:00:00.000 GMT+00:00;42181.91;195;22HAG22AP001§§XQ13;28314137;22ЦЭН ВД-2;;1;0.0;100.0;
2025.10.27 00:00:00.000 GMT+00:00;158.0;195;22HAG22AP001§§XQ14;28314133;22ЦЭН ВД-2;;1;0.0;100.0;
2025.10.27 00:00:00.000 GMT+00:00;1.2152778;195;22HAG22CE002§§XQ01;28312154;I 22ЦЭН ВД-2 КУ-22;А;1;0.0;200.0;
2025.10.27 00:00:00.000 GMT+00:00;1.6538577;195;22HAG22CP051T§§XQ01;28311965;dР ФЛТР 22ЦЭН-2 ВД врем;кПа;1;0.0;25.0;
2025.10.27 00:00:00.000 GMT+00:00;35.999763;195;22HAG22CT101§§XQ01;28312079;T М ПОДШ 1 22ЦЭН ВД-2 КУ-22;°C;1;0.0;100.0;
2025.10.27 00:00:00.000 GMT+00:00;39.30797;195;22HAG22CT102§§XQ01;28311908;T М ПОДШ 2 22ЦЭН ВД-2 КУ-22;°C;1;0.0;100.0;
2025.10.27 00:00:00.000 GMT+00:00;374.457;195;22HAG30CF001§§XQ01;28311910;F ИВД КУ-22;т/ч;1;0.0;550.0;
2025.10.27 00:00:00.000 GMT+00:00;374.09488;195;22HAG30CF002§§XQ01;28311894;F ИВД КУ-22;т/ч;1;0.0;550.0;
2025.10.27 00:00:00.000 GMT+00:00;374.24835;195;22HAG30CF003§§XQ01;28311902;F ИВД КУ-22;т/ч;1;0.0;550.0;
2025.10.27 00:00:00.000 GMT+00:00;374.17508;195;22HAG30CF901§§XQ01;28311896;СР F В ИВД КУ-22;т/ч;1;0.0;500.0;
2025.10.27 00:00:00.000 GMT+00:00;9.124132;195;22HAG40CQ001§§XQ01;28313177;рН КОТ В ВСАС ЦЭН НД КУ-22;pH;1;7.5;10.5;
2025.10.27 00:00:00.000 GMT+00:00;3.2118056;195;22HAG40CQ002§§XQ01;28313250;ЭПР КОТ В ВСАС ЦЭН НД КУ-22;мкСм/см;1;0.0;50.0;
2025.10.27 00:00:00.000 GMT+00:00;9.124843;195;22HAG40DQ001§243714§OUT;28313109;Output Value;pH;1;9.1;9.3;
2025.10.27 00:00:00.000 GMT+00:00;55.0;195;22HAG40DQ001§243730§OUT;28313343;Output Value;;1;0.0;100.0;
2025.10.27 00:00:00.000 GMT+00:00;0.0;227;22HAG40DQ001§243734§OUT;28313350;Output Value;;1;0.0;100.0;
2025.10.27 00:00:00.000 GMT+00:00;0.0;227;22HAG51AP001§3217121§MAINTAL;28314666;Maintenance Alarm Limit;;1;0.0;100.0;
2025.10.27 00:00:00.000 GMT+00:00;0.0;227;22HAG51AP001§3217121§MAINTINT;28314876;Maintenance Interval (hours);;1;0.0;100.0;
2025.10.27 00:00:00.000 GMT+00:00;0.0;227;22HAG51AP001§3217122§MAINTAL;28314759;Maintenance Alarm Limit;;1;0.0;100.0;
2025.10.27 00:00:00.000 GMT+00:00;0.0;227;22HAG51AP001§3217122§MAINTINT;28314675;Maintenance Interval (hours);;1;0.0;100.0;
2025.10.27 00:00:00.000 GMT+00:00;45623.56;195;22HAG51AP001§§XQ11;28314596;22ЦЭН НД-1;;1;0.0;100.0;
2025.10.27 00:00:00.000 GMT+00:00;153.0;195;22HAG51AP001§§XQ12;28314595;22ЦЭН НД-1;;1;0.0;100.0;
2025.10.27 00:00:00.000 GMT+00:00;45623.56;195;22HAG51AP001§§XQ13;28314594;22ЦЭН НД-1;;1;0.0;100.0;
2025.10.27 00:00:00.000 GMT+00:00;153.0;195;22HAG51AP001§§XQ14;28314597;22ЦЭН НД-1;;1;0.0;100.0;
2025.10.27 00:00:00.000 GMT+00:00;0.21745996;195;22HAG51CE002§§XQ01;28312129;I 22ЦЭН НД-1 КУ-22;А;1;0.0;50.0;
2025.10.27 00:00:00.000 GMT+00:00;54.001133;195;22HAG51CT101§§XQ01;28312082;T М ПОДШ 22ЦЭН НД-1 Д1;°C;1;-50.0;200.0;
2025.10.27 00:00:00.000 GMT+00:00;62.600006;195;22HAG51CT102§§XQ01;28312135;T М ПОДШ 22ЦЭН НД-1 Д2;°C;1;-50.0;200.0;
2025.10.27 00:00:00.000 GMT+00:00;0.0;227;22HAG52AP001§3217121§MAINTAL;28314493;Maintenance Alarm Limit;;1;0.0;100.0;
2025.10.27 00:00:00.000 GMT+00:00;0.0;227;22HAG52AP001§3217121§MAINTINT;28314871;Maintenance Interval (hours);;1;0.0;100.0;
2025.10.27 00:00:00.000 GMT+00:00;0.0;227;22HAG52AP001§3217122§MAINTAL;28314117;Maintenance Alarm Limit;;1;0.0;100.0;
2025.10.27 00:00:00.000 GMT+00:00;0.0;227;22HAG52AP001§3217122§MAINTINT;28314672;Maintenance Interval (hours);;1;0.0;100.0;
2025.10.27 00:00:00.000 GMT+00:00;44211.26;195;22HAG52AP001§§XQ11;28314834;22ЦЭН НД-2;;1;0.0;100.0;
2025.10.27 00:00:00.000 GMT+00:00;137.0;195;22HAG52AP001§§XQ12;28314833;22ЦЭН НД-2;;1;0.0;100.0;
2025.10.27 00:00:00.000 GMT+00:00;44211.26;195;22HAG52AP001§§XQ13;28314832;22ЦЭН НД-2;;1;0.0;100.0;
2025.10.27 00:00:00.000 GMT+00:00;137.0;195;22HAG52AP001§§XQ14;28314831;22ЦЭН НД-2;;1;0.0;100.0;
2025.10.27 00:00:00.000 GMT+00:00;14.665039;195;22HAG52CE002§§XQ01;28312120;I 22ЦЭН НД-2 КУ-22;А;1;0.0;50.0;
2025.10.27 00:00:00.000 GMT+00:00;35.399994;195;22HAG52CT101§§XQ01;28312147;T М ПОДШ 22ЦЭН НД-2 Д1;°C;1;-50.0;200.0;
2025.10.27 00:00:00.000 GMT+00:00;45.700012;195;22HAG52CT102§§XQ01;28311950;T М ПОДШ 22ЦЭН НД-2 Д2;°C;1;-50.0;200.0;
2025.10.27 00:00:00.000 GMT+00:00;128.81027;195;22HAG60CF001§§XQ01;28312133;F ИНД КУ-22;т/ч;1;0.0;200.0;
2025.10.27 00:00:00.000 GMT+00:00;128.73204;195;22HAG60CF002§§XQ01;28311984;F ИНД КУ-22;т/ч;1;0.0;200.0;
2025.10.27 00:00:00.000 GMT+00:00;128.62073;195;22HAG60CF003§§XQ01;28312037;F ИНД КУ-22;т/ч;1;0.0;200.0;
2025.10.27 00:00:00.000 GMT+00:00;128.58057;195;22HAG60CF901§§XQ01;28311949;СР F В ИНД КУ-22;т/ч;1;0.0;200.0;
2025.10.27 00:00:00.000 GMT+00:00;7.2000866;35;22HAH10CQ001§§XQ01;28313396;рН НАСЫЩ П ВЫХ БВД КУ-22;pH;1;7.5;10.5;
2025.10.27 00:00:00.000 GMT+00:00;-9.997107;35;22HAH10CQ002§§XQ01;28313181;Na НАСЫЩ П ВЫХ БВД КУ-22;мкг/л;1;0.0;100.0;
2025.10.27 00:00:00.000 GMT+00:00;267.40002;195;22HAH20CT001§§XQ01;28311964;Т П ПАРОТ ТР ВД КУ-22;°C;1;-40.0;800.0;
2025.10.27 00:00:00.000 GMT+00:00;39.59765;195;22HAH30CT009§§XQ01;28312036;Т В КОРП ТЕРМОПАР 3;°C;1;0.0;100.0;
2025.10.27 00:00:00.000 GMT+00:00;42.198833;195;22HAH30CT010§§XQ01;28312145;Т В КОРП ТЕРМОПАР 3;°C;1;0.0;100.0;
2025.10.27 00:00:00.000 GMT+00:00;517.04285;195;22HAH30CT101§§XQ01;28311893;Т М ЗМК ВЫХ ППВД КУ-22;°C;1;-40.0;800.0;
2025.10.27 00:00:00.000 GMT+00:00;511.37427;195;22HAH30CT102§§XQ01;28312064;Т М ЗМК ВЫХ ППВД КУ-22;°C;1;-40.0;800.0;
2025.10.27 00:00:00.000 GMT+00:00;513.10004;195;22HAH30CT103§§XQ01;28312045;Т М ЗМК ВЫХ ППВД КУ-22;°C;1;-40.0;800.0;
2025.10.27 00:00:00.000 GMT+00:00;510.80862;195;22HAH30CT104§§XQ01;28311974;Т М ЗМК ВЫХ ППВД КУ-22;°C;1;-40.0;800.0;
2025.10.27 00:00:00.000 GMT+00:00;515.74347;195;22HAH30CT105§§XQ01;28311982;Т М ЗМК ВЫХ ППВД КУ-22;°C;1;-40.0;800.0;
2025.10.27 00:00:00.000 GMT+00:00;516.9;195;22HAH30CT106§§XQ01;28312207;Т М ЗМК ВЫХ ППВД КУ-22;°C;1;-40.0;800.0;
2025.10.27 00:00:00.000 GMT+00:00;516.6516;195;22HAH30CT107§§XQ01;28312122;Т М ВЫХ ППВД ВЕРХ КУ-22;°C;1;-40.0;800.0;
2025.10.27 00:00:00.000 GMT+00:00;523.56793;195;22HAH30CT108§§XQ01;28312162;Т М ВЫХ ППВД НИЗ КУ-22;°C;1;-40.0;800.0;
2025.10.27 00:00:00.000 GMT+00:00;7.2000866;35;22HAH40CQ001§§XQ01;28313325;рН НАСЫЩ П ВЫХ БНД КУ-22;pH;1;7.5;10.5;
2025.10.27 00:00:00.000 GMT+00:00;-9.997107;35;22HAH40CQ002§§XQ01;28313262;Na НАСЫЩ П ВЫХ БНД КУ-22;мкг/л;1;0.0;100.0;
2025.10.27 00:00:00.000 GMT+00:00;161.19357;195;22HAH50CT001§§XQ01;28312075;Т П ПАРОТ ТР НД КУ-22;°C;1;-50.0;200.0;
2025.10.27 00:00:00.000 GMT+00:00;2.378922;195;22HNA10CP001§§XQ01;28311971;Р ДЫМ ГАЗ В ДИФ КУ-22;кПа;1;0.0;10.0;
2025.10.27 00:00:00.000 GMT+00:00;2.6028297;195;22HNA10CP002§§XQ01;28311919;Р ДЫМ ГАЗ В ДИФ КУ-22;кПа;1;0.0;10.0;
2025.10.27 00:00:00.000 GMT+00:00;2.547748;195;22HNA10CP003§§XQ01;28312140;Р ДЫМ ГАЗ В ДИФ КУ-22;кПа;1;0.0;10.0;
2025.10.27 00:00:00.000 GMT+00:00;2.7079237;195;22HNA20CP001§§XQ01;28311930;Р ДЫМ ГАЗ ВХ КУ-22;кПа;1;-10.0;10.0;
2025.10.27 00:00:00.000 GMT+00:00;-0.023148535;195;22HNA20CP002§§XQ01;28312181;Р ДЫМ ГАЗ ВХ КУ-22;кПа;1;-10.0;10.0;
2025.10.27 00:00:00.000 GMT+00:00;2.8000543;195;22HNA20CP003§§XQ01;28311886;Р ДЫМ ГАЗ ВХ КУ-22;кПа;1;-10.0;10.0;
2025.10.27 00:00:00.000 GMT+00:00;2.7004337;195;22HNA20CP901§§XQ01;28312221;Р в ДЫМГАЗ ВХ в КУ-22;кПа;1;-10.0;10.0;
2025.10.27 00:00:00.000 GMT+00:00;-2.9991322;35;22HNA20CQ001§§XQ01;28312124;О2 ДЫМ ГАЗ ЗА КУ-22;%;1;0.0;30.0;
2025.10.27 00:00:00.000 GMT+00:00;-99.97106;35;22HNA20CQ002§§XQ01;28312027;NОx ДЫМ ГАЗ ЗА КУ-22;vpm;1;0.0;1000.0;
2025.10.27 00:00:00.000 GMT+00:00;-0.04998553;35;22HNA20CQ003§§XQ01;28312196;CH4 ДЫМ ГАЗ ЗА КУ-22;ОБ%;1;0.0;0.6;
2025.10.27 00:00:00.000 GMT+00:00;-0.09997106;35;22HNA20CQ004§§XQ01;28312173;СО ДЫМ ГАЗ ЗА КУ-22;%;1;0.0;1.0;
2025.10.27 00:00:00.000 GMT+00:00;533.2086;195;22HNA20CT001§§XQ01;28311898;Т ДЫМ ГАЗ ВХ КУ-22;°C;1;-40.0;800.0;
2025.10.27 00:00:00.000 GMT+00:00;528.8856;195;22HNA20CT002§§XQ01;28312212;Т ДЫМ ГАЗ ВХ КУ-22;°C;1;-40.0;800.0;
2025.10.27 00:00:00.000 GMT+00:00;529.32324;195;22HNA20CT003§§XQ01;28311955;Т ДЫМ ГАЗ ВХ КУ-22;°C;1;-40.0;800.0;
2025.10.27 00:00:00.000 GMT+00:00;450.6199;195;22HNA20CT004§§XQ01;28312054;Т ДЫМ ГАЗ ЗА ППВД КУ-22;°C;1;-40.0;800.0;
2025.10.27 00:00:00.000 GMT+00:00;273.2;195;22HNA20CT005§§XQ01;28312051;Т ДЫМ ГАЗ ЗА ИВД КУ-22;°C;1;-40.0;800.0;
2025.10.27 00:00:00.000 GMT+00:00;218.30026;195;22HNA20CT006§§XQ01;28312220;Т ДЫМ ГАЗ ЗА ЭВД КУ-22;°C;1;-40.0;800.0;
2025.10.27 00:00:00.000 GMT+00:00;210.90155;195;22HNA20CT007§§XQ01;28312050;Т ДЫМ ГАЗ ЗА ППНД КУ-22;°C;1;-40.0;800.0;
2025.10.27 00:00:00.000 GMT+00:00;171.33229;195;22HNA20CT008§§XQ01;28311944;Т ДЫМ ГАЗ ЗА ИНД КУ-22;°C;1;-40.0;800.0;
2025.10.27 00:00:00.000 GMT+00:00;94.29094;195;22HNA20CT009§§XQ01;28311905;Т ДЫМ ГАЗ ВЫХ КУ-22;°C;1;-40.0;800.0;
2025.10.27 00:00:00.000 GMT+00:00;96.282326;195;22HNA20CT010§§XQ01;28311892;Т ДЫМ ГАЗ ВЫХ КУ-22;°C;1;-40.0;800.0;
2025.10.27 00:00:00.000 GMT+00:00;-270.0;35;22HNA20CT011§§XQ01;28312159;Т В КОРП ТЕРМОПАР 1;°C;1;0.0;100.0;
2025.10.27 00:00:00.000 GMT+00:00;995.72485;195;22HNA20CT012§§XQ01;28311968;Т В КОРП ТЕРМОПАР 2;°C;1;0.0;100.0;
2025.10.27 00:00:00.000 GMT+00:00;529.3336;195;22HNA20CT901§§XQ01;28312132;T в ДЫМГАЗ ВХ в КУ-22;°C;1;-40.0;800.0;
2025.10.27 00:00:00.000 GMT+00:00;-0.19255148;195;22HNA30CP001§§XQ01;28312090;Р ДЫМ ГАЗ ВЫХ КУ-22;кПа;1;-10.0;10.0;
2025.10.27 00:00:00.000 GMT+00:00;0.7002404;195;22LAB21CP001§§XQ01;28312017;P ПВ ВСАС 22ПЭН-1 КУ-22;МПа;1;0.0;1.6;
2025.10.27 00:00:00.000 GMT+00:00;0.7022513;195;22LAB22CP001§§XQ01;28311961;P ПВ ВСАС 22ПЭН-1 КУ-22;МПа;1;0.0;1.6;
2025.10.27 00:00:00.000 GMT+00:00;6.9343333;195;22LAB23CP001§§XQ01;28312032;P ПВ НАП 22ПЭН-1 КУ-22;МПа;1;0.0;16.0;
2025.10.27 00:00:00.000 GMT+00:00;6.9675374;195;22LAB24CP001§§XQ01;28312179;P ПВ НАП 22ПЭН-2 КУ-22;МПа;1;0.0;16.0;
2025.10.27 00:00:00.000 GMT+00:00;213.7032;195;22LAB30CF001_C§T_H§XQ01;28315098;F ПВ ВХ ВД КУ-22 РАСЧ;;1;0.0;400.0;
2025.10.27 00:00:00.000 GMT+00:00;209.31235;195;22LAB30CF001§§XQ01;28311899;F ПВ ВХ ВД КУ-22;т/ч;1;0.0;308.604;
2025.10.27 00:00:00.000 GMT+00:00;213.83192;195;22LAB30CF002_C§T_H§XQ01;28315102;F ПВ ВХ ВД КУ-22 РАСЧ;;1;0.0;400.0;
2025.10.27 00:00:00.000 GMT+00:00;209.28366;195;22LAB30CF002§§XQ01;28312013;F ПВ ВХ ВД КУ-22;т/ч;1;0.0;308.604;
2025.10.27 00:00:00.000 GMT+00:00;210.05838;195;22LAB30CF901§§XQ01;28312177;СР F ПВ ВД КУ-22;т/ч;1;0.0;250.0;
2025.10.27 00:00:00.000 GMT+00:00;6.8794723;195;22LAB30CP001§§XQ01;28312109;P ПВ ВХ ВД КУ-22;МПа;1;0.0;16.0;
2025.10.27 00:00:00.000 GMT+00:00;6.851823;195;22LAB30CP002§§XQ01;28311972;Р ПВ ДО ЭВД КУ-22;МПа;1;0.0;16.0;
2025.10.27 00:00:00.000 GMT+00:00;162.6;195;22LAB30CT001§§XQ01;28312053;Т ПВ ВХ ВД КУ-22;°C;1;-50.0;200.0;
2025.10.27 00:00:00.000 GMT+00:00;-66.36175;195;22LAB30DF001§§ER;28312210;РЕГ F ЭВД КУ22;;1;0.0;100.0;
2025.10.27 00:00:00.000 GMT+00:00;45.0;227;22LAB30DF001§§XQ02;28312201;РЕГ F ЭВД КУ22;;1;0.0;100.0;
2025.10.27 00:00:00.000 GMT+00:00;0.0;227;22LAB30YQ031§243684§OUT;28313263;Output Value;%;1;0.0;100.0;
2025.10.27 00:00:00.000 GMT+00:00;0.0;227;22LAB30YQ031§§XQ01;28313190;F ГДЗ 20QCA13AP001;;1;0.0;100.0;
2025.10.27 00:00:00.000 GMT+00:00;0.0;227;22LAB30YQ033§243684§OUT;28313142;Output Value;%;1;0.0;100.0;
2025.10.27 00:00:00.000 GMT+00:00;0.0;227;22LAB30YQ033§§XQ01;28313169;F ГДЗ 20QCA16AP001;;1;0.0;100.0;
2025.10.27 00:00:00.000 GMT+00:00;0.0;227;22LAC10AA801§TRACKING§OUT;28312067;Output Value;%;1;-100.0;100.0;
2025.10.27 00:00:00.000 GMT+00:00;63.803883;195;22LAC10AA801§§XQ01;28312041;ГМФ 22ПЭН-1 КУ-22;%;1;0.0;100.0;
2025.10.27 00:00:00.000 GMT+00:00;0.0;227;22LAC10AP001§3217121§MAINTAL;28314477;Maintenance Alarm Limit;;1;0.0;100.0;
2025.10.27 00:00:00.000 GMT+00:00;0.0;227;22LAC10AP001§3217121§MAINTINT;28314793;Maintenance Interval (hours);;1;0.0;100.0;
2025.10.27 00:00:00.000 GMT+00:00;0.0;227;22LAC10AP001§3217122§MAINTAL;28314867;Maintenance Alarm Limit;;1;0.0;100.0;
2025.10.27 00:00:00.000 GMT+00:00;0.0;227;22LAC10AP001§3217122§MAINTINT;28314886;Maintenance Interval (hours);;1;0.0;100.0;
2025.10.27 00:00:00.000 GMT+00:00;43153.32;195;22LAC10AP001§§XQ11;28314707;22ПЭН-1;;1;0.0;100.0;
2025.10.27 00:00:00.000 GMT+00:00;366.0;195;22LAC10AP001§§XQ12;28314708;22ПЭН-1;;1;0.0;100.0;
2025.10.27 00:00:00.000 GMT+00:00;43153.32;195;22LAC10AP001§§XQ13;28314712;22ПЭН-1;;1;0.0;100.0;
2025.10.27 00:00:00.000 GMT+00:00;366.0;195;22LAC10AP001§§XQ14;28314711;22ПЭН-1;;1;0.0;100.0;
2025.10.27 00:00:00.000 GMT+00:00;82.2484;195;22LAC10CE002§§XQ01;28311911;I 22ПЭН-1 КУ-22;А;1;0.0;200.0;
2025.10.27 00:00:00.000 GMT+00:00;0.509064;195;22LAC10CG001§§XQ01;28312044;G О 22ПЭН-1 КУ-22;ММ;1;0.0;3.0;
2025.10.27 00:00:00.000 GMT+00:00;63.63536;195;22LAC10CG801§§XQ01;28312123;ГМФ 22ПЭН-1 КУ-22;%;1;0.0;100.0;
2025.10.27 00:00:00.000 GMT+00:00;7.0437436;195;22LAC10CP001§§XQ01;28312186;P ПВ ВСАС 22ПЭН-1 КУ-22;БАР;1;0.0;16.0;
2025.10.27 00:00:00.000 GMT+00:00;71.06742;195;22LAC10CP002§§XQ01;28312190;P ПВ НАП 22ПЭН-1 КУ-22;БАР;1;0.0;160.0;
2025.10.27 00:00:00.000 GMT+00:00;1.7015488;195;22LAC10CP004§§XQ01;28312160;P МСЛ ГМФ 22ПЭН-1 КУ-22 ЗА Ф;БАР;1;0.0;6.0;
2025.10.27 00:00:00.000 GMT+00:00;2498.3445;195;22LAC10CS001§§XQ01;28312098;n ГМФ 22ПЭН-1 КУ-22;1/МИН;1;0.0;3000.0;
2025.10.27 00:00:00.000 GMT+00:00;43.857784;195;22LAC10CT003§§XQ01;28312117;T МСЛ В ПСУ 22ПЭН-1 КУ-22;°C;1;0.0;180.0;
2025.10.27 00:00:00.000 GMT+00:00;73.20004;195;22LAC10CT004§§XQ01;28312033;T МСЛ ВЫХ ГМФ 22ПЭН-1 КУ-22;°C;1;0.0;180.0;
2025.10.27 00:00:00.000 GMT+00:00;55.538525;195;22LAC10CT005§§XQ01;28311940;T МСЛ ЗА ТО ГМФ 22ПЭН-1 КУ-22;°C;1;0.0;180.0;
2025.10.27 00:00:00.000 GMT+00:00;60.376087;195;22LAC10CT101§§XQ01;28311889;T М ПОДШ 1 22ПЭН-1 КУ-22;°C;1;0.0;150.0;
2025.10.27 00:00:00.000 GMT+00:00;55.0849;195;22LAC10CT102§§XQ01;28312148;T М ПОДШ 2 22ПЭН-1 КУ-22;°C;1;0.0;150.0;
2025.10.27 00:00:00.000 GMT+00:00;59.100006;195;22LAC10CT106§§XQ01;28312161;T М ПОДШ 1 ГМФ 22ПЭН-1 КУ-22;°C;1;0.0;180.0;
2025.10.27 00:00:00.000 GMT+00:00;68.5;195;22LAC10CT107§§XQ01;28312214;T М ПОДШ 2 ГМФ 22ПЭН-1 КУ-22;°C;1;0.0;180.0;
2025.10.27 00:00:00.000 GMT+00:00;65.49991;195;22LAC10CT108§§XQ01;28312092;T М ПОДШ 3 ГМФ 22ПЭН-1 КУ-22;°C;1;0.0;180.0;
2025.10.27 00:00:00.000 GMT+00:00;86.30468;195;22LAC10CT109§§XQ01;28312108;T М ПОДШ 1 ЭД 22ПЭН-1 КУ-22;°C;1;-40.0;150.0;
2025.10.27 00:00:00.000 GMT+00:00;75.600006;195;22LAC10CT110§§XQ01;28312111;T М ПОДШ 2 ЭД 22ПЭН-1 КУ-22;°C;1;-40.0;150.0;
2025.10.27 00:00:00.000 GMT+00:00;77.502174;195;22LAC10CT111§§XQ01;28312167;T Cu ФАЗА А 22ПЭН-1 КУ-22;°C;1;-50.0;200.0;
2025.10.27 00:00:00.000 GMT+00:00;74.1;195;22LAC10CT112§§XQ01;28312163;T Cu ФАЗА B 22ПЭН-1 КУ-22;°C;1;-50.0;200.0;
2025.10.27 00:00:00.000 GMT+00:00;77.998924;195;22LAC10CT113§§XQ01;28312152;T Cu ФАЗА C 22ПЭН-1 КУ-22;°C;1;-50.0;200.0;
2025.10.27 00:00:00.000 GMT+00:00;75.399994;195;22LAC10CT114§§XQ01;28311901;T Fe ФАЗА А 22ПЭН-1 КУ-22;°C;1;-50.0;200.0;
2025.10.27 00:00:00.000 GMT+00:00;74.5;195;22LAC10CT115§§XQ01;28312038;T Fe ФАЗА B 22ПЭН-1 КУ-22;°C;1;-50.0;200.0;
2025.10.27 00:00:00.000 GMT+00:00;77.996666;195;22LAC10CT116§§XQ01;28311923;T Fe ФАЗА C 22ПЭН-1 КУ-22;°C;1;-50.0;200.0;
2025.10.27 00:00:00.000 GMT+00:00;2.0851526;195;22LAC10CY001§§XQ01;28312191;ВИБР ПОДШ 1 22ПЭН-1 КУ-22;мм/с;1;0.0;20.0;
2025.10.27 00:00:00.000 GMT+00:00;1.9999965;219;22LAC10CY002§§XQ01;28311916;ВИБР ПОДШ 2 22ПЭН-1 КУ-22;мм/с;1;0.0;20.0;
2025.10.27 00:00:00.000 GMT+00:00;0.0;227;22LAC20AA801§TRACKING§OUT;28312150;Output Value;%;1;-100.0;100.0;
2025.10.27 00:00:00.000 GMT+00:00;63.796597;195;22LAC20AA801§§XQ01;28312059;ГМФ 22ПЭН-2 КУ-22;%;1;0.0;100.0;
2025.10.27 00:00:00.000 GMT+00:00;0.0;227;22LAC20AP001§3217121§MAINTAL;28314223;Maintenance Alarm Limit;;1;0.0;100.0;
2025.10.27 00:00:00.000 GMT+00:00;0.0;227;22LAC20AP001§3217121§MAINTINT;28314779;Maintenance Interval (hours);;1;0.0;100.0;
2025.10.27 00:00:00.000 GMT+00:00;0.0;227;22LAC20AP001§3217122§MAINTAL;28314658;Maintenance Alarm Limit;;1;0.0;100.0;
2025.10.27 00:00:00.000 GMT+00:00;0.0;227;22LAC20AP001§3217122§MAINTINT;28314856;Maintenance Interval (hours);;1;0.0;100.0;
2025.10.27 00:00:00.000 GMT+00:00;37103.58;195;22LAC20AP001§§XQ11;28314687;22ПЭН-2;;1;0.0;100.0;
2025.10.27 00:00:00.000 GMT+00:00;328.0;195;22LAC20AP001§§XQ12;28314688;22ПЭН-2;;1;0.0;100.0;
2025.10.27 00:00:00.000 GMT+00:00;37103.58;195;22LAC20AP001§§XQ13;28314690;22ПЭН-2;;1;0.0;100.0;
2025.10.27 00:00:00.000 GMT+00:00;328.0;195;22LAC20AP001§§XQ14;28314691;22ПЭН-2;;1;0.0;100.0;
2025.10.27 00:00:00.000 GMT+00:00;-0.046704195;195;22LAC20CE002§§XQ01;28312021;I 22ПЭН-2 КУ-22;А;1;0.0;200.0;
2025.10.27 00:00:00.000 GMT+00:00;0.07895592;195;22LAC20CG001§§XQ01;28312224;G О 22ПЭН-2 КУ-22;ММ;1;0.0;3.0;
2025.10.27 00:00:00.000 GMT+00:00;64.02223;195;22LAC20CG801§§XQ01;28311958;ГМФ 22ПЭН-2 КУ-22;%;1;0.0;100.0;
2025.10.27 00:00:00.000 GMT+00:00;7.003367;195;22LAC20CP001§§XQ01;28312193;P ПВ ВСАС 22ПЭН-2 КУ-22;БАР;1;0.0;16.0;
2025.10.27 00:00:00.000 GMT+00:00;7.3611107;195;22LAC20CP002§§XQ01;28311917;P ПВ НАП 22ПЭН-2 КУ-22;БАР;1;0.0;160.0;
2025.10.27 00:00:00.000 GMT+00:00;0.0104099335;195;22LAC20CP004§§XQ01;28311945;P МСЛ ГМФ 22ПЭН-2 КУ-22 ЗА Ф;БАР;1;0.0;6.0;
2025.10.27 00:00:00.000 GMT+00:00;0.8680556;195;22LAC20CS001§§XQ01;28312056;n ГМФ 22ПЭН-2 КУ-22;1/МИН;1;0.0;3000.0;
2025.10.27 00:00:00.000 GMT+00:00;-2.2747293;195;22LAC20CT003§§XQ01;28312199;T МСЛ В ПСУ 22ПЭН-2 КУ-22;°C;1;0.0;180.0;
2025.10.27 00:00:00.000 GMT+00:00;24.313467;195;22LAC20CT004§§XQ01;28312197;T МСЛ ВЫХ ГМФ 22ПЭН-2 КУ-22;°C;1;0.0;180.0;
2025.10.27 00:00:00.000 GMT+00:00;23.300003;195;22LAC20CT005§§XQ01;28312203;T МСЛ ЗА ТО ГМФ 22ПЭН-2 КУ-22;°C;1;0.0;180.0;
2025.10.27 00:00:00.000 GMT+00:00;35.593643;195;22LAC20CT101§§XQ01;28312103;T М ПОДШ 1 22ПЭН-2 КУ-22;°C;1;0.0;150.0;
2025.10.27 00:00:00.000 GMT+00:00;35.762436;195;22LAC20CT102§§XQ01;28312002;T М ПОДШ 2 22ПЭН-2 КУ-22;°C;1;0.0;150.0;
2025.10.27 00:00:00.000 GMT+00:00;22.700008;195;22LAC20CT106§§XQ01;28312138;T М ПОДШ 1 ГМФ 22ПЭН-2 КУ-22;°C;1;0.0;180.0;
2025.10.27 00:00:00.000 GMT+00:00;25.699997;195;22LAC20CT107§§XQ01;28312012;T М ПОДШ 2 ГМФ 22ПЭН-2 КУ-22;°C;1;0.0;180.0;
2025.10.27 00:00:00.000 GMT+00:00;25.504364;195;22LAC20CT108§§XQ01;28312142;T М ПОДШ 3 ГМФ 22ПЭН-2 КУ-22;°C;1;0.0;180.0;
2025.10.27 00:00:00.000 GMT+00:00;23.700727;195;22LAC20CT109§§XQ01;28312001;T М ПОДШ 1 ЭД 22ПЭН-2 КУ-22;°C;1;-40.0;150.0;
2025.10.27 00:00:00.000 GMT+00:00;24.199997;195;22LAC20CT110§§XQ01;28312073;T М ПОДШ 2 ЭД 22ПЭН-2 КУ-22;°C;1;-40.0;150.0;
2025.10.27 00:00:00.000 GMT+00:00;23.0;195;22LAC20CT111§§XQ01;28311998;T Cu ФАЗА А 22ПЭН-2 КУ-22;°C;1;-50.0;200.0;
2025.10.27 00:00:00.000 GMT+00:00;23.40001;195;22LAC20CT112§§XQ01;28312195;T Cu ФАЗА B 22ПЭН-2 КУ-22;°C;1;-50.0;200.0;
2025.10.27 00:00:00.000 GMT+00:00;24.401432;195;22LAC20CT113§§XQ01;28312139;T Cu ФАЗА C 22ПЭН-2 КУ-22;°C;1;-50.0;200.0;
2025.10.27 00:00:00.000 GMT+00:00;24.300003;195;22LAC20CT114§§XQ01;28311927;T Fe ФАЗА А 22ПЭН-2 КУ-22;°C;1;-50.0;200.0;
2025.10.27 00:00:00.000 GMT+00:00;23.900604;195;22LAC20CT115§§XQ01;28312007;T Fe ФАЗА B 22ПЭН-2 КУ-22;°C;1;-50.0;200.0;
2025.10.27 00:00:00.000 GMT+00:00;22.600006;195;22LAC20CT116§§XQ01;28311988;T Fe ФАЗА C 22ПЭН-2 КУ-22;°C;1;-50.0;200.0;
2025.10.27 00:00:00.000 GMT+00:00;0.15624988;195;22LAC20CY001§§XQ01;28311954;ВИБР ПОДШ 1 22ПЭН-2 КУ-22;мм/с;1;0.0;20.0;
2025.10.27 00:00:00.000 GMT+00:00;0.1736111;195;22LAC20CY002§§XQ01;28312062;ВИБР ПОДШ 2 22ПЭН-2 КУ-22;мм/с;1;0.0;20.0;
2025.10.27 00:00:00.000 GMT+00:00;0.0;227;22LAC20DG001§§ER;28312068;ГМФ 22ПЭН-2 ЛОГ УПР;%;1;-100.0;100.0;
2025.10.27 00:00:00.000 GMT+00:00;-4.9985533;35;22LAV10CE001§§XQ01;28311957;I РЕЗ МСЛ НАСОС ГМФ 22ПЭН-1 КУ-22;А;1;0.0;50.0;
2025.10.27 00:00:00.000 GMT+00:00;-4.9985533;35;22LAV20CE001§§XQ01;28312100;I РЕЗ МСЛ НАСОС ГМФ 22ПЭН-2 КУ-22;А;1;0.0;50.0;
2025.10.27 00:00:00.000 GMT+00:00;235.06143;195;22LBA10CF001§§XQ01;28312048;F ПАР ВД ЗА КУ-22;т/ч;1;0.0;328.0;
2025.10.27 00:00:00.000 GMT+00:00;235.32344;195;22LBA10CF002§§XQ01;28312055;F ПАР ВД ЗА КУ-22;т/ч;1;0.0;328.0;
2025.10.27 00:00:00.000 GMT+00:00;235.08858;195;22LBA10CF901§§XQ01;28312085;CP F ПАР ВД ЗА КУ-22;т/ч;1;0.0;328.0;
2025.10.27 00:00:00.000 GMT+00:00;-0.1180984;195;22LBA10CG801§§XQ01;28312332;РК БПС ГПЗ ВД ПТ;%;1;0.0;100.0;
2025.10.27 00:00:00.000 GMT+00:00;4.5166154;195;22LBA10CP001§§XQ01;28311975;Р П ВД ЗА КУ-22;МПа;1;0.0;16.0;
2025.10.27 00:00:00.000 GMT+00:00;4.532407;195;22LBA10CP002§§XQ01;28312009;Р П ВД ЗА КУ-22;МПа;1;0.0;16.0;
2025.10.27 00:00:00.000 GMT+00:00;4.500175;195;22LBA10CP003§§XQ01;28312106;Р П ВД ЗА КУ-22;МПа;1;0.0;16.0;
2025.10.27 00:00:00.000 GMT+00:00;3.7588608;195;22LBA10CP004§§XQ01;28312635;P П ВД ВХ СК;МПа;1;0.0;16.0;
2025.10.27 00:00:00.000 GMT+00:00;4.0961637;195;22LBA10CP006§§XQ01;28312506;P П ВХ БРОУ ВД 2;МПа;1;0.0;16.0;
2025.10.27 00:00:00.000 GMT+00:00;4.513889;195;22LBA10CP901§§XQ01;28312169;Р ПАР ВД КУ-22;МПа;1;0.0;16.0;
2025.10.27 00:00:00.000 GMT+00:00;3.9282422;195;22LBA10CP902§§XQ01;28312597;СР P БРОУ ВД КУ-22;МПа;1;0.0;16.0;
2025.10.27 00:00:00.000 GMT+00:00;7.2000866;35;22LBA10CQ001§§XQ01;28313219;рН ПЕГРЕВ П ВЫХ БВД КУ-22;pH;1;7.5;10.5;
2025.10.27 00:00:00.000 GMT+00:00;-1.4995661;35;22LBA10CQ002§§XQ01;28313390;ЭПР ПЕГРЕВ П ВЫХ БВД КУ-22;мкСм/см;1;0.0;15.0;
2025.10.27 00:00:00.000 GMT+00:00;-9.997107;35;22LBA10CQ003§§XQ01;28313247;SiO2 ПЕГРЕВ П ВЫХ БВД КУ-22;мкг/л;1;0.0;100.0;
2025.10.27 00:00:00.000 GMT+00:00;-199.94212;35;22LBA10CQ004§§XQ01;28313152;ТОС ПЕГРЕВ П ВЫХ БВД КУ-22;мкг/л;1;0.0;2000.0;
2025.10.27 00:00:00.000 GMT+00:00;507.70096;195;22LBA10CT001§§XQ01;28312061;Т П ЗА ППВД КУ-22;°C;1;-40.0;800.0;
2025.10.27 00:00:00.000 GMT+00:00;1052.2838;195;22LBA10CT002§§XQ01;28312474;T П ВД ЗА КУ-22;°C;1;-40.0;800.0;
2025.10.27 00:00:00.000 GMT+00:00;507.90002;195;22LBA10CT005§§XQ01;28312607;T П ВД ВХ СК ВД;°C;1;-40.0;800.0;
2025.10.27 00:00:00.000 GMT+00:00;154.02011;195;22LBA10CT006§§XQ01;28312375;T П ВХ БРОУ ВД 2;°C;1;-40.0;800.0;
2025.10.27 00:00:00.000 GMT+00:00;0.0;195;22LBA10DP001§§ER;28312383;РЕГ P ВХ БРОУ КУ-22;%;1;-20.0;20.0;
2025.10.27 00:00:00.000 GMT+00:00;0.0;227;22LBA10DP001§§EXT_SETP;28312266;РЕГ P ВХ БРОУ КУ-22;;1;0.0;100.0;
2025.10.27 00:00:00.000 GMT+00:00;3.9282446;195;22LBA10DP001§§XQ02;28312602;РЕГ P ВХ БРОУ КУ-22;МПа;1;0.0;7.6;
2025.10.27 00:00:00.000 GMT+00:00;3.9266589;195;22LBA10DP001§§XQ03;28312606;MAX P ДО БРОУ ВД КУ-22;МПа;1;0.0;16.0;
2025.10.27 00:00:00.000 GMT+00:00;0.0;227;22LBA10DP002§§XQ01;28312353;РЕГ P MAX ВХ БРОУ КУ-22;;1;0.0;100.0;
2025.10.27 00:00:00.000 GMT+00:00;9.0;227;22LBA10DQ001§243714§OUT;28313361;Output Value;pH;1;9.0;9.3;
2025.10.27 00:00:00.000 GMT+00:00;0.0;227;22LBA10DQ001§243730§OUT;28313212;Output Value;;1;0.0;100.0;
2025.10.27 00:00:00.000 GMT+00:00;0.0;227;22LBA10DQ001§243734§OUT;28313386;Output Value;;1;0.0;100.0;
2025.10.27 00:00:00.000 GMT+00:00;0.24576966;195;22LBA11AA801§§GAIN;28312091;РК ДО ШУМГЛУШ КУ-22 ЛОГ УПР;;1;0.0;100.0;
2025.10.27 00:00:00.000 GMT+00:00;-9.997107;35;22LBA11CG801§§XQ01;28312018;РК ДО ШУМГЛУШ КУ-22;%;1;0.0;100.0;
2025.10.27 00:00:00.000 GMT+00:00;26.1051;195;22LBA50CF001_C§T_H§XQ01;28315107;F П НД ЗА КУ-22 РАСЧ;;1;0.0;400.0;
2025.10.27 00:00:00.000 GMT+00:00;38.891754;195;22LBA50CF001§§XQ01;28311914;F П НД ЗА КУ-22;т/ч;1;0.0;75.0;
2025.10.27 00:00:00.000 GMT+00:00;38.67886;195;22LBA50CF002§§XQ01;28311994;F П НД ЗА КУ-22;т/ч;1;0.0;75.0;
2025.10.27 00:00:00.000 GMT+00:00;38.62089;195;22LBA50CF901§§XQ01;28311979;СР F П НД ЗА КУ-22;т/ч;1;0.0;64.0;
2025.10.27 00:00:00.000 GMT+00:00;0.5445695;195;22LBA50CP001§§XQ01;28312174;Р П НД ЗА КУ-22;МПа;1;0.0;1.0;
2025.10.27 00:00:00.000 GMT+00:00;0.46842253;195;22LBA50CP002§§XQ01;28312577;P П НД ВХ ГПЗ КУ-22;МПа;1;0.0;1.0;
2025.10.27 00:00:00.000 GMT+00:00;0.4945023;195;22LBA50CP006§§XQ01;28312468;P П ВХ 22БРОУ НД;МПа;1;0.0;1.0;
2025.10.27 00:00:00.000 GMT+00:00;0.4821787;195;22LBA50CP901§§XQ01;28312321;СР P БРОУ НД КУ-22;МПа;1;0.0;1.0;
2025.10.27 00:00:00.000 GMT+00:00;9.73698;195;22LBA50CQ001§§XQ01;28313125;pH ПЕГРЕВ П ВЫХ БНД КУ-22;pH;1;7.5;10.5;
2025.10.27 00:00:00.000 GMT+00:00;0.5598959;195;22LBA50CQ002§§XQ01;28313315;ЭПР ПЕГРЕВ П ВЫХ БНД КУ-22;мкСм/см;1;0.0;15.0;
2025.10.27 00:00:00.000 GMT+00:00;-9.997107;35;22LBA50CQ003§§XQ01;28313208;SiO2 ПЕГРЕВ П ВЫХ БНД КУ-22;мкг/л;1;0.0;100.0;
2025.10.27 00:00:00.000 GMT+00:00;223.20001;195;22LBA50CT001§§XQ01;28311978;Т П ЗА ППНД КУ-22;°C;1;-400.0;800.0;
2025.10.27 00:00:00.000 GMT+00:00;222.39995;195;22LBA50CT002§§XQ01;28312309;Т П ЗА КУ-22;°C;1;-40.0;800.0;
2025.10.27 00:00:00.000 GMT+00:00;159.0;195;22LBA50CT006§§XQ01;28312623;T П ВХ БРОУ НД 2;°C;1;-40.0;800.0;
2025.10.27 00:00:00.000 GMT+00:00;0.0;195;22LBA50DP001§§ER;28312293;РЕГ ДАВЛ  БРОУ НД 22;%;1;-20.0;20.0;
2025.10.27 00:00:00.000 GMT+00:00;0.48159102;195;22LBA50DP001§§XQ02;28312428;РЕГ ДАВЛ  БРОУ НД 22;МПа;1;0.1;0.6;
2025.10.27 00:00:00.000 GMT+00:00;-0.17383517;195;22LBH10CG801§§XQ01;28311973;РК НА ПРГ БНД КУ-22;%;1;0.0;100.0;
2025.10.27 00:00:00.000 GMT+00:00;0.25840613;195;22LBH20CG801§§XQ01;28312003;РК НА ПРГ БВД КУ-22;%;1;0.0;100.0;
2025.10.27 00:00:00.000 GMT+00:00;2.9497948;195;22LCA10AA801§§GAIN;28311947;РК РЕЦ ГПК КУ-22 ЛОГ УПР;;1;0.0;100.0;
2025.10.27 00:00:00.000 GMT+00:00;340.3977;195;22LCA10CF001§§XQ01;28312089;F ДО ГПК КУ-22;т/ч;1;0.0;426.0;
2025.10.27 00:00:00.000 GMT+00:00;0.16415212;195;22LCA10CG801§§XQ01;28312000;РК РЕЦ ГПК КУ-22;%;1;0.0;100.0;
2025.10.27 00:00:00.000 GMT+00:00;1.553352;195;22LCA10CP001§§XQ01;28311987;Р ДО ГПК КУ-22;МПа;1;0.0;4.0;
2025.10.27 00:00:00.000 GMT+00:00;60.100006;195;22LCA10CT001§§XQ01;28311909;Т ДО ГПК КУ-22;°C;1;-50.0;200.0;
2025.10.27 00:00:00.000 GMT+00:00;37.70106;195;22LCA10DT001§230648§OUT;28312031;Output Value;°C;1;30.0;70.0;
2025.10.27 00:00:00.000 GMT+00:00;0.0;195;22LCA10DT001§244764§OUT;28311996;Output Value;;1;0.0;100.0;
2025.10.27 00:00:00.000 GMT+00:00;62.5;227;22LCA10DT002§1484775§OUT;28312046;Output Value;;1;0.0;100.0;
2025.10.27 00:00:00.000 GMT+00:00;0.0;195;22LCA10DT002§244755§OUT;28312094;Output Value;;1;0.0;100.0;
2025.10.27 00:00:00.000 GMT+00:00;-0.040002443;195;22LCA10DT002§§ER;28311960;РЕГ Т ВЫХ ГПК КУ-22;%;1;-100.0;100.0;
2025.10.27 00:00:00.000 GMT+00:00;-0.099998474;219;22LCA10DT002§§XQ02;28312080;РЕГ Т ВЫХ ГПК КУ-22;;1;0.0;100.0;
2025.10.27 00:00:00.000 GMT+00:00;0.0;195;22LCA20AA801§AZS_TIME§RT;28314976;Remaining Time;;1;0.0;100.0;
2025.10.27 00:00:00.000 GMT+00:00;0.0;11;22LCA20CF001_C§ T_H§XQ01;28315106;F КНД В БНД КУ-22 РАСЧ;;2;0.0;400.0;
2025.10.27 00:00:00.000 GMT+00:00;268.80905;195;22LCA20CF001_C§T_H§XQ01;28315111;F КНД В БНД КУ-22 РАСЧ;;1;0.0;400.0;
2025.10.27 00:00:00.000 GMT+00:00;269.07455;195;22LCA20CF001§§XQ01;28311997;F КНД В БНД КУ-22;т/ч;1;0.0;363.28;
2025.10.27 00:00:00.000 GMT+00:00;0.0;11;22LCA20CF002_C_Usl§120489§OUT;28315088;Specific Volume [m3 /kg];;2;0.0;100.0;
2025.10.27 00:00:00.000 GMT+00:00;0.0;11;22LCA20CF002_C_Usl§120492§OUT;28315089;Specific Volume [m3 /kg];;2;0.0;100.0;
2025.10.27 00:00:00.000 GMT+00:00;0.0;11;22LCA20CF002_C_Usl§627171§OUT;28315087;Output Value;;2;0.0;100.0;
2025.10.27 00:00:00.000 GMT+00:00;0.0;11;22LCA20CF002_C_Usl§627173§OUT;28315091;Output Value;;2;0.0;100.0;
2025.10.27 00:00:00.000 GMT+00:00;0.0;11;22LCA20CF002_C§120492§OUT;28315086;Specific Volume [m3 /kg];;2;0.0;100.0;
2025.10.27 00:00:00.000 GMT+00:00;0.0;11;22LCA20CF002_C§248757§OUT;28315090;Specific Volume [m3 /kg];;2;0.0;100.0;
2025.10.27 00:00:00.000 GMT+00:00;0.0;11;22LCA20CF002_C§627171§OUT;28315084;Output Value;;2;0.0;100.0;
2025.10.27 00:00:00.000 GMT+00:00;0.0;11;22LCA20CF002_C§627172§OUT;28315085;Output Value;;2;0.0;100.0;
2025.10.27 00:00:00.000 GMT+00:00;0.0;11;22LCA20CF002_C§627173§OUT;28315092;Output Value;;2;0.0;100.0;
2025.10.27 00:00:00.000 GMT+00:00;264.384;195;22LCA20CF002_C§T_H§XQ01;28315105;F КНД В БНД КУ-22 РАСЧ;;1;0.0;400.0;
2025.10.27 00:00:00.000 GMT+00:00;263.74823;195;22LCA20CF002§§XQ01;28311912;F КНД В БНД КУ-22;т/ч;1;0.0;363.28;
2025.10.27 00:00:00.000 GMT+00:00;266.76608;195;22LCA20CF901§§XQ01;28312006;СР F КНД В БНД КУ-22;т/ч;1;0.0;363.28;
2025.10.27 00:00:00.000 GMT+00:00;54.794132;195;22LCA20CG801§§XQ01;28312128;РПК НД КУ-22;%;1;0.0;100.0;
2025.10.27 00:00:00.000 GMT+00:00;1.4725337;195;22LCA20CP001§§XQ01;28311970;Р КНД ЗА ГПК ДО РЕЦ КУ-22;МПа;1;0.0;2.5;
2025.10.27 00:00:00.000 GMT+00:00;1.4769185;195;22LCA20CP002§§XQ01;28311929;Р КНД ДО РПК НД КУ-22;МПа;1;0.0;2.5;
2025.10.27 00:00:00.000 GMT+00:00;6.9871645;195;22LCA20CP003§§XQ01;28311891;PD Ф ЗА РПК НД КУ-22;кПа;1;0.0;100.0;
2025.10.27 00:00:00.000 GMT+00:00;152.20001;195;22LCA20CT001§§XQ01;28312057;Т ЗА ГПК КУ-22;°C;1;-50.0;200.0;
2025.10.27 00:00:00.000 GMT+00:00;152.20001;195;22LCA20CT002§§XQ01;28312011;Т ЗА ГПК КУ-22;°C;1;-50.0;200.0;
2025.10.27 00:00:00.000 GMT+00:00;151.5;195;22LCA20CT003§§XQ01;28312072;Т ДО РПК НД КУ-22;°C;1;-50.0;200.0;
2025.10.27 00:00:00.000 GMT+00:00;151.9;195;22LCA20CT004§§XQ01;28312024;Т ДО РПК НД КУ-22;°C;1;-50.0;200.0;
2025.10.27 00:00:00.000 GMT+00:00;152.21506;195;22LCA20CT901§§XQ01;28312040;СР T ЗА ГПК КУ-22;°C;1;-50.0;200.0;
2025.10.27 00:00:00.000 GMT+00:00;151.65001;195;22LCA20CT902§§XQ01;28311921;СР T ДО РПК НД КУ-22;°C;1;-50.0;200.0;
2025.10.27 00:00:00.000 GMT+00:00;-4.0197573;195;22LCA20DT002§§ER;28311963;СТЕРЕГ РЕГ T ВЫХ ГПК КУ-22;%;1;-100.0;100.0;
2025.10.27 00:00:00.000 GMT+00:00;162.72043;195;22LCA20DT002§§XQ02;28311946;СТЕРЕГ РЕГ T ВЫХ ГПК КУ-22;;1;0.0;100.0;
2025.10.27 00:00:00.000 GMT+00:00;1.6562425;195;22LCA30CP001§§XQ01;28312039;Р ДО 22НРК КУ-22;МПа;1;0.0;2.5;
2025.10.27 00:00:00.000 GMT+00:00;0.0;227;22LCA41AP001§3217121§MAINTAL;28314312;Maintenance Alarm Limit;;1;0.0;100.0;
2025.10.27 00:00:00.000 GMT+00:00;0.0;227;22LCA41AP001§3217121§MAINTINT;28314719;Maintenance Interval (hours);;1;0.0;100.0;
2025.10.27 00:00:00.000 GMT+00:00;0.0;227;22LCA41AP001§3217122§MAINTAL;28314720;Maintenance Alarm Limit;;1;0.0;100.0;
2025.10.27 00:00:00.000 GMT+00:00;0.0;227;22LCA41AP001§3217122§MAINTINT;28314685;Maintenance Interval (hours);;1;0.0;100.0;
2025.10.27 00:00:00.000 GMT+00:00;35188.25;195;22LCA41AP001§§XQ11;28314235;22НРК-1;;1;0.0;100.0;
2025.10.27 00:00:00.000 GMT+00:00;192.0;195;22LCA41AP001§§XQ12;28314236;22НРК-1;;1;0.0;100.0;
2025.10.27 00:00:00.000 GMT+00:00;35188.25;195;22LCA41AP001§§XQ13;28314239;22НРК-1;;1;0.0;100.0;
2025.10.27 00:00:00.000 GMT+00:00;192.0;195;22LCA41AP001§§XQ14;28314242;22НРК-1;;1;0.0;100.0;
2025.10.27 00:00:00.000 GMT+00:00;0.7522829;195;22LCA41CE002§§XQ01;28312156;I 22НРК-1 КУ-22;А;1;0.0;100.0;
2025.10.27 00:00:00.000 GMT+00:00;-20.551006;195;22LCA41CP001§§XQ01;28312047;PD на 22НРК-1 КУ-22;кПа;1;0.0;600.0;
2025.10.27 00:00:00.000 GMT+00:00;57.678875;195;22LCA41CT101§§XQ01;28311897;T М ПОДШ 22НРК-1;°C;1;-50.0;200.0;
2025.10.27 00:00:00.000 GMT+00:00;0.0;227;22LCA42AP001§3217121§MAINTAL;28314200;Maintenance Alarm Limit;;1;0.0;100.0;
2025.10.27 00:00:00.000 GMT+00:00;0.0;227;22LCA42AP001§3217121§MAINTINT;28314336;Maintenance Interval (hours);;1;0.0;100.0;
2025.10.27 00:00:00.000 GMT+00:00;0.0;227;22LCA42AP001§3217122§MAINTAL;28314751;Maintenance Alarm Limit;;1;0.0;100.0;
2025.10.27 00:00:00.000 GMT+00:00;0.0;227;22LCA42AP001§3217122§MAINTINT;28314650;Maintenance Interval (hours);;1;0.0;100.0;
2025.10.27 00:00:00.000 GMT+00:00;41197.99;195;22LCA42AP001§§XQ11;28314623;22НРК-2;;1;0.0;100.0;
2025.10.27 00:00:00.000 GMT+00:00;152.0;195;22LCA42AP001§§XQ12;28314617;22НРК-2;;1;0.0;100.0;
2025.10.27 00:00:00.000 GMT+00:00;41197.99;195;22LCA42AP001§§XQ13;28314619;22НРК-2;;1;0.0;100.0;
2025.10.27 00:00:00.000 GMT+00:00;152.0;195;22LCA42AP001§§XQ14;28314615;22НРК-2;;1;0.0;100.0;
2025.10.27 00:00:00.000 GMT+00:00;31.535965;195;22LCA42CE002§§XQ01;28312206;I 22НРК-2 КУ-22;А;1;0.0;100.0;
2025.10.27 00:00:00.000 GMT+00:00;451.89178;195;22LCA42CP001§§XQ01;28312189;PD на 22НРК-2 КУ-22;кПа;1;0.0;600.0;
2025.10.27 00:00:00.000 GMT+00:00;41.30002;195;22LCA42CT101§§XQ01;28311907;T М ПОДШ 22НРК-2;°C;1;-50.0;200.0;
2025.10.27 00:00:00.000 GMT+00:00;12.503283;195;22LCA43CF001§§XQ01;28312213;F ВВТО КУ-22;т/ч;1;0.0;115.0;
2025.10.27 00:00:00.000 GMT+00:00;-9.997107;35;22LCA43CG801§§XQ01;28312118;РК ЗА ВВТО КУ-22;%;1;0.0;100.0;
2025.10.27 00:00:00.000 GMT+00:00;2.0748508;195;22LCA43CP001§§XQ01;28311937;Р ВВТО КУ-22;МПа;1;0.0;4.0;
2025.10.27 00:00:00.000 GMT+00:00;151.0;195;22LCA43CT001§§XQ01;28311990;Т ДО РК ВВТО КУ-22;°C;1;-50.0;200.0;
2025.10.27 00:00:00.000 GMT+00:00;150.4;195;22LCA43CT002§§XQ01;28312025;Т ЗА РК ВВТО КУ-22;°C;1;-50.0;200.0;
2025.10.27 00:00:00.000 GMT+00:00;151.80002;195;22LCA43CT003§§XQ01;28312218;Т ДО ВВТО КУ-22;°C;1;-50.0;200.0;
2025.10.27 00:00:00.000 GMT+00:00;0.9733759;195;22LCA44AA801§230679§OUT;28312194;Output Value;;1;0.0;100.0;
2025.10.27 00:00:00.000 GMT+00:00;42.30339;195;22LCA44CG801§§XQ01;28311922;РК 22НРК КУ-22;%;1;0.0;100.0;
2025.10.27 00:00:00.000 GMT+00:00;0.0;227;22LCE10AA801§TRACKING§OUT;28314911;Output Value;%;1;-100.0;100.0;
2025.10.27 00:00:00.000 GMT+00:00;2.0;195;22LCE10AA801§§XQ01;28314912;РК ВПР КНД БРОУ НД 2;%;1;0.0;100.0;
2025.10.27 00:00:00.000 GMT+00:00;1.7071759;195;22LCE10CG801§§XQ01;28312278;РК ВПР КНД БРОУ НД 2;%;1;0.0;100.0;
2025.10.27 00:00:00.000 GMT+00:00;0.14281818;195;22LCE10CP001§§XQ01;28312456;dP Ф 22LCE10AT001;кПа;1;0.0;63.0;
2025.10.27 00:00:00.000 GMT+00:00;1.6070083;195;22LCE10CP002§§XQ01;28312600;P КНД ВПР БРОУ НД 2;МПа;1;0.0;4.0;
2025.10.27 00:00:00.000 GMT+00:00;0.68696624;195;22LCE11AA801§230354§OUT;28312588;Output Value;;1;0.0;100.0;
2025.10.27 00:00:00.000 GMT+00:00;0.0;227;22LCE11AA801§TRACKING§OUT;28314914;Output Value;%;1;-100.0;100.0;
2025.10.27 00:00:00.000 GMT+00:00;2.0;195;22LCE11AA801§§XQ01;28314909;РК ВПР КНД БРОУ ВД 2;%;1;0.0;100.0;
2025.10.27 00:00:00.000 GMT+00:00;1.7939814;195;22LCE11CG801§§XQ01;28312327;РК ВПР КНД БРОУ ВД 2;%;1;0.0;100.0;
2025.10.27 00:00:00.000 GMT+00:00;-0.05477323;195;22LCE11CP001§§XQ01;28312281;dP Ф 22LCE11AT001;кПа;1;0.0;63.0;
2025.10.27 00:00:00.000 GMT+00:00;1.6911812;195;22LCE11CP002§§XQ01;28312494;P КНД ВПР БРОУ ВД 2;МПа;1;0.0;4.0;
2025.10.27 00:00:00.000 GMT+00:00;16.627129;195;22LCQ10CL001§§XQ01;28312180;L  РНП ВД Т1 КУ-22;мм;1;0.0;630.0;
2025.10.27 00:00:00.000 GMT+00:00;13.389142;195;22LCQ10CL002§§XQ01;28312125;L  РНП ВД Т2 КУ-22;мм;1;0.0;630.0;
2025.10.27 00:00:00.000 GMT+00:00;14.903223;195;22LCQ10CL901§§XQ01;28312049;СР L РНП ВД КУ-22;мм;1;0.0;630.0;
2025.10.27 00:00:00.000 GMT+00:00;0.06481482;195;22LCQ10CP001§§XQ01;28312016;P РНП;МПа;1;0.0;1.6;
2025.10.27 00:00:00.000 GMT+00:00;-19.251799;195;22LCQ10DL001§244495§OUT;28312176;Output Value;;1;0.0;100.0;
2025.10.27 00:00:00.000 GMT+00:00;-9.997107;227;22LCQ10DL001§246165§OUT;28312060;Output Value;;1;0.0;100.0;
2025.10.27 00:00:00.000 GMT+00:00;0.0;227;22LCQ10DL001§246166§OUT;28312141;Output Value;;1;0.0;100.0;
2025.10.27 00:00:00.000 GMT+00:00;400.0;227;22LCQ10DL001§798486§OUT;28312171;Output Value;мм;1;400.0;500.0;
2025.10.27 00:00:00.000 GMT+00:00;0.0;227;22LCQ10DL001§800548§OUT;28311939;Output Value;;1;0.0;2.5;
2025.10.27 00:00:00.000 GMT+00:00;0.0;227;22LCQ10DL001§801705§OUT;28311928;Output Value;;1;0.0;100.0;
2025.10.27 00:00:00.000 GMT+00:00;16.431593;195;22LCQ11AA801§241879§OUT;28312227;Output Value;;1;0.0;100.0;
2025.10.27 00:00:00.000 GMT+00:00;13.419666;195;22LCQ11AA801§241883§OUT;28311980;Output Value;;1;0.0;100.0;
2025.10.27 00:00:00.000 GMT+00:00;0.0;227;22LCQ11AA801§§ER;28312119;РЕГ L РНП;;1;0.0;100.0;
2025.10.27 00:00:00.000 GMT+00:00;-9.997107;35;22LCQ11CG801§§XQ01;28311904;РК ИЗ РНП В РПП;%;1;0.0;100.0;
2025.10.27 00:00:00.000 GMT+00:00;37.0;195;22LCW71CT001§§XQ01;28311999;T В ОХЛ УПЛ 1 22ПЭН-1 КУ-22;°C;1;-50.0;200.0;
2025.10.27 00:00:00.000 GMT+00:00;-270.0;35;22LCW71CT002§§XQ01;28312165;T В ОХЛ УПЛ 2 22ПЭН-1 КУ-22;°C;1;-50.0;200.0;
2025.10.27 00:00:00.000 GMT+00:00;34.199364;195;22LCW72CT001§§XQ01;28312112;T В ОХЛ УПЛ 1 22ПЭН-2 КУ-22;°C;1;-50.0;200.0;
2025.10.27 00:00:00.000 GMT+00:00;-270.0;35;22LCW72CT002§§XQ01;28312086;T В ОХЛ УПЛ 2 22ПЭН-2 КУ-22;°C;1;-50.0;200.0;
2025.10.27 00:00:00.000 GMT+00:00;0.0;227;22MAN10AA801§TRACKING§OUT;28314915;Output Value;%;1;-100.0;100.0;
2025.10.27 00:00:00.000 GMT+00:00;0.0;195;22MAN10AA801§§XQ01;28314910;БРОУ ВД КУ-22;%;1;0.0;100.0;
2025.10.27 00:00:00.000 GMT+00:00;0.028935185;195;22MAN10CG801§§XQ01;28312372;БРОУ ВД 2;%;1;0.0;100.0;
2025.10.27 00:00:00.000 GMT+00:00;-0.02541236;195;22MAN10CP001§§XQ01;28312415;P П ВЫХ БРОУ ВД 2;МПа;1;0.0;2.5;
2025.10.27 00:00:00.000 GMT+00:00;53.90001;195;22MAN10CT001§§XQ01;28312406;T П ВЫХ БРОУ ВД 2;°C;1;0.0;400.0;
2025.10.27 00:00:00.000 GMT+00:00;170.0;227;22MAN10DT001§1ЗАДАТЧИК§XQ02;28312625;РЕГ T ПАРА ВЫХ БРОУ КУ;°C;1;170.0;200.0;
2025.10.27 00:00:00.000 GMT+00:00;92.06729;195;22MAN10DT001§§XQ02;28314942;РЕГ T ПАРА ВЫХ БРОУ КУ22;;1;0.0;100.0;
2025.10.27 00:00:00.000 GMT+00:00;1.7222706;195;22MAN50AA801§233765§OUT;28312583;Output Value;;1;0.0;100.0;
2025.10.27 00:00:00.000 GMT+00:00;0.0;227;22MAN50AA801§TRACKING§OUT;28314916;Output Value;%;1;-100.0;100.0;
2025.10.27 00:00:00.000 GMT+00:00;0.0;227;22MAN50AA801§§XQ01;28314913;БРОУ НД КУ22;%;1;0.0;100.0;
2025.10.27 00:00:00.000 GMT+00:00;-9.997107;35;22MAN50CG801§§XQ01;28312366;БРОУ НД 2;%;1;0.0;100.0;
2025.10.27 00:00:00.000 GMT+00:00;-6.0760717;195;22MAN50CP001§§XQ01;28312626;P П ВЫХ БРОУ НД 2;кПа;1;0.0;600.0;
2025.10.27 00:00:00.000 GMT+00:00;36.300003;195;22MAN50CT001§§XQ01;28312290;T П ВЫХ БРОУ НД 2;°C;1;0.0;400.0;
2025.10.27 00:00:00.000 GMT+00:00;98.25107;195;22MAN50DT001§246623§XQ02;28314944;Рег тем-ры за БРОУ НД КУ22;;1;0.0;100.0;
2025.10.27 00:00:00.000 GMT+00:00;100.0;227;22MAN50DT001§§XQ02;28312517;РЕГ T ПАРА ВЫХ БРОУ КУ;°C;1;100.0;280.0;
2025.10.27 00:00:00.000 GMT+00:00;-2499.2766;35;22MBA10CS107§§XQ01;28312107;n ГТУ-22;ГЦ;1;0.0;25000.0;
2025.10.27 00:00:00.000 GMT+00:00;-9.997107;35;22MBA10CS108§§XQ01;28312008;n ТПУ-22;1/n;1;1.0;100.0;
2025.10.27 00:00:00.000 GMT+00:00;906.35126;195;22MBA11CP101§§XQ01;28313552;Р НА ВХ КОМПР ГТ22;mbar abs;1;770.0;1100.0;
2025.10.27 00:00:00.000 GMT+00:00;8.900009;195;22MBA11CT101B§§XQ01;28313585;Т ВЗД ВХ КОМПР Т1 ГТ22;°C;1;-50.0;60.0;
2025.10.27 00:00:00.000 GMT+00:00;8.699997;195;22MBA11CT102B§§XQ01;28313576;Т ВЗД ВХ КОМПР Т2 ГТ22;°C;1;-50.0;60.0;
2025.10.27 00:00:00.000 GMT+00:00;9.400009;195;22MBA11CT103B§§XQ01;28313580;Т ВЗД ВХ КОМПР Т3 ГТ22;°C;1;-50.0;60.0;
2025.10.27 00:00:00.000 GMT+00:00;9.5;195;22MBA11CT104B§§XQ01;28313658;Т ВЗД ВХ КОМПР Т4 ГТ22;°C;1;-50.0;60.0;
2025.10.27 00:00:00.000 GMT+00:00;9.100002;195;22MBA11CT901§257096§OUT;28315320;Output Value;°C;1;0.0;100.0;
2025.10.27 00:00:00.000 GMT+00:00;9.125004;195;22MBA11CT901§§ZQ01;28313597;Т ВЗД ВХ КОМПР ГТ22;°C;1;-50.0;60.0;
2025.10.27 00:00:00.000 GMT+00:00;11.178023;195;22MBA12CP101§§XQ01;28313671;P НА ВЫХ КОМПР КАН1 ГТ22;bar abs;1;0.0;25.0;
2025.10.27 00:00:00.000 GMT+00:00;11.162652;195;22MBA12CP102§§XQ01;28313660;P НА ВЫХ КОМПР КАН2 ГТ22;bar abs;1;0.0;25.0;
2025.10.27 00:00:00.000 GMT+00:00;84.80002;35;22MBA12CT101A§§XQ01;28313562;Т ВЗД ВЫХ КОМПР Т1 ГТ22;°C;1;0.0;450.0;
2025.10.27 00:00:00.000 GMT+00:00;117.30002;195;22MBA12CT101B§§XQ01;28313627;Т ВЗД ВЫХ КОМПР Т2 ГТ22;°C;1;0.0;450.0;
2025.10.27 00:00:00.000 GMT+00:00;317.8;195;22MBA12CT102A§§XQ01;28313590;Т ВЗД ВЫХ КОМПР Т3 ГТ22;°C;1;0.0;450.0;
2025.10.27 00:00:00.000 GMT+00:00;317.0;195;22MBA12CT102B§§XQ01;28313598;Т ВЗД ВЫХ КОМПР Т4 ГТ22;°C;1;0.0;450.0;
2025.10.27 00:00:00.000 GMT+00:00;317.5;195;22MBA12CT901§§ZQ01;28313657;Т ВЗД ВЫХ КОМПР ГТ22;°C;1;0.0;450.0;
2025.10.27 00:00:00.000 GMT+00:00;11.176215;195;22MBA12FP100§§ZQ03;28313610;P НА ВЫХ КОМПР ГТ22;бар;1;0.0;25.0;
2025.10.27 00:00:00.000 GMT+00:00;494.10004;195;22MBA22CT102B§§XQ01;28313582;Т ГАЗ ВЫХ ГТ22 Т1;°C;1;0.0;700.0;
2025.10.27 00:00:00.000 GMT+00:00;487.04575;195;22MBA22CT102B§§XQ02;28313581;Т ГАЗ ВЫХ ГТ22 Т1;;1;0.0;700.0;
2025.10.27 00:00:00.000 GMT+00:00;567.8;195;22MBA22CT103B§§XQ01;28313616;Т ГАЗ ВЫХ ГТ22 Т2;°C;1;0.0;700.0;
2025.10.27 00:00:00.000 GMT+00:00;563.1715;195;22MBA22CT103B§§XQ02;28313619;Т ГАЗ ВЫХ ГТ22 Т2;;1;0.0;700.0;
2025.10.27 00:00:00.000 GMT+00:00;563.6476;195;22MBA22CT104B§§OUT;28313632;Т ГАЗ ВЫХ ГТ22 Т3;;1;0.0;700.0;
2025.10.27 00:00:00.000 GMT+00:00;566.9;195;22MBA22CT104B§§XQ01;28313622;Т ГАЗ ВЫХ ГТ22 Т3;°C;1;0.0;700.0;
2025.10.27 00:00:00.000 GMT+00:00;566.3;195;22MBA22CT106B§§XQ01;28313594;Т ГАЗ ВЫХ ГТ22 Т4;°C;1;0.0;700.0;
2025.10.27 00:00:00.000 GMT+00:00;561.2926;195;22MBA22CT106B§§XQ02;28313595;Т ГАЗ ВЫХ ГТ22 Т4;;1;0.0;700.0;
2025.10.27 00:00:00.000 GMT+00:00;580.60004;195;22MBA22CT107B§§XQ01;28313592;Т ГАЗ ВЫХ ГТ22 Т5;°C;1;0.0;700.0;
2025.10.27 00:00:00.000 GMT+00:00;575.6699;195;22MBA22CT107B§§XQ02;28313593;Т ГАЗ ВЫХ ГТ22 Т5;;1;0.0;700.0;
2025.10.27 00:00:00.000 GMT+00:00;569.4;195;22MBA22CT108B§§XQ01;28313617;Т ГАЗ ВЫХ ГТ22 Т6;°C;1;0.0;700.0;
2025.10.27 00:00:00.000 GMT+00:00;565.0444;195;22MBA22CT108B§§XQ02;28313618;Т ГАЗ ВЫХ ГТ22 Т6;;1;0.0;700.0;
2025.10.27 00:00:00.000 GMT+00:00;529.39026;195;22MBA22FT901§§ZQ01;28313548;ATK ГАЗ ВЫХ ГТ22;°C;1;0.0;700.0;
2025.10.27 00:00:00.000 GMT+00:00;529.39026;195;22MBA22FT901§§ZQ02;28313551;КОМП Т ГАЗА ЗА ТУРБ;°C;1;0.0;700.0;
2025.10.27 00:00:00.000 GMT+00:00;71.100006;195;22MBD11CT101A§§XQ01;28313649;Т ПОДШ ТУРБИНЫ Т1 ГТ22;°C;1;0.0;150.0;
2025.10.27 00:00:00.000 GMT+00:00;71.20001;195;22MBD11CT101B§§XQ01;28313623;Т ПОДШ ТУРБИНЫ Т2 ГТ22;°C;1;0.0;150.0;
2025.10.27 00:00:00.000 GMT+00:00;72.0;195;22MBD11CT101C§§XQ01;28313602;Т ПОДШ ТУРБИНЫ Т3 ГТ22;°C;1;0.0;150.0;
2025.10.27 00:00:00.000 GMT+00:00;2.9817708;195;22MBD11CY101§§XQ01;28313643;ВИБ КОР ПОДШ ТУРБИНЫ КАН1;mm/s;1;0.0;20.0;
2025.10.27 00:00:00.000 GMT+00:00;2.9564524;195;22MBD11CY102§§XQ01;28313567;ВИБ КОР ПОДШ ТУРБИНЫ КАН2;mm/s;1;0.0;20.0;
2025.10.27 00:00:00.000 GMT+00:00;57.02944;195;22MBD11CY940§§XQ01;28313663;ОТН ВИБР ВАЛ ПОДШ ТУРБ;µm res;1;0.0;250.0;
2025.10.27 00:00:00.000 GMT+00:00;0.0;11;22MBD12CT10105A§256774§OUT;28315114;Output Value;C;2;0.0;150.0;
2025.10.27 00:00:00.000 GMT+00:00;83.0;195;22MBD12CT101A§§XQ01;28313646;Т ОПОДШ КОМПР Т1 ГТ22;°C;1;0.0;150.0;
2025.10.27 00:00:00.000 GMT+00:00;82.80002;195;22MBD12CT101B§§XQ01;28313639;Т ОПОДШ КОМПР Т2 ГТ22;°C;1;0.0;150.0;
2025.10.27 00:00:00.000 GMT+00:00;83.20001;195;22MBD12CT101C§§XQ01;28313603;Т ОПОДШ КОМПР Т3 ГТ22;°C;1;0.0;150.0;
2025.10.27 00:00:00.000 GMT+00:00;62.5;195;22MBD12CT102A§§XQ01;28313654;Т УПОДШ КОМПР СТОР ГЕН Т1 ГТ22;°C;1;0.0;150.0;
2025.10.27 00:00:00.000 GMT+00:00;61.700012;195;22MBD12CT102B§§XQ01;28313599;Т УПОДШ КОМПР СТОР ГЕН Т3 ГТ22;°C;1;0.0;150.0;
2025.10.27 00:00:00.000 GMT+00:00;63.200012;195;22MBD12CT102C§§XQ01;28313565;Т УПОДШ КОМПР СТОР ГЕН Т3 ГТ22;°C;1;0.0;150.0;
2025.10.27 00:00:00.000 GMT+00:00;66.0;195;22MBD12CT103A§§XQ01;28315121;Т под. КОМПР.ГТУ-22;C;1;0.0;150.0;
2025.10.27 00:00:00.000 GMT+00:00;66.399994;195;22MBD12CT103B§§XQ01;28315122;Т под. КОМПР. ГТУ-22;C;1;0.0;150.0;
2025.10.27 00:00:00.000 GMT+00:00;67.0;195;22MBD12CT103C§§XQ01;28315129;T под. КОМПР. ГТУ-22;C;1;0.0;150.0;
2025.10.27 00:00:00.000 GMT+00:00;56.899994;195;22MBD12CT104A§§XQ01;28313650;Т УПОДШ КОМПР СТОР ТУРБ Т1 ГТ22;°C;1;0.0;150.0;
2025.10.27 00:00:00.000 GMT+00:00;57.100006;195;22MBD12CT104B§§XQ01;28313608;Т УПОДШ КОМПР СТОР ТУРБ Т2 ГТ22;°C;1;0.0;150.0;
2025.10.27 00:00:00.000 GMT+00:00;57.899994;195;22MBD12CT104C§§XQ01;28313666;Т УПОДШ КОМПР СТОР ТУРБ Т3 ГТ22;°C;1;0.0;150.0;
2025.10.27 00:00:00.000 GMT+00:00;0.0;11;22MBD12CT105A§256776§XQ01;28315118;T под. КОМПР. ГТУ-22;C;2;0.0;150.0;
2025.10.27 00:00:00.000 GMT+00:00;0.0;11;22MBD12CT105A§§OUT;28315115;T под. КОМПР. ГТУ-22;C;2;0.0;150.0;
2025.10.27 00:00:00.000 GMT+00:00;57.200012;195;22MBD12CT105A§§XQ01;28315116;T под. КОМПР. ГТУ-22;C;1;0.0;150.0;
2025.10.27 00:00:00.000 GMT+00:00;57.0;195;22MBD12CT105B§§XQ01;28315123;Т под. КОМПР. ГТУ-22;C;1;0.0;150.0;
2025.10.27 00:00:00.000 GMT+00:00;57.80002;195;22MBD12CT105C§§XQ01;28315128;T под. КОМПР. ГТУ-22;C;1;0.0;150.0;
2025.10.27 00:00:00.000 GMT+00:00;1.7614293;195;22MBD12CY101§§XQ01;28313609;ВИБ КОР ПОДШ КОМПР КАН1;mm/s;1;0.0;20.0;
2025.10.27 00:00:00.000 GMT+00:00;1.7;251;22MBD12CY102§§XQ01;28313655;ВИБ КОР ПОДШ КОМПР КАН2;mm/s;1;0.0;20.0;
2025.10.27 00:00:00.000 GMT+00:00;73.03422;195;22MBD12CY940§§XQ01;28313665;ОТН ВИБР ВАЛ ПОДШ КОМПР;µm res;1;0.0;250.0;
2025.10.27 00:00:00.000 GMT+00:00;0.19620176;195;22MBL10CP003§§XQ01;28312182;dР ВЛАГООТД КВОУ 22;кПа;1;0.0;1.0;
2025.10.27 00:00:00.000 GMT+00:00;0.020021565;195;22MBL10CP004§§XQ01;28311920;dР ФЛТ ГР ОЧ КВОУ 22;кПа;1;0.0;1.0;
2025.10.27 00:00:00.000 GMT+00:00;0.21863121;195;22MBL10CP005§§XQ01;28311935;dР ФЛТ ТОНК ОЧ КВОУ 22;кПа;1;0.0;1.0;
2025.10.27 00:00:00.000 GMT+00:00;0.40450585;195;22MBL10CP010§§XQ01;28312015;dР КВОУ 22;кПа;1;0.0;2.0;
2025.10.27 00:00:00.000 GMT+00:00;0.0;227;22MBL10FP010§241695§OUT;28312058;Output Value;;1;0.0;100.0;
2025.10.27 00:00:00.000 GMT+00:00;0.0;227;22MBL10FP010§241698§OUT;28312074;Output Value;;1;0.0;100.0;
2025.10.27 00:00:00.000 GMT+00:00;0.0;227;22MBL10FP010§241701§OUT;28312153;Output Value;;1;-100.0;100.0;
2025.10.27 00:00:00.000 GMT+00:00;0.0;227;22MBL10FP010§241703§OUT;28312185;Output Value;;1;0.0;100.0;
2025.10.27 00:00:00.000 GMT+00:00;-1.5903306;195;22MBL11AA801§§ER;28312026;РЕГ АНТИОБЛЕД СИСТ;;1;0.0;100.0;
2025.10.27 00:00:00.000 GMT+00:00;0.0;227;22MBL11AA801§§TRACK_VALUE;28312188;РК СИСТ АНТИОБЛЕД;%;1;-100.0;100.0;
2025.10.27 00:00:00.000 GMT+00:00;0.0;195;22MBL11AA801§§XQ01;28312202;РК СИСТ АНТИОБЛЕД;%;1;0.0;100.0;
2025.10.27 00:00:00.000 GMT+00:00;44.65784;195;22MBL11CG101§§XQ01;28313546;ПОЛОЖ АНТИОБЛЕД КЛ ГТ22;%;1;0.0;100.0;
2025.10.27 00:00:00.000 GMT+00:00;0.14467593;195;22MBL11CG801§§XQ01;28312168;УП РК СИСТ АНТИОБЛ;%;1;0.0;100.0;
2025.10.27 00:00:00.000 GMT+00:00;0.0;11;22MBL11CM001§1§XQ01;28313631;ОТН ВЛАЖ ВОЗД НА КВОУ ГТ22;%;2;0.0;100.0;
2025.10.27 00:00:00.000 GMT+00:00;81.54214;195;22MBL11CM001§§XQ01;28311925;M ОКР ВЗДХ КВОУ 22;%;1;0.0;100.0;
2025.10.27 00:00:00.000 GMT+00:00;4.4871;195;22MBL11CT001§ASMON§XQ01;28311983;T ТЧК РОСЫ КВОУ 22;°C;1;-20.0;100.0;
2025.10.27 00:00:00.000 GMT+00:00;80.0;99;22MBL11CT001§§XQ01;28313601;Т ТОЧКИ РОСЫ НА КВОУ ГТ22;°C;1;-40.0;80.0;
2025.10.27 00:00:00.000 GMT+00:00;7.5006056;195;22MBL11CT010§§XQ01;28311948;T ОКР ВЗДХ КВОУ 22;°C;1;-40.0;80.0;
2025.10.27 00:00:00.000 GMT+00:00;4.594836;195;22MBL11CT901§ASMON§XQ01;28314955;dT ВЗД ВХ КОМПР ГТ 22;°C;1;-10.0;10.0;
2025.10.27 00:00:00.000 GMT+00:00;0.3606963;195;22MBL11DT001§241801§OUT;28312115;Output Value;;1;0.0;2.0;
2025.10.27 00:00:00.000 GMT+00:00;2.123867;195;22MBL11DT001§241807§OUT;28312071;Difference;;1;-5.0;5.0;
2025.10.27 00:00:00.000 GMT+00:00;0.06768203;195;22MBL11DT001§241810§OUT;28311895;Difference;;1;-5.0;5.0;
2025.10.27 00:00:00.000 GMT+00:00;-1.615294;195;22MBL11DT001§§OUT;28312105;РЕГ АНТИОБЛЕД СИСТ;;1;-20.0;50.0;
2025.10.27 00:00:00.000 GMT+00:00;1.7082897;195;22MBM00EU002§§XQ01;28313685;КОНТР Р-Р КС ГТ22;%;1;0.0;100.0;
2025.10.27 00:00:00.000 GMT+00:00;1.7769449;195;22MBM00EU002§§XQ02;28313687;КОНТР Р-Р КС ГТ22;%;1;0.0;100.0;
2025.10.27 00:00:00.000 GMT+00:00;1.0706018;195;22MBM10AS001G§§XQ01;28313638;УП РЕГ КЛ ВВЗД ЛЕВ КС ГТ22;%;1;0.0;100.0;
2025.10.27 00:00:00.000 GMT+00:00;1.0742188;195;22MBM10AS001G§§XQ02;28313640;УП РЕГ КЛ ВВЗД ЛЕВ КС ГТ22;%;1;0.0;100.0;
2025.10.27 00:00:00.000 GMT+00:00;-0.7761221;195;22MBM10AS001§SETPOINT§ZQ01;28313686;РЕГ КЛ ВВЗД ЛЕВ КС ГТ22;%;1;0.0;100.0;
2025.10.27 00:00:00.000 GMT+00:00;196.22395;195;22MBM11CP103§§XQ01;28313583;Р-Р ЛЕВ КС ГТ22;mbar;1;0.0;400.0;
2025.10.27 00:00:00.000 GMT+00:00;2.4341724;195;22MBM20AS001G§§XQ01;28313678;УП РЕГ КЛ ВВЗД ПР КС ГТ22;%;1;0.0;100.0;
2025.10.27 00:00:00.000 GMT+00:00;2.4341724;195;22MBM20AS001G§§XQ02;28313676;УП РЕГ КЛ ВВЗД ПР КС ГТ22;%;1;0.0;100.0;
2025.10.27 00:00:00.000 GMT+00:00;200.66551;195;22MBM21CP103§§XQ01;28313642;Р-Р ПР КС ГТ22;mbar;1;0.0;400.0;
2025.10.27 00:00:00.000 GMT+00:00;87.93403;195;22MBP01CF001_§21ABS_P§OUT;28312187;Sum;;1;0.0;100.0;
2025.10.27 00:00:00.000 GMT+00:00;87.93403;195;22MBP01CF001_§241597§OUT;28312004;Output Value;;1;0.0;100.0;
2025.10.27 00:00:00.000 GMT+00:00;46903.03;195;22MBP01CF001_§§XQ01;28312184;Расход газа перед ГТУ1 (ст.22);нм3/ч;1;0.0;51238.0;
2025.10.27 00:00:00.000 GMT+00:00;-0.022724744;195;22MBP01CP001§§XQ01;28311953;dP газа на ф1 н1;кПа;1;0.0;40.0;
2025.10.27 00:00:00.000 GMT+00:00;2.1759155;195;22MBP01CP002§§XQ01;28311962;P газа перед ГТУ2;МПа;1;0.0;4.0;
2025.10.27 00:00:00.000 GMT+00:00;31.499958;195;22MBP01CT001§§XQ01;28311966;T газа перед ГТУ1;°C;1;-50.0;400.0;
2025.10.27 00:00:00.000 GMT+00:00;43.993137;3;22MBP02CP001§§XQ01;28312029;dP газа на ф2 н1;кПа;1;0.0;40.0;
2025.10.27 00:00:00.000 GMT+00:00;20.856842;195;22MBP13CP101§§XQ01;28313667;Р ПГ ДО КАЗ ГТ22;bar;1;0.0;25.0;
2025.10.27 00:00:00.000 GMT+00:00;31.5;195;22MBP13CT101A§§XQ01;28313584;Т1 ПГ ДО КАЗ ГТ22;°C;1;0.0;250.0;
2025.10.27 00:00:00.000 GMT+00:00;12.391226;195;22MBP13DG151§§OUT;28313630;EGHB;%;1;0.0;100.0;
2025.10.27 00:00:00.000 GMT+00:00;53.470333;195;22MBP13DG151§§XQ01;28313558;КОНТР УП РК ПГ;%;1;0.0;100.0;
2025.10.27 00:00:00.000 GMT+00:00;12.391226;195;22MBP13DG151§§XQ10;28313611;EGHB;%;1;0.0;100.0;
2025.10.27 00:00:00.000 GMT+00:00;0.0;227;22MBP13FQ101§§XQ01;28313628;NG DENSITY;kg/m³;1;0.7;1.0;
2025.10.27 00:00:00.000 GMT+00:00;0.0;227;22MBP13FQ101§§XQ02;28313626;NG HEAT VALUE;MJ/m³;1;30.0;50.0;
2025.10.27 00:00:00.000 GMT+00:00;31.5;195;22MBP13FT901§§ZQ01;28313635;Т ПГ ДО КАЗ ГТ22;°C;1;0.0;250.0;
2025.10.27 00:00:00.000 GMT+00:00;10.0;219;22MBP15DG151§§XQ01;28313547;КОНТР УП РК ПИЛОТ ГАЗ;%;1;0.0;100.0;
2025.10.27 00:00:00.000 GMT+00:00;538.9;195;22MBR10CT001A§§XQ01;28313669;Т ГАЗА ВЫХ ДИФФУЗОРА Т1 ГТ22;°C;1;0.0;700.0;
2025.10.27 00:00:00.000 GMT+00:00;540.5;195;22MBR10CT002A§§XQ01;28313641;Т ГАЗА ВЫХ ДИФФУЗОРА Т2 ГТ22;°C;1;0.0;700.0;
2025.10.27 00:00:00.000 GMT+00:00;534.10004;195;22MBR10CT003A§§XQ01;28313684;Т ГАЗА ВЫХ ДИФФУЗОРА Т3 ГТ22;°C;1;0.0;700.0;
2025.10.27 00:00:00.000 GMT+00:00;526.8;195;22MBR10CT004A§§XQ01;28313563;Т ГАЗА ВЫХ ДИФФУЗОРА Т4 ГТ22;°C;1;0.0;700.0;
2025.10.27 00:00:00.000 GMT+00:00;525.8;195;22MBR10CT005A§§XQ01;28313689;Т ГАЗА ВЫХ ДИФФУЗОРА Т5 ГТ22;°C;1;0.0;700.0;
2025.10.27 00:00:00.000 GMT+00:00;533.60004;195;22MBR10CT006A§§XQ01;28313569;Т ГАЗА ВЫХ ДИФФУЗОРА Т6 ГТ22;°C;1;0.0;700.0;
2025.10.27 00:00:00.000 GMT+00:00;383.46353;195;22MBV10CL101§§OUT;28313554;L МСЛ МБ СИСТ СМЗ ГТ22;mm;1;0.0;750.0;
2025.10.27 00:00:00.000 GMT+00:00;59.30002;195;22MBV10CT101A§§XQ01;28313637;Т МСЛ МБ СИСТ СМЗ ГТ22;°C;1;0.0;100.0;
2025.10.27 00:00:00.000 GMT+00:00;59.399994;195;22MBV10CT101B§§XQ01;28313625;Т МСЛ МБ СИСТ СМЗ ГТ22;°C;1;0.0;100.0;
2025.10.27 00:00:00.000 GMT+00:00;0.0;227;22MBV21AP001§3217121§MAINTAL;28314593;Maintenance Alarm Limit;;1;0.0;100.0;
2025.10.27 00:00:00.000 GMT+00:00;0.0;227;22MBV21AP001§3217121§MAINTINT;28314226;Maintenance Interval (hours);;1;0.0;100.0;
2025.10.27 00:00:00.000 GMT+00:00;0.0;227;22MBV21AP001§3217122§MAINTAL;28314884;Maintenance Alarm Limit;;1;0.0;100.0;
2025.10.27 00:00:00.000 GMT+00:00;0.0;227;22MBV21AP001§3217122§MAINTINT;28314773;Maintenance Interval (hours);;1;0.0;100.0;
2025.10.27 00:00:00.000 GMT+00:00;34.46528;195;22MBV21AP001§§XQ01;28313644;ТОК ДВИГАТЕЛЯ ГМН ГТ22;A;1;-5.0;100.0;
2025.10.27 00:00:00.000 GMT+00:00;86588.3;195;22MBV21AP001§§XQ11;28314102;ГМН;;1;0.0;100.0;
2025.10.27 00:00:00.000 GMT+00:00;725.0;195;22MBV21AP001§§XQ12;28314095;ГМН;;1;0.0;100.0;
2025.10.27 00:00:00.000 GMT+00:00;86588.3;195;22MBV21AP001§§XQ13;28314097;ГМН;;1;0.0;100.0;
2025.10.27 00:00:00.000 GMT+00:00;725.0;195;22MBV21AP001§§XQ14;28314099;ГМН;;1;0.0;100.0;
2025.10.27 00:00:00.000 GMT+00:00;0.0;227;22MBV21AP002§3217121§MAINTAL;28314094;Maintenance Alarm Limit;;1;0.0;100.0;
2025.10.27 00:00:00.000 GMT+00:00;0.0;227;22MBV21AP002§3217121§MAINTINT;28314147;Maintenance Interval (hours);;1;0.0;100.0;
2025.10.27 00:00:00.000 GMT+00:00;0.0;227;22MBV21AP002§3217122§MAINTAL;28314709;Maintenance Alarm Limit;;1;0.0;100.0;
2025.10.27 00:00:00.000 GMT+00:00;0.0;227;22MBV21AP002§3217122§MAINTINT;28314835;Maintenance Interval (hours);;1;0.0;100.0;
2025.10.27 00:00:00.000 GMT+00:00;-0.1446678;195;22MBV21AP002§§XQ01;28313648;ТОК ДВИГАТЕЛЯ ВМН ГТ22;A;1;-5.0;100.0;
2025.10.27 00:00:00.000 GMT+00:00;8579.68;195;22MBV21AP002§§XQ11;28314233;ВМН;;1;0.0;100.0;
2025.10.27 00:00:00.000 GMT+00:00;1684.0;195;22MBV21AP002§§XQ12;28314232;ВМН;;1;0.0;100.0;
2025.10.27 00:00:00.000 GMT+00:00;8579.68;195;22MBV21AP002§§XQ13;28314231;ВМН;;1;0.0;100.0;
2025.10.27 00:00:00.000 GMT+00:00;1684.0;195;22MBV21AP002§§XQ14;28314230;ВМН;;1;0.0;100.0;
2025.10.27 00:00:00.000 GMT+00:00;0.0;227;22MBV21AP003§3217121§MAINTAL;28314170;Maintenance Alarm Limit;;1;0.0;100.0;
2025.10.27 00:00:00.000 GMT+00:00;0.0;227;22MBV21AP003§3217121§MAINTINT;28314275;Maintenance Interval (hours);;1;0.0;100.0;
2025.10.27 00:00:00.000 GMT+00:00;0.0;227;22MBV21AP003§3217122§MAINTAL;28314072;Maintenance Alarm Limit;;1;0.0;100.0;
2025.10.27 00:00:00.000 GMT+00:00;0.0;227;22MBV21AP003§3217122§MAINTINT;28314274;Maintenance Interval (hours);;1;0.0;100.0;
2025.10.27 00:00:00.000 GMT+00:00;0.07233796;195;22MBV21AP003§§XQ01;28313560;ТОК ДВИГАТЕЛЯ АМН ГТ22;A;1;-5.0;100.0;
2025.10.27 00:00:00.000 GMT+00:00;3435.24;195;22MBV21AP003§§XQ11;28314487;АМН;;1;0.0;100.0;
2025.10.27 00:00:00.000 GMT+00:00;1143.0;195;22MBV21AP003§§XQ12;28314489;АМН;;1;0.0;100.0;
2025.10.27 00:00:00.000 GMT+00:00;3435.24;195;22MBV21AP003§§XQ13;28314490;АМН;;1;0.0;100.0;
2025.10.27 00:00:00.000 GMT+00:00;1143.0;195;22MBV21AP003§§XQ14;28314548;АМН;;1;0.0;100.0;
2025.10.27 00:00:00.000 GMT+00:00;34.63271;195;22MBV21CE002§§XQ01;28311986;I 22ГМН;А;1;0.0;100.0;
2025.10.27 00:00:00.000 GMT+00:00;-0.14467593;195;22MBV21CE102§§XQ01;28311942;I 22ВМНС;А;1;0.0;100.0;
2025.10.27 00:00:00.000 GMT+00:00;0.072284445;195;22MBV21CE203§§XQ01;28312035;I 22АМНС;A;1;0.0;50.0;
2025.10.27 00:00:00.000 GMT+00:00;0.0;11;22MBV25CP001§1§XQ01;28315363;dP НА ФИЛЬРЕ СИСТЕМЫ СМАЗКИ ГТ21;бар;2;0.0;100.0;
2025.10.27 00:00:00.000 GMT+00:00;0.5563874;195;22MBV25CP001§§XQ01;28315364;dP НА Ф СИСТЕМЫ СМАЗКИ ГТ22;бар;1;0.0;1.0;
2025.10.27 00:00:00.000 GMT+00:00;3.1499567;195;22MBV26CP101§§XQ01;28313561;Р МСЛ СМЗ ПЕРЕД ПОДШ ГТ22;bar;1;0.0;3.0;
2025.10.27 00:00:00.000 GMT+00:00;43.100006;195;22MBV26CT101A§§XQ01;28313571;Т МСЛ СМЗ ПЕРЕД ПОДШ ГТ22;°C;1;0.0;100.0;
2025.10.27 00:00:00.000 GMT+00:00;0.0;195;22MBV26DT001§245697§OUT;28312149;Output Value;;1;0.0;100.0;
2025.10.27 00:00:00.000 GMT+00:00;43.0;227;22MBV26DT001§ЗАДАТЧИК§XQ02;28311888;РЕГ T МАСЛА СМЗ ГТ;°C;1;42.0;46.0;
2025.10.27 00:00:00.000 GMT+00:00;0.0;227;22MBV31AP001§3217121§MAINTAL;28314746;Maintenance Alarm Limit;;1;0.0;100.0;
2025.10.27 00:00:00.000 GMT+00:00;0.0;227;22MBV31AP001§3217121§MAINTINT;28314794;Maintenance Interval (hours);;1;0.0;100.0;
2025.10.27 00:00:00.000 GMT+00:00;0.0;227;22MBV31AP001§3217122§MAINTAL;28314575;Maintenance Alarm Limit;;1;0.0;100.0;
2025.10.27 00:00:00.000 GMT+00:00;0.0;227;22MBV31AP001§3217122§MAINTINT;28314458;Maintenance Interval (hours);;1;0.0;100.0;
2025.10.27 00:00:00.000 GMT+00:00;0.49189815;195;22MBV31AP001§§XQ01;28313566;ТОК ДВИГАТЕЛЯ НГП ГТ22;A;1;-5.0;100.0;
2025.10.27 00:00:00.000 GMT+00:00;8529.35;195;22MBV31AP001§§XQ11;28314732;НГП;;1;0.0;100.0;
2025.10.27 00:00:00.000 GMT+00:00;1512.0;195;22MBV31AP001§§XQ12;28314731;НГП;;1;0.0;100.0;
2025.10.27 00:00:00.000 GMT+00:00;8529.35;195;22MBV31AP001§§XQ13;28314735;НГП;;1;0.0;100.0;
2025.10.27 00:00:00.000 GMT+00:00;1512.0;195;22MBV31AP001§§XQ14;28314734;НГП;;1;0.0;100.0;
2025.10.27 00:00:00.000 GMT+00:00;0.49189815;195;22MBV31CE002§§XQ01;28311903;I 22МНГ;А;1;0.0;100.0;
2025.10.27 00:00:00.000 GMT+00:00;0.0;227;22MBV50AN001§3217121§MAINTAL;28314049;Maintenance Alarm Limit;;1;0.0;100.0;
2025.10.27 00:00:00.000 GMT+00:00;0.0;227;22MBV50AN001§3217121§MAINTINT;28314281;Maintenance Interval (hours);;1;0.0;100.0;
2025.10.27 00:00:00.000 GMT+00:00;0.0;227;22MBV50AN001§3217122§MAINTAL;28314431;Maintenance Alarm Limit;;1;0.0;100.0;
2025.10.27 00:00:00.000 GMT+00:00;0.0;227;22MBV50AN001§3217122§MAINTINT;28314067;Maintenance Interval (hours);;1;0.0;100.0;
2025.10.27 00:00:00.000 GMT+00:00;100.0;99;22MBV50AN001§§XQ01;28313570;ТОК ДВИГАТЕЛЯ ЭКСГАУСТЕРА ГТ22;A;1;0.0;0.0;
2025.10.27 00:00:00.000 GMT+00:00;87529.16;195;22MBV50AN001§§XQ11;28314528;Э;;1;0.0;100.0;
2025.10.27 00:00:00.000 GMT+00:00;412.0;195;22MBV50AN001§§XQ12;28314533;Э;;1;0.0;100.0;
2025.10.27 00:00:00.000 GMT+00:00;87529.16;195;22MBV50AN001§§XQ13;28314531;Э;;1;0.0;100.0;
2025.10.27 00:00:00.000 GMT+00:00;412.0;195;22MBV50AN001§§XQ14;28314538;Э;;1;0.0;100.0;
2025.10.27 00:00:00.000 GMT+00:00;43.28;67;22MBV90CT001A§257094§OUT;28315318;Output Value;°C;1;0.0;100.0;
2025.10.27 00:00:00.000 GMT+00:00;0.0;27;22MBV90CT001A§§XQ01;28313920;T МСЛ СЛ ПОДШ T;°C;1;0.0;100.0;
2025.10.27 00:00:00.000 GMT+00:00;43.79;67;22MBV90CT002A§257095§OUT;28315319;Output Value;°C;1;0.0;100.0;
2025.10.27 00:00:00.000 GMT+00:00;0.0;27;22MBV90CT002A§§XQ01;28313932;T МСЛ СЛ ПОДШ КК;°C;1;0.0;100.0;
2025.10.27 00:00:00.000 GMT+00:00;62.99913;195;22MBX01CL101§§XQ01;28313605;L МСЛ МБ СИСТ РЕГ ГТ22;%;1;0.0;100.0;
2025.10.27 00:00:00.000 GMT+00:00;0.0;227;22MBX02AP001§3217121§MAINTAL;28314881;Maintenance Alarm Limit;;1;0.0;100.0;
2025.10.27 00:00:00.000 GMT+00:00;0.0;227;22MBX02AP001§3217121§MAINTINT;28314439;Maintenance Interval (hours);;1;0.0;100.0;
2025.10.27 00:00:00.000 GMT+00:00;0.0;227;22MBX02AP001§3217122§MAINTAL;28314748;Maintenance Alarm Limit;;1;0.0;100.0;
2025.10.27 00:00:00.000 GMT+00:00;0.0;227;22MBX02AP001§3217122§MAINTINT;28314068;Maintenance Interval (hours);;1;0.0;100.0;
2025.10.27 00:00:00.000 GMT+00:00;9.546171;195;22MBX02AP001§§XQ01;28313613;ТОК ДВИГАТЕЛЯ МНСР 1;A;1;0.0;50.0;
2025.10.27 00:00:00.000 GMT+00:00;39321.58;195;22MBX02AP001§§XQ11;28314373;НСР-1;;1;0.0;100.0;
2025.10.27 00:00:00.000 GMT+00:00;551.0;195;22MBX02AP001§§XQ12;28314375;НСР-1;;1;0.0;100.0;
2025.10.27 00:00:00.000 GMT+00:00;39321.58;195;22MBX02AP001§§XQ13;28314371;НСР-1;;1;0.0;100.0;
2025.10.27 00:00:00.000 GMT+00:00;551.0;195;22MBX02AP001§§XQ14;28314372;НСР-1;;1;0.0;100.0;
2025.10.27 00:00:00.000 GMT+00:00;0.0;227;22MBX02AP002§3217121§MAINTAL;28314880;Maintenance Alarm Limit;;1;0.0;100.0;
2025.10.27 00:00:00.000 GMT+00:00;0.0;227;22MBX02AP002§3217121§MAINTINT;28314318;Maintenance Interval (hours);;1;0.0;100.0;
2025.10.27 00:00:00.000 GMT+00:00;0.0;227;22MBX02AP002§3217122§MAINTAL;28314409;Maintenance Alarm Limit;;1;0.0;100.0;
2025.10.27 00:00:00.000 GMT+00:00;0.0;227;22MBX02AP002§3217122§MAINTINT;28314475;Maintenance Interval (hours);;1;0.0;100.0;
2025.10.27 00:00:00.000 GMT+00:00;0.27488425;195;22MBX02AP002§§XQ01;28313674;ТОК ДВИГАТЕЛЯ МНСР 2;A;1;0.0;0.0;
2025.10.27 00:00:00.000 GMT+00:00;39432.09;195;22MBX02AP002§§XQ11;28314727;НСР-2;;1;0.0;100.0;
2025.10.27 00:00:00.000 GMT+00:00;277.0;195;22MBX02AP002§§XQ12;28314729;НСР-2;;1;0.0;100.0;
2025.10.27 00:00:00.000 GMT+00:00;39432.09;195;22MBX02AP002§§XQ13;28314728;НСР-2;;1;0.0;100.0;
2025.10.27 00:00:00.000 GMT+00:00;277.0;195;22MBX02AP002§§XQ14;28314730;НСР-2;;1;0.0;100.0;
2025.10.27 00:00:00.000 GMT+00:00;9.555484;195;22MBX02CE002§§XQ01;28312166;I 22МНР-1;А;1;0.0;50.0;
2025.10.27 00:00:00.000 GMT+00:00;0.27488425;195;22MBX02CE102§§XQ01;28312023;I 22МНР-2;А;1;0.0;50.0;
2025.10.27 00:00:00.000 GMT+00:00;157.49783;195;22MBX03CP101§§XQ01;28313555;Р МСЛ СИСТ РЕГ ГТ22;bar;1;0.0;250.0;
2025.10.27 00:00:00.000 GMT+00:00;0.0;227;22MBX06AH001§3217121§MAINTAL;28314526;Maintenance Alarm Limit;;1;0.0;100.0;
2025.10.27 00:00:00.000 GMT+00:00;0.0;227;22MBX06AH001§3217121§MAINTINT;28314119;Maintenance Interval (hours);;1;0.0;100.0;
2025.10.27 00:00:00.000 GMT+00:00;0.0;227;22MBX06AH001§3217122§MAINTAL;28314419;Maintenance Alarm Limit;;1;0.0;100.0;
2025.10.27 00:00:00.000 GMT+00:00;0.0;227;22MBX06AH001§3217122§MAINTINT;28314364;Maintenance Interval (hours);;1;0.0;100.0;
2025.10.27 00:00:00.000 GMT+00:00;100.0;99;22MBX06AH001§§XQ01;28313614;ТОК ДВИГАТЕЛЯ ВЕНТ ОХЛ;A;1;0.0;0.0;
2025.10.27 00:00:00.000 GMT+00:00;9974.1;195;22MBX06AH001§§XQ11;28314495;В;;1;0.0;100.0;
2025.10.27 00:00:00.000 GMT+00:00;12710.0;195;22MBX06AH001§§XQ12;28314496;В;;1;0.0;100.0;
2025.10.27 00:00:00.000 GMT+00:00;9974.1;195;22MBX06AH001§§XQ13;28314500;В;;1;0.0;100.0;
2025.10.27 00:00:00.000 GMT+00:00;12710.0;195;22MBX06AH001§§XQ14;28314501;В;;1;0.0;100.0;
2025.10.27 00:00:00.000 GMT+00:00;45.0;195;22MBX06CT101§§XQ01;28313559;Т МАСЛА МБ СИСТ РЕГ ГТ22;°C;1;0.0;95.0;
2025.10.27 00:00:00.000 GMT+00:00;145.30237;195;22MBY10CE901§§XQ01;28313568;АКТИВНАЯ МОЩНОСТЬ ГТ22;МВт;1;-20.0;200.0;
2025.10.27 00:00:00.000 GMT+00:00;145.30237;195;22MBY10CE901§§XQ91;28313589;АКТИВНАЯ МОЩНОСТЬ ГТ22;MW;1;-20.0;200.0;
2025.10.27 00:00:00.000 GMT+00:00;3000.6104;195;22MBY10CS901§§ZQ02;28313557;СКОРОСТЬ ВРЩ ГТ22;об/мин;1;0.0;3500.0;
2025.10.27 00:00:00.000 GMT+00:00;50.001225;195;22MBY10CS901§§ZQ12;28313545;ЧАСТОТА ВРЩ ГТ22;Гц;1;0.0;60.0;
2025.10.27 00:00:00.000 GMT+00:00;145.2152;195;22MBY10DE010§257183§OUT;28315322;Output Value;;1;0.0;100.0;
2025.10.27 00:00:00.000 GMT+00:00;145.23074;195;22MBY10DE010§§XQ01;28313672;ЗДН МОЩНОСТИ ГТ22;МВт;1;-6.0;200.0;
2025.10.27 00:00:00.000 GMT+00:00;145.23074;195;22MBY10DE010§§XQ02;28313673;ЗДН МОЩНОСТИ ГТ22;МВт;1;-6.0;200.0;
2025.10.27 00:00:00.000 GMT+00:00;0.0;227;22MBY10DE011§305381§OUT;28313591;Output Value;MW;1;-20.0;180.0;
2025.10.27 00:00:00.000 GMT+00:00;25.0;195;22MBY10DG010§§XQ01;28313680;ОГР ПУСКОВОЙ ФУНКЦИИ HL155;%;1;0.0;100.0;
2025.10.27 00:00:00.000 GMT+00:00;120.00001;195;22MBY10DG010§§XQ12;28313553;ОГР ПУСКОВОЙ ФУНКЦИИ SWF;%;1;0.0;100.0;
2025.10.27 00:00:00.000 GMT+00:00;49.9;227;22MBY10DS010§OM§XQ52;28313549;ЗДН ЧАСТОТЫ ВРЩ ГТ22;s-1;1;49.9;50.1;
2025.10.27 00:00:00.000 GMT+00:00;50.0;195;22MBY10DS010§§ZQ01;28313607;ЗДН ЧАСТОТЫ ВРЩ ГТ22;s-1;1;0.0;60.0;
2025.10.27 00:00:00.000 GMT+00:00;50.001102;195;22MBY10DS010§§ZQ02;28313606;ЗДН ЧАСТОТЫ ВРЩ ГТ22;Гц;1;0.0;60.0;
2025.10.27 00:00:00.000 GMT+00:00;530.0;195;22MBY10DT010§§XQ02;28313662;Т БАЗОВОЙ НАГРУЗКИ;°C;1;0.0;700.0;
2025.10.27 00:00:00.000 GMT+00:00;90.112175;195;22MBY10DT040§§XQ02;28313661;ТЕК ПОЛОЖ ВНА;%;1;0.0;100.0;
2025.10.27 00:00:00.000 GMT+00:00;530.0;195;22MBY10DT040§§XQ03;28313659;ЗДН Т ПОЛОЖ ВНА;°C;1;0.0;700.0;
2025.10.27 00:00:00.000 GMT+00:00;90.112175;195;22MBY10DT040§§XQ51;28313573;ЗДН ПОЛОЖ ВНА;%;1;0.0;100.0;
2025.10.27 00:00:00.000 GMT+00:00;0.0;227;22MBY10DT041§§XQ01;28313683;ЗДН ПОЛОЖ ВНА ВНЕШНИЕ;%;1;0.0;100.0;
2025.10.27 00:00:00.000 GMT+00:00;5.0;227;22MBY10DU050§119224§OUT;28313645;Output Value;;1;0.0;100.0;
2025.10.27 00:00:00.000 GMT+00:00;15.0;195;22MBY10DU050§119241§OUT;28313651;Output Value;;1;0.0;100.0;
2025.10.27 00:00:00.000 GMT+00:00;15.0;195;22MBY10DU050§OM§XQ54;28313588;ЗДН ЗОНА НЕЧУСТВИТЕЛЬНОСТИ;mHz;1;0.0;10.0;
2025.10.27 00:00:00.000 GMT+00:00;0.0;195;22MBY10DU050§§XQ01;28313664;РЕГ СКОРОСТИ / МОЩНОСТИ;MW;1;-40.0;40.0;
2025.10.27 00:00:00.000 GMT+00:00;5.0;227;22MBY10DU050§§XQ53;28313577;ЗДН НЕРАВНОМЕРНОСТЬ;%;1;3.0;8.0;
2025.10.27 00:00:00.000 GMT+00:00;0.0;227;22MBY10DU050§§XQ55;28313578;ЗДН МАКС ОТКЛН МОЩНОСТИ;MW;1;0.0;75.0;
2025.10.27 00:00:00.000 GMT+00:00;0.0;227;22MBY10DU051§122162§OUT;28313624;Output Value;;1;0.0;100.0;
2025.10.27 00:00:00.000 GMT+00:00;0.0;227;22MBY10DU051§XQ01§OUT;28315062;Output Value;мГц;1;-350.0;350.0;
2025.10.27 00:00:00.000 GMT+00:00;0.0;227;22MBY10DU051§XQ02§OUT;28315061;Output Value;%;1;0.0;100.0;
2025.10.27 00:00:00.000 GMT+00:00;0.0;227;22MBY10DU051§XQ59§XQ59;28313564;ЗДН ОТКЛН ЧАСТОТЫ;s-1;1;49.9;50.1;
2025.10.27 00:00:00.000 GMT+00:00;53.08697;195;22MBY10DU060§§XQ01;28313575;ВЫХ СИЛЕКТОРА МИН (YMIN);%;1;0.0;100.0;
2025.10.27 00:00:00.000 GMT+00:00;53.14333;195;22MBY10DU060§§XQ02;28313574;ВЫХ СИЛЕКТОРА МИН (JGES);%;1;0.0;100.0;
2025.10.27 00:00:00.000 GMT+00:00;3192.4578;227;22MBY10EP801A§175702§OFFS;28314085;Actual Offset Value;;1;0.0;100.0;
2025.10.27 00:00:00.000 GMT+00:00;3192.4578;227;22MBY10EP801A§§OUT;28314842;DYN OP HOURS;h;1;0.0;1.0E7;
2025.10.27 00:00:00.000 GMT+00:00;0.0;227;22MBY10EP801A§§OUT_;28314850;DYN OP HOURS;;1;0.0;100.0;
2025.10.27 00:00:00.000 GMT+00:00;176.0;227;22MBY10EP801§143547§OFFS;28313652;Actual Offset Value;;1;0.0;100.0;
2025.10.27 00:00:00.000 GMT+00:00;273.0;195;22MBY10EP801§143547§OUT;28313656;Output Value;;1;0.0;100.0;
2025.10.27 00:00:00.000 GMT+00:00;0.0;227;22MBY10EP801§143551§OFFS;28313604;Actual Offset Value;;1;0.0;100.0;
2025.10.27 00:00:00.000 GMT+00:00;0.0;227;22MBY10EP801§143551§OUT;28313668;Output Value;;1;0.0;100.0;
2025.10.27 00:00:00.000 GMT+00:00;0.0;227;22MBY10EP801§143629§OFFS;28313579;Actual Offset Value;;1;0.0;100.0;
2025.10.27 00:00:00.000 GMT+00:00;0.0;227;22MBY10EP801§143629§OUT;28313620;Output Value;;1;0.0;100.0;
2025.10.27 00:00:00.000 GMT+00:00;84640.0;195;22MBY10EP801§§XQ10;28313688;ЭКВИВАЛ ЧАСЫ НАРАБОТКИ;час;1;0.0;1.0E7;
2025.10.27 00:00:00.000 GMT+00:00;273.0;195;22MBY10EP801§§XQ11;28313675;ЭКВИВАЛ ЧАСЫ НАРАБОТКИ;;1;0.0;100000.0;
2025.10.27 00:00:00.000 GMT+00:00;0.0;227;22MBY10EP801§§XQ12;28313677;ЭКВИВАЛ ЧАСЫ НАРАБОТКИ;;1;0.0;100000.0;
2025.10.27 00:00:00.000 GMT+00:00;78688.0;195;22MBY10EP801§§XQ13;28313679;РАБ <= БАЗОВОЙ НАГРУЗКИ;час;1;0.0;1000000.0;
2025.10.27 00:00:00.000 GMT+00:00;45.11889;227;22MBY10EP801§§XQ14;28313681;РАБ > БАЗОВОЙ НАГРУЗКИ;час;1;0.0;1.0E7;
2025.10.27 00:00:00.000 GMT+00:00;3192.4578;67;22MBY10EP801§§XQ15;28313670;ДИНАМ ЧАСЫ НАРАБОТКИ;час;1;0.0;1.0E7;
2025.10.27 00:00:00.000 GMT+00:00;406.00638;227;22MBY10EP802§143907§OFFS;28313633;Actual Offset Value;;1;0.0;100.0;
2025.10.27 00:00:00.000 GMT+00:00;431.60794;227;22MBY10EP802§143907§OUT;28313615;Output Value;;1;0.0;100.0;
2025.10.27 00:00:00.000 GMT+00:00;431.60794;227;22MBY10EP802§§XQ01;28313682;НЕДОП ОБОРОТЫ ГТУ;сек;1;0.0;10000.0;
2025.10.27 00:00:00.000 GMT+00:00;146.16539;195;22MKA01CE003§§XQ01;28313065;АКТ N Г-22;МВт;1;-261.92;261.92;
2025.10.27 00:00:00.000 GMT+00:00;-3.4200957;195;22MKA01CE004§§XQ01;28312983;РЕАКТ N Г-22;МВар;1;-265.0;265.0;
2025.10.27 00:00:00.000 GMT+00:00;50.034428;195;22MKA01CE005§§XQ01;28312970;ЧАСТ Г-22;ГЦ;1;45.0;55.0;
2025.10.27 00:00:00.000 GMT+00:00;5240.6606;195;22MKA01CE012§§XQ01;28313029;I Г-22 ФАЗА A;А;1;0.0;10000.0;
2025.10.27 00:00:00.000 GMT+00:00;5326.164;195;22MKA01CE022§§XQ01;28313068;I Г-22 ФАЗА B;А;1;0.0;10000.0;
2025.10.27 00:00:00.000 GMT+00:00;5343.1777;195;22MKA01CE032§§XQ01;28313041;I Г-22 ФАЗА C;А;1;0.0;10000.0;
2025.10.27 00:00:00.000 GMT+00:00;16073.131;195;22MKA01CE041§§XQ01;28313058;U AB Г-22;В;1;0.0;19700.0;
2025.10.27 00:00:00.000 GMT+00:00;16103.261;195;22MKA01CE051§§XQ01;28312978;U BC Г-22;В;1;0.0;19512.0;
2025.10.27 00:00:00.000 GMT+00:00;16041.693;195;22MKA01CE061§§XQ01;28313018;U CA Г-22;В;1;0.0;19700.0;
2025.10.27 00:00:00.000 GMT+00:00;2.4602296;195;22MKA01CE071§§XQ01;28313019;3Uo Г-22;В;1;0.0;125.0;
2025.10.27 00:00:00.000 GMT+00:00;1.0677519;195;22MKA01CE103§§XQ01;28313074;АКТ N ТРФ СИСТ ВОЗБ 22MKC01;MВт;1;-18.7;18.7;
2025.10.27 00:00:00.000 GMT+00:00;24.57;67;22MKA03CT101§257040§OUT;28315265;Output Value;°C;1;0.0;100.0;
2025.10.27 00:00:00.000 GMT+00:00;0.0;27;22MKA03CT101§§XQ01;28313839;T ОБМ СТАТ Т П3;°C;1;0.0;100.0;
2025.10.27 00:00:00.000 GMT+00:00;79.63;67;22MKA03CT102§257041§OUT;28315266;Output Value;°C;1;0.0;100.0;
2025.10.27 00:00:00.000 GMT+00:00;0.0;27;22MKA03CT102§§XQ01;28313845;T ОБМ СТАТ Т П11;°C;1;0.0;100.0;
2025.10.27 00:00:00.000 GMT+00:00;25.0;67;22MKA03CT103§257042§OUT;28315267;Output Value;°C;1;0.0;100.0;
2025.10.27 00:00:00.000 GMT+00:00;0.0;27;22MKA03CT103§§XQ01;28313829;T ОБМ СТАТ Т П23;°C;1;0.0;100.0;
2025.10.27 00:00:00.000 GMT+00:00;24.72;67;22MKA03CT104§257043§OUT;28315268;Output Value;°C;1;0.0;100.0;
2025.10.27 00:00:00.000 GMT+00:00;0.0;27;22MKA03CT104§§XQ01;28313867;T ОБМ СТАТ Т П31;°C;1;0.0;100.0;
2025.10.27 00:00:00.000 GMT+00:00;24.06;67;22MKA03CT105§257044§OUT;28315269;Output Value;°C;1;0.0;100.0;
2025.10.27 00:00:00.000 GMT+00:00;0.0;27;22MKA03CT105§§XQ01;28313825;T ОБМ СТАТ Т П43;°C;1;0.0;100.0;
2025.10.27 00:00:00.000 GMT+00:00;24.47;67;22MKA03CT106§257045§OUT;28315270;Output Value;°C;1;0.0;100.0;
2025.10.27 00:00:00.000 GMT+00:00;0.0;27;22MKA03CT106§§XQ01;28314019;T ОБМ СТАТ Т П51;°C;1;0.0;100.0;
2025.10.27 00:00:00.000 GMT+00:00;23.79;67;22MKA03CT107§257046§OUT;28315271;Output Value;°C;1;0.0;100.0;
2025.10.27 00:00:00.000 GMT+00:00;0.0;27;22MKA03CT107§§XQ01;28313883;T ОБМ СТАТ КК П3;°C;1;0.0;100.0;
2025.10.27 00:00:00.000 GMT+00:00;23.74;67;22MKA03CT108§257047§OUT;28315272;Output Value;°C;1;0.0;100.0;
2025.10.27 00:00:00.000 GMT+00:00;0.0;27;22MKA03CT108§§XQ01;28313850;T ОБМ СТАТ КК П11;°C;1;0.0;100.0;
2025.10.27 00:00:00.000 GMT+00:00;23.84;67;22MKA03CT109§257048§OUT;28315273;Output Value;°C;1;0.0;100.0;
2025.10.27 00:00:00.000 GMT+00:00;0.0;27;22MKA03CT109§§XQ01;28313835;T ОБМ СТАТ КК П23;°C;1;0.0;100.0;
2025.10.27 00:00:00.000 GMT+00:00;23.68;67;22MKA03CT110§257049§OUT;28315274;Output Value;°C;1;0.0;100.0;
2025.10.27 00:00:00.000 GMT+00:00;0.0;27;22MKA03CT110§§XQ01;28314010;T ОБМ СТАТ КК П31;°C;1;0.0;100.0;
2025.10.27 00:00:00.000 GMT+00:00;23.3;67;22MKA03CT111§257050§OUT;28315275;Output Value;°C;1;0.0;100.0;
2025.10.27 00:00:00.000 GMT+00:00;0.0;27;22MKA03CT111§§XQ01;28313954;T ОБМ СТАТ КК П43;°C;1;0.0;100.0;
2025.10.27 00:00:00.000 GMT+00:00;23.38;67;22MKA03CT112§257051§OUT;28315276;Output Value;°C;1;0.0;100.0;
2025.10.27 00:00:00.000 GMT+00:00;0.0;27;22MKA03CT112§§XQ01;28314030;T ОБМ СТАТ КК П51;°C;1;0.0;100.0;
2025.10.27 00:00:00.000 GMT+00:00;24.44;67;22MKA04CT101§257052§OUT;28315277;Output Value;°C;1;0.0;100.0;
2025.10.27 00:00:00.000 GMT+00:00;0.0;27;22MKA04CT101§§XQ01;28313953;T АКТ СТ СЕРД СТАТ Т П3;°C;1;0.0;100.0;
2025.10.27 00:00:00.000 GMT+00:00;24.72;67;22MKA04CT102§257053§OUT;28315278;Output Value;°C;1;0.0;100.0;
2025.10.27 00:00:00.000 GMT+00:00;0.0;27;22MKA04CT102§§XQ01;28313899;T АКТ СТ СЕРД СТАТ Т П11;°C;1;0.0;100.0;
2025.10.27 00:00:00.000 GMT+00:00;24.85;67;22MKA04CT103§257054§OUT;28315279;Output Value;°C;1;0.0;100.0;
2025.10.27 00:00:00.000 GMT+00:00;0.0;27;22MKA04CT103§§XQ01;28313852;T АКТ СТ СЕРД СТАТ Т П23;°C;1;0.0;100.0;
2025.10.27 00:00:00.000 GMT+00:00;24.67;67;22MKA04CT104§257055§OUT;28315280;Output Value;°C;1;0.0;100.0;
2025.10.27 00:00:00.000 GMT+00:00;0.0;27;22MKA04CT104§§XQ01;28314017;T АКТ СТ СЕРД СТАТ Т П31;°C;1;0.0;100.0;
2025.10.27 00:00:00.000 GMT+00:00;24.37;67;22MKA04CT105§257056§OUT;28315281;Output Value;°C;1;0.0;100.0;
2025.10.27 00:00:00.000 GMT+00:00;0.0;27;22MKA04CT105§§XQ01;28313898;T АКТ СТ СЕРД СТАТ Т П43;°C;1;0.0;100.0;
2025.10.27 00:00:00.000 GMT+00:00;24.39;67;22MKA04CT106§257057§OUT;28315282;Output Value;°C;1;0.0;100.0;
2025.10.27 00:00:00.000 GMT+00:00;0.0;27;22MKA04CT106§§XQ01;28314007;T АКТ СТ СЕРД СТАТ Т П51;°C;1;0.0;100.0;
2025.10.27 00:00:00.000 GMT+00:00;23.81;67;22MKA04CT107§257058§OUT;28315283;Output Value;°C;1;0.0;100.0;
2025.10.27 00:00:00.000 GMT+00:00;0.0;27;22MKA04CT107§§XQ01;28314001;T АКТ СТ СЕРД СТАТ КК П3;°C;1;0.0;100.0;
2025.10.27 00:00:00.000 GMT+00:00;23.66;67;22MKA04CT108§257059§OUT;28315284;Output Value;°C;1;0.0;100.0;
2025.10.27 00:00:00.000 GMT+00:00;0.0;27;22MKA04CT108§§XQ01;28313986;T АКТ СТ СЕРД СТАТ КК П11;°C;1;0.0;100.0;
2025.10.27 00:00:00.000 GMT+00:00;23.76;67;22MKA04CT109§257060§OUT;28315285;Output Value;°C;1;0.0;100.0;
2025.10.27 00:00:00.000 GMT+00:00;0.0;27;22MKA04CT109§§XQ01;28313900;T АКТ СТ СЕРД СТАТ КК П23;°C;1;0.0;100.0;
2025.10.27 00:00:00.000 GMT+00:00;23.91;67;22MKA04CT110§257061§OUT;28315286;Output Value;°C;1;0.0;100.0;
2025.10.27 00:00:00.000 GMT+00:00;0.0;27;22MKA04CT110§§XQ01;28314003;T АКТ СТ СЕРД СТАТ КК П31;°C;1;0.0;100.0;
2025.10.27 00:00:00.000 GMT+00:00;23.38;67;22MKA04CT111§257062§OUT;28315287;Output Value;°C;1;0.0;100.0;
2025.10.27 00:00:00.000 GMT+00:00;0.0;27;22MKA04CT111§§XQ01;28313869;T АКТ СТ СЕРД СТАТ КК П43;°C;1;0.0;100.0;
2025.10.27 00:00:00.000 GMT+00:00;23.35;67;22MKA04CT112§257063§OUT;28315288;Output Value;°C;1;0.0;100.0;
2025.10.27 00:00:00.000 GMT+00:00;0.0;27;22MKA04CT112§§XQ01;28313890;T АКТ СТ СЕРД СТАТ КК П51;°C;1;0.0;100.0;
2025.10.27 00:00:00.000 GMT+00:00;24.93;67;22MKA05CT001A§257064§OUT;28315289;Output Value;°C;1;0.0;100.0;
2025.10.27 00:00:00.000 GMT+00:00;0.0;27;22MKA05CT001A§§XQ01;28313884;Т ХОЛ ВОЗД СТАТ НА КОРП СТ;°C;1;0.0;100.0;
2025.10.27 00:00:00.000 GMT+00:00;23.79;67;22MKA05CT002A§257065§OUT;28315290;Output Value;°C;1;0.0;100.0;
2025.10.27 00:00:00.000 GMT+00:00;0.0;27;22MKA05CT002A§§XQ01;28313824;Т ХОЛ ВОЗД СТАТ НА КОРП СТ;°C;1;0.0;100.0;
2025.10.27 00:00:00.000 GMT+00:00;25.0;67;22MKA05CT003A§257066§OUT;28315291;Output Value;°C;1;0.0;100.0;
2025.10.27 00:00:00.000 GMT+00:00;0.0;27;22MKA05CT003A§§XQ01;28313912;Т ХОЛ ВОЗД СТАТ НА КОРП СТ;°C;1;0.0;100.0;
2025.10.27 00:00:00.000 GMT+00:00;23.89;67;22MKA05CT004A§257067§OUT;28315292;Output Value;°C;1;0.0;100.0;
2025.10.27 00:00:00.000 GMT+00:00;0.0;27;22MKA05CT004A§§XQ01;28313863;Т ХОЛ ВОЗД СТАТ НА КОРП СТ;°C;1;0.0;100.0;
2025.10.27 00:00:00.000 GMT+00:00;25.0;67;22MKA05CT005A§257068§OUT;28315293;Output Value;°C;1;0.0;100.0;
2025.10.27 00:00:00.000 GMT+00:00;0.0;27;22MKA05CT005A§§XQ01;28313871;Т ГОР ВОЗД СТАТ НА РАМЕ ВЗД;°C;1;0.0;100.0;
2025.10.27 00:00:00.000 GMT+00:00;24.6;67;22MKA05CT006A§257069§OUT;28315294;Output Value;°C;1;0.0;100.0;
2025.10.27 00:00:00.000 GMT+00:00;0.0;27;22MKA05CT006A§§XQ01;28313846;Т ГОР ВОЗД СТАТ НА РАМЕ ВЗД;°C;1;0.0;100.0;
2025.10.27 00:00:00.000 GMT+00:00;24.12;67;22MKA05CT007A§257070§OUT;28315295;Output Value;°C;1;0.0;100.0;
2025.10.27 00:00:00.000 GMT+00:00;0.0;27;22MKA05CT007A§§XQ01;28313984;Т ГОР ВОЗД СТАТ НА РАМЕ ВЗД;°C;1;0.0;100.0;
2025.10.27 00:00:00.000 GMT+00:00;24.62;67;22MKA05CT008A§257071§OUT;28315296;Output Value;°C;1;0.0;100.0;
2025.10.27 00:00:00.000 GMT+00:00;0.0;27;22MKA05CT008A§§XQ01;28313844;Т ГОР ВОЗД СТАТ НА РАМЕ ВЗД;°C;1;0.0;100.0;
2025.10.27 00:00:00.000 GMT+00:00;25.84;67;22MKA05CT009A§257072§OUT;28315297;Output Value;°C;1;0.0;100.0;
2025.10.27 00:00:00.000 GMT+00:00;0.0;27;22MKA05CT009A§§XQ01;28314014;T ХОЛ ВОЗД РОТ СТЕНКА СТ Т;°C;1;0.0;100.0;
2025.10.27 00:00:00.000 GMT+00:00;24.57;67;22MKA05CT010A§257073§OUT;28315298;Output Value;°C;1;0.0;100.0;
2025.10.27 00:00:00.000 GMT+00:00;0.0;27;22MKA05CT010A§§XQ01;28314026;T ХОЛ ВОЗД РОТ СТЕНКА СТ Т;°C;1;0.0;100.0;
2025.10.27 00:00:00.000 GMT+00:00;25.41;67;22MKA05CT011A§257074§OUT;28315299;Output Value;°C;1;0.0;100.0;
2025.10.27 00:00:00.000 GMT+00:00;0.0;27;22MKA05CT011A§§XQ01;28313937;T ХОЛ ВОЗД РОТ СТЕНКА СТ Т;°C;1;0.0;100.0;
2025.10.27 00:00:00.000 GMT+00:00;25.46;67;22MKA05CT012A§257075§OUT;28315300;Output Value;°C;1;0.0;100.0;
2025.10.27 00:00:00.000 GMT+00:00;0.0;27;22MKA05CT012A§§XQ01;28313922;T ХОЛ ВОЗД РОТ СТЕНКА СТ Т;°C;1;0.0;100.0;
2025.10.27 00:00:00.000 GMT+00:00;25.79;67;22MKA05CT013A§257076§OUT;28315301;Output Value;°C;1;0.0;100.0;
2025.10.27 00:00:00.000 GMT+00:00;0.0;27;22MKA05CT013A§§XQ01;28314029;T ХОЛ ВОЗД РОТ СТЕНКА СТ КК;°C;1;0.0;100.0;
2025.10.27 00:00:00.000 GMT+00:00;24.27;67;22MKA05CT014A§257077§OUT;28315302;Output Value;°C;1;0.0;100.0;
2025.10.27 00:00:00.000 GMT+00:00;0.0;27;22MKA05CT014A§§XQ01;28314031;T ХОЛ ВОЗД РОТ СТЕНКА СТ КК;°C;1;0.0;100.0;
2025.10.27 00:00:00.000 GMT+00:00;24.93;67;22MKA05CT015A§257078§OUT;28315303;Output Value;°C;1;0.0;100.0;
2025.10.27 00:00:00.000 GMT+00:00;0.0;27;22MKA05CT015A§§XQ01;28313993;T ХОЛ ВОЗД РОТ СТЕНКА СТ КК;°C;1;0.0;100.0;
2025.10.27 00:00:00.000 GMT+00:00;25.13;67;22MKA05CT016A§257079§OUT;28315304;Output Value;°C;1;0.0;100.0;
2025.10.27 00:00:00.000 GMT+00:00;0.0;27;22MKA05CT016A§§XQ01;28313904;T ХОЛ ВОЗД РОТ СТЕНКА СТ КК;°C;1;0.0;100.0;
2025.10.27 00:00:00.000 GMT+00:00;28.66;67;22MKA05CT017A§257080§OUT;28315305;Output Value;°C;1;0.0;100.0;
2025.10.27 00:00:00.000 GMT+00:00;0.0;27;22MKA05CT017A§§XQ01;28313951;T ГОР ВОЗД РОТ СТЕНКА СТ Т;°C;1;0.0;100.0;
2025.10.27 00:00:00.000 GMT+00:00;27.09;67;22MKA05CT018A§257081§OUT;28315306;Output Value;°C;1;0.0;100.0;
2025.10.27 00:00:00.000 GMT+00:00;0.0;27;22MKA05CT018A§§XQ01;28313855;T ГОР ВОЗД РОТ СТЕНКА СТ Т;°C;1;0.0;100.0;
2025.10.27 00:00:00.000 GMT+00:00;26.93;67;22MKA05CT019A§257082§OUT;28315307;Output Value;°C;1;0.0;100.0;
2025.10.27 00:00:00.000 GMT+00:00;0.0;27;22MKA05CT019A§§XQ01;28313921;T ГОР ВОЗД РОТ СТЕНКА СТ Т;°C;1;0.0;100.0;
2025.10.27 00:00:00.000 GMT+00:00;0.0;67;22MKA05CT020A§257083§OUT;28315308;Output Value;°C;1;0.0;100.0;
2025.10.27 00:00:00.000 GMT+00:00;0.0;27;22MKA05CT020A§§XQ01;28313896;T ГОР ВОЗД РОТ СТЕНКА СТ Т;°C;1;0.0;100.0;
2025.10.27 00:00:00.000 GMT+00:00;24.72;67;22MKA05CT021A§257085§OUT;28315309;Output Value;°C;1;0.0;100.0;
2025.10.27 00:00:00.000 GMT+00:00;0.0;27;22MKA05CT021A§§XQ01;28313958;T ГОР ВОЗД РОТ СТЕНКА СТ КК;°C;1;0.0;100.0;
2025.10.27 00:00:00.000 GMT+00:00;24.83;67;22MKA05CT022A§257086§OUT;28315310;Output Value;°C;1;0.0;100.0;
2025.10.27 00:00:00.000 GMT+00:00;0.0;27;22MKA05CT022A§§XQ01;28313854;T ГОР ВОЗД РОТ СТЕНКА СТ КК;°C;1;0.0;100.0;
2025.10.27 00:00:00.000 GMT+00:00;24.65;67;22MKA05CT023A§257087§OUT;28315311;Output Value;°C;1;0.0;100.0;
2025.10.27 00:00:00.000 GMT+00:00;0.0;27;22MKA05CT023A§§XQ01;28314015;T ГОР ВОЗД РОТ СТЕНКА СТ КК;°C;1;0.0;100.0;
2025.10.27 00:00:00.000 GMT+00:00;25.05;67;22MKA05CT024A§257088§OUT;28315312;Output Value;°C;1;0.0;100.0;
2025.10.27 00:00:00.000 GMT+00:00;0.0;27;22MKA05CT024A§§XQ01;28313849;T ГОР ВОЗД РОТ СТЕНКА СТ КК;°C;1;0.0;100.0;
2025.10.27 00:00:00.000 GMT+00:00;0.0;27;22MKA06CT001§§XQ01;28313927;T ХОЛ ВОЗД ЩКА;°C;1;0.0;100.0;
2025.10.27 00:00:00.000 GMT+00:00;0.0;27;22MKA06CT002§§XQ01;28313873;T ГОР ВОЗД ЩКА;°C;1;0.0;100.0;
2025.10.27 00:00:00.000 GMT+00:00;0.0;11;22MKA06FT007§232724§OUT;28315359;Sum;°C;2;0.0;100.0;
2025.10.27 00:00:00.000 GMT+00:00;9.459999;67;22MKA06FT007§§XQ01;28313853;Разность температур горячего и холодного воздуха щеточной траверсы Г-22;°C;1;0.0;100.0;
2025.10.27 00:00:00.000 GMT+00:00;0.0;27;22MKA10CM001§§XQ01;28313914;ВЛАЖН ВОЗД Т;%;1;0.0;100.0;
2025.10.27 00:00:00.000 GMT+00:00;0.0;27;22MKA10CM002§§XQ01;28313989;ВЛАЖН ВОЗД КК;%;1;0.0;100.0;
2025.10.27 00:00:00.000 GMT+00:00;0.0;27;22MKA10CM003§§XQ01;28313857;ВЛАЖН ВОЗД ЩКА;%;1;0.0;100.0;
2025.10.27 00:00:00.000 GMT+00:00;0.0;27;22MKA10CT001§§XQ01;28313973;Т ГАЗ ГЕН Т;°C;1;0.0;100.0;
2025.10.27 00:00:00.000 GMT+00:00;0.0;27;22MKA10CT002§§XQ01;28313823;Т ГАЗ ГЕН КК;°C;1;0.0;100.0;
2025.10.27 00:00:00.000 GMT+00:00;0.0;27;22MKA10CT003§§XQ01;28313895;Т ГАЗ ГЕН ЩКА;°C;1;0.0;100.0;
2025.10.27 00:00:00.000 GMT+00:00;0.0;11;22MKA10DE001§243647§OUT;28314969;Difference;;2;0.0;100.0;
2025.10.27 00:00:00.000 GMT+00:00;145.50926;195;22MKA10DE001§246957§OUT;28314966;Output Value;;1;0.0;100.0;
2025.10.27 00:00:00.000 GMT+00:00;0.0;11;22MKA10DE001§247060§OUT;28314973;Output Value;;2;0.0;100.0;
2025.10.27 00:00:00.000 GMT+00:00;0.0;11;22MKA10DE001§247063§OUT;28314970;Output Value;;2;0.0;100.0;
2025.10.27 00:00:00.000 GMT+00:00;0.0;11;22MKA10DE001§247066§OUT;28314975;Output Value;;2;0.0;100.0;
2025.10.27 00:00:00.000 GMT+00:00;0.8;195;22MKA10DE001§247067§OUT;28314972;Output Value;;1;0.0;100.0;
2025.10.27 00:00:00.000 GMT+00:00;0.8;195;22MKA10DE001§247068§OUT;28314974;Output Value;;1;0.0;100.0;
2025.10.27 00:00:00.000 GMT+00:00;0.0;11;22MKA10DE001§247069§OUT;28314971;Product;;2;-50.0;50.0;
2025.10.27 00:00:00.000 GMT+00:00;0.0;11;22MKA10DE001§359460§OUT;28312485;Output Value;;2;2.0;200.0;
2025.10.27 00:00:00.000 GMT+00:00;145.24425;195;22MKA10DE001§§I_VAL;28312376;КРЕГ N ГТ2 ЛОГ УПР;;1;-6.0;200.0;
2025.10.27 00:00:00.000 GMT+00:00;0.0;195;22MKA10DE001§§P_VAL;28312316;КРЕГ N ГТ2 ЛОГ УПР;;1;-50.0;50.0;
2025.10.27 00:00:00.000 GMT+00:00;145.24425;195;22MKA10DE001§§XQ01;28312412;КРЕГ N ГТ2 ЛОГ УПР;;1;0.0;200.0;
2025.10.27 00:00:00.000 GMT+00:00;0.0;27;22MKA10FT001§§XQ01;28313891;ТОЧКА РОСЫ ГЕН Т;°C;1;0.0;100.0;
2025.10.27 00:00:00.000 GMT+00:00;0.0;27;22MKA10FT002§§XQ01;28313967;ТОЧКА РОСЫ ГЕН КК;°C;1;0.0;100.0;
2025.10.27 00:00:00.000 GMT+00:00;0.0;27;22MKA10FT003§§XQ01;28313868;ТОЧКА РОСЫ ГЕН ЩКА;°C;1;0.0;100.0;
2025.10.27 00:00:00.000 GMT+00:00;131.41618;195;22MKC01CE001§§XQ01;28312974;U РОТ Г-22;В;1;0.0;500.0;
2025.10.27 00:00:00.000 GMT+00:00;1086.8192;195;22MKC01CE002§§XQ01;28313105;I РОТ Г-22;А;1;0.0;3000.0;
2025.10.27 00:00:00.000 GMT+00:00;129.42963;195;22MKC01CE101§§XQ01;28312972;U РОТ Г-22;В;1;0.0;500.0;
2025.10.27 00:00:00.000 GMT+00:00;1085.4535;195;22MKC01CE102§§XQ01;28313047;I РОТ Г-22;А;1;0.0;3000.0;
2025.10.27 00:00:00.000 GMT+00:00;-9.997107;35;22MKC01CE201§§XQ01;28313007;U РОТ Г-22;В;1;0.0;100.0;
2025.10.27 00:00:00.000 GMT+00:00;-9.997107;35;22MKC01CE202§§XQ01;28313080;I РОТ1 Г-22;А;1;0.0;100.0;
2025.10.27 00:00:00.000 GMT+00:00;-9.997107;35;22MKC01CE301§§XQ01;28313013;U РОТ Г-22;В;1;0.0;100.0;
2025.10.27 00:00:00.000 GMT+00:00;-9.997107;35;22MKC01CE302§§XQ01;28312985;I РОТ2 Г-22;А;1;0.0;100.0;
2025.10.27 00:00:00.000 GMT+00:00;-9.997107;35;22MKC01CE401§§XQ01;28313057;U ВОЗБ 1 Г-22;В;1;0.0;100.0;
2025.10.27 00:00:00.000 GMT+00:00;-9.997107;35;22MKC01CE501§§XQ01;28313037;U ВОЗБ 2 Г-22;В;1;0.0;100.0;
2025.10.27 00:00:00.000 GMT+00:00;61.635967;195;22MKD11CT101§§OUT;28313587;Т ПОДШ ГЕН СТОР ТУРБ Т1 ГТ22;°C;1;0.0;150.0;
2025.10.27 00:00:00.000 GMT+00:00;62.817497;195;22MKD11CT102§§OUT;28313596;Т ПОДШ ГЕН СТОР ТУРБ Т2 ГТ22;°C;1;0.0;150.0;
2025.10.27 00:00:00.000 GMT+00:00;0.71108216;195;22MKD11CY021§§XQ01;28313586;ВИБР(В) КОРП ГЕН СТОР ТУРБ;мм/с;1;0.0;20.0;
2025.10.27 00:00:00.000 GMT+00:00;2.7582464;195;22MKD11CY022§§OUT;28313550;ВИБР(О) КОРП ГЕН СТОР ТУРБ;мм/с;1;0.0;20.0;
2025.10.27 00:00:00.000 GMT+00:00;1.1197916;195;22MKD11CY023§§XQ01;28313572;ВИБР(П) КОРП ГЕН СТОР ТУРБ;мм/с;1;0.0;20.0;
2025.10.27 00:00:00.000 GMT+00:00;25.481047;195;22MKD11CY940§§XQ01;28313636;ОТН ВИБР ВАЛ ПОДШ ГЕН СТОР ТУРБ;µm res;1;0.0;250.0;
2025.10.27 00:00:00.000 GMT+00:00;0.0;27;22MKD12CT101A§§XQ01;28314035;Т БАБ ВКЛ ПОДШ КК;°C;1;0.0;100.0;
2025.10.27 00:00:00.000 GMT+00:00;65.180534;195;22MKD12CT101§§OUT;28313647;Т ПОДШ ГЕН СТОР КК Т1 ГТ22;°C;1;0.0;150.0;
2025.10.27 00:00:00.000 GMT+00:00;0.0;27;22MKD12CT102A§§XQ01;28313826;Т БАБ ВКЛ ПОДШ КК;°C;1;0.0;100.0;
2025.10.27 00:00:00.000 GMT+00:00;70.3989;195;22MKD12CT102§§OUT;28313600;Т ПОДШ ГЕН СТОР КК Т2 ГТ22;°C;1;0.0;150.0;
2025.10.27 00:00:00.000 GMT+00:00;1.1248553;195;22MKD12CY021§§XQ01;28313612;ВИБР(В) КОРП ГЕН СТОР КК;мм/с;1;0.0;20.0;
2025.10.27 00:00:00.000 GMT+00:00;0.065104164;195;22MKD12CY022§§OUT;28313629;ВИБР(О) КОРП ГЕН СТОР КК;мм/с;1;0.0;20.0;
2025.10.27 00:00:00.000 GMT+00:00;0.7826967;195;22MKD12CY023§§XQ01;28313653;ВИБР(П) КОРП ГЕН СТОР КК;мм/с;1;0.0;20.0;
2025.10.27 00:00:00.000 GMT+00:00;12.342665;195;22MKD12CY940§§XQ01;28313621;ОТН ВИБР ВАЛ ПОДШ ГЕН СТОР КК;µm res;1;0.0;250.0;
2025.10.27 00:00:00.000 GMT+00:00;-10000.0;227;22MYB01EP020§458494§OFFS;28313634;Actual Offset Value;;1;0.0;5000.0;
2025.10.27 00:00:00.000 GMT+00:00;-10000.0;227;22MYB01EP020§458494§OUT;28313556;Output Value;;1;0.0;5000.0;
2025.10.27 00:00:00.000 GMT+00:00;17.07406;195;22PCB24CG801§§XQ01;28311913;КЛ РЕГ СЛ ОВ ПОСЛЕ МО;%;1;0.0;100.0;
2025.10.27 00:00:00.000 GMT+00:00;-270.0;35;22PCB24CT001§§XQ01;28311918;T В ПОСЛЕ МО ГТ-22;°C;1;-50.0;500.0;
2025.10.27 00:00:00.000 GMT+00:00;0.2508256;195;22PCB41CP001§§XQ01;28312034;dP Ф ОХЛ В ВХ МОХЛ ГТ22;кПа;1;0.0;60.0;
2025.10.27 00:00:00.000 GMT+00:00;26.453997;195;22PCB41CP002§§XQ01;28311941;P ЗА Ф ОХЛ В ВХ МОХЛ ГТ22;кПа;1;0.0;40.0;
2025.10.27 00:00:00.000 GMT+00:00;0.23454583;195;22PCB43CP001§§XQ01;28312065;P В ОХЛ ДО ТО ГМФ 22ПЭН КУ-22;МПа;1;0.0;0.25;
2025.10.27 00:00:00.000 GMT+00:00;17.200012;195;22PCB43CT001§§XQ01;28312010;T В ОХЛ ЗА ТО ГМФ 22ПЭН КУ-22;°C;1;-50.0;200.0;
2025.10.27 00:00:00.000 GMT+00:00;400.06207;195;22PCB60CF001§§XQ01;28312170;F В ПЕРЕД ВОХЛ ГТ-22 1;т/ч;1;0.0;750.0;
2025.10.27 00:00:00.000 GMT+00:00;401.09637;195;22PCB60CF002§§XQ01;28312005;F В ПЕРЕД ВОХЛ ГТ-22 2;т/ч;1;0.0;750.0;
2025.10.27 00:00:00.000 GMT+00:00;400.5919;195;22PCB60CF003§§XQ01;28312063;F В ПЕРЕД ВОХЛ ГТ-22 3;т/ч;1;0.0;750.0;
2025.10.27 00:00:00.000 GMT+00:00;400.912;195;22PCB60CF901§§XQ01;28311943;СР F ВОД ВО Г-22;т/ч;1;0.0;750.0;
2025.10.27 00:00:00.000 GMT+00:00;0.0;27;22PCB60CP001§§XQ01;28313887;P ТЕХ ВОДЫ НА ВХ ВОЗДХ;°C;1;0.0;100.0;
2025.10.27 00:00:00.000 GMT+00:00;3.7519035;195;22PCB60CP002§§XQ01;28312151;P В ВОХЛ Г-22;кПа;1;0.0;40.0;
2025.10.27 00:00:00.000 GMT+00:00;15.25;67;22PCB60CT001§257089§OUT;28315313;Output Value;°C;1;0.0;100.0;
2025.10.27 00:00:00.000 GMT+00:00;0.0;27;22PCB60CT001§§XQ01;28313833;T ТЕХ ВОДЫ НА ВХ ВОЗДХ;°C;1;0.0;100.0;
2025.10.27 00:00:00.000 GMT+00:00;21.28;67;22PCB62CT001§257090§OUT;28315314;Output Value;°C;1;0.0;100.0;
2025.10.27 00:00:00.000 GMT+00:00;0.0;27;22PCB62CT001§§XQ01;28313976;T ТЕХ ВОДЫ НА ВЫХ ВОЗДХ;°C;1;0.0;100.0;
2025.10.27 00:00:00.000 GMT+00:00;22.97;67;22PCB64CT001§257091§OUT;28315315;Output Value;°C;1;0.0;100.0;
2025.10.27 00:00:00.000 GMT+00:00;0.0;27;22PCB64CT001§§XQ01;28313968;T ТЕХ ВОДЫ НА ВЫХ ВОЗДХ;°C;1;0.0;100.0;
2025.10.27 00:00:00.000 GMT+00:00;31.56;67;22PCB66CT001§257092§OUT;28315316;Output Value;°C;1;0.0;100.0;
2025.10.27 00:00:00.000 GMT+00:00;0.0;27;22PCB66CT001§§XQ01;28313972;T ТЕХ ВОДЫ НА ВЫХ ВОЗДХ;°C;1;0.0;100.0;
2025.10.27 00:00:00.000 GMT+00:00;21.91;67;22PCB68CT001§257093§OUT;28315317;Output Value;°C;1;0.0;100.0;
2025.10.27 00:00:00.000 GMT+00:00;0.0;27;22PCB68CT001§§XQ01;28313942;T ТЕХ ВОДЫ НА ВЫХ ВОЗДХ;°C;1;0.0;100.0;
2025.10.27 00:00:00.000 GMT+00:00;41.984955;195;22PCB69CG801§§XQ01;28312200;КЛ РЕГ СЛ ОВ ПОСЛЕ ВО;%;1;0.0;100.0;
2025.10.27 00:00:00.000 GMT+00:00;35.795525;195;22PGB21CT001§§XQ01;28312042;T В ОХЛ УПЛ ЦЭН-1 ВД КУ-22;°C;1;-50.0;200.0;
2025.10.27 00:00:00.000 GMT+00:00;50.399994;195;22PGB22CT001§§XQ01;28312019;T В ОХЛ УПЛ ЦЭН-2 ВД КУ-22;°C;1;-50.0;200.0;
2025.10.27 00:00:00.000 GMT+00:00;0.0;227;22QCA10DF001§243716§OUT;28313147;Output Value;;1;0.0;2.0;
2025.10.27 00:00:00.000 GMT+00:00;0.0;227;22QCA10DF002§243715§OUT;28313233;Output Value;;1;0.0;2.0;
2025.10.27 00:00:00.000 GMT+00:00;3.2118056;195;22QCD13AA801§1§OUT;28313369;Controller Output Value;C {H+};1;0.0;100.0;
2025.10.27 00:00:00.000 GMT+00:00;9.124132;195;22QCD13AA801§2§OUT;28313193;Output Value;pH;1;7.0;10.0;
2025.10.27 00:00:00.000 GMT+00:00;0.0;227;22QCD15AA801§§OUT;28313230;PUMP NH3 5  SPEED КУ-22;%;1;0.0;100.0;
2025.10.27 00:00:00.000 GMT+00:00;53.7037;195;23BAA10CE001§§XQ01;28313698;ИЗМЕРЕНИЕ МОЩНОСТИ 1;МВт;1;0.0;200.0;
2025.10.27 00:00:00.000 GMT+00:00;53.47222;195;23BAA10CE002§§XQ01;28313727;ИЗМЕРЕНИЕ  МОЩНОСТИ 2;МВт;1;0.0;200.0;
2025.10.27 00:00:00.000 GMT+00:00;53.718174;195;23BAA10CE901§§XQ01;28313758;ИЗМЕРЕНИЕ МОЩНОСТИ ПТ23;МВт;1;0.0;200.0;
2025.10.27 00:00:00.000 GMT+00:00;30.115276;195;23BAT01CE005§§XQ01;28313332;ЧАСТ НН БЛ ТРФ 23BAT01;ГЦ;1;0.0;60.0;
2025.10.27 00:00:00.000 GMT+00:00;12915.424;195;23BAT01CE041§§XQ01;28313175;U НН БЛ ТРФ 23BAT01 AB;В;1;0.0;15750.0;
2025.10.27 00:00:00.000 GMT+00:00;12881.364;195;23BAT01CE051§§XQ01;28313276;U НН БЛ ТРФ 23BAT01 BC;В;1;0.0;15750.0;
2025.10.27 00:00:00.000 GMT+00:00;12834.41;195;23BAT01CE061§§XQ01;28313301;U НН БЛ ТРФ 23BAT01 CA;В;1;0.0;15750.0;
2025.10.27 00:00:00.000 GMT+00:00;-629.8177;35;23BBA01CE001§§XQ01;28313357;U СЕКЦ 23BBA;В;1;0.0;6300.0;
2025.10.27 00:00:00.000 GMT+00:00;-149.9566;35;23BBA01CE002§§XQ01;28313168;I СЕКЦ 23BBA;А;1;0.0;1500.0;
2025.10.27 00:00:00.000 GMT+00:00;0.0;227;23BBA17EG001§3217121§MAINTAL;28314714;Maintenance Alarm Limit;;1;0.0;100.0;
2025.10.27 00:00:00.000 GMT+00:00;0.0;227;23BBA17EG001§3217121§MAINTINT;28314689;Maintenance Interval (hours);;1;0.0;100.0;
2025.10.27 00:00:00.000 GMT+00:00;0.0;227;23BBA17EG001§3217122§MAINTAL;28314120;Maintenance Alarm Limit;;1;0.0;100.0;
2025.10.27 00:00:00.000 GMT+00:00;0.0;227;23BBA17EG001§3217122§MAINTINT;28314121;Maintenance Interval (hours);;1;0.0;100.0;
2025.10.27 00:00:00.000 GMT+00:00;48407.6;195;23BBA17EG001§§XQ11;28314343;Гл.двиг.К-A;;1;0.0;100.0;
2025.10.27 00:00:00.000 GMT+00:00;412.0;195;23BBA17EG001§§XQ12;28314344;Гл.двиг.К-A;;1;0.0;100.0;
2025.10.27 00:00:00.000 GMT+00:00;48407.6;195;23BBA17EG001§§XQ13;28314340;Гл.двиг.К-A;;1;0.0;100.0;
2025.10.27 00:00:00.000 GMT+00:00;412.0;195;23BBA17EG001§§XQ14;28314341;Гл.двиг.К-A;;1;0.0;100.0;
2025.10.27 00:00:00.000 GMT+00:00;0.0;227;23BBA27EG001§3217121§MAINTAL;28314462;Maintenance Alarm Limit;;1;0.0;100.0;
2025.10.27 00:00:00.000 GMT+00:00;0.0;227;23BBA27EG001§3217121§MAINTINT;28314780;Maintenance Interval (hours);;1;0.0;100.0;
2025.10.27 00:00:00.000 GMT+00:00;0.0;227;23BBA27EG001§3217122§MAINTAL;28314704;Maintenance Alarm Limit;;1;0.0;100.0;
2025.10.27 00:00:00.000 GMT+00:00;0.0;227;23BBA27EG001§3217122§MAINTINT;28314078;Maintenance Interval (hours);;1;0.0;100.0;
2025.10.27 00:00:00.000 GMT+00:00;57750.25;195;23BBA27EG001§§XQ11;28314093;Гл.двиг.К-B;;1;0.0;100.0;
2025.10.27 00:00:00.000 GMT+00:00;397.0;195;23BBA27EG001§§XQ12;28314092;Гл.двиг.К-B;;1;0.0;100.0;
2025.10.27 00:00:00.000 GMT+00:00;57750.25;195;23BBA27EG001§§XQ13;28314091;Гл.двиг.К-B;;1;0.0;100.0;
2025.10.27 00:00:00.000 GMT+00:00;397.0;195;23BBA27EG001§§XQ14;28314090;Гл.двиг.К-B;;1;0.0;100.0;
2025.10.27 00:00:00.000 GMT+00:00;0.0;227;23BBA37EG001§3217121§MAINTAL;28314592;Maintenance Alarm Limit;;1;0.0;100.0;
2025.10.27 00:00:00.000 GMT+00:00;0.0;227;23BBA37EG001§3217121§MAINTINT;28314680;Maintenance Interval (hours);;1;0.0;100.0;
2025.10.27 00:00:00.000 GMT+00:00;0.0;227;23BBA37EG001§3217122§MAINTAL;28314813;Maintenance Alarm Limit;;1;0.0;100.0;
2025.10.27 00:00:00.000 GMT+00:00;0.0;227;23BBA37EG001§3217122§MAINTINT;28314686;Maintenance Interval (hours);;1;0.0;100.0;
2025.10.27 00:00:00.000 GMT+00:00;55122.01;195;23BBA37EG001§§XQ11;28314397;Гл.двиг.К-C;;1;0.0;100.0;
2025.10.27 00:00:00.000 GMT+00:00;394.0;195;23BBA37EG001§§XQ12;28314396;Гл.двиг.К-C;;1;0.0;100.0;
2025.10.27 00:00:00.000 GMT+00:00;55122.01;195;23BBA37EG001§§XQ13;28314401;Гл.двиг.К-C;;1;0.0;100.0;
2025.10.27 00:00:00.000 GMT+00:00;394.0;195;23BBA37EG001§§XQ14;28314400;Гл.двиг.К-C;;1;0.0;100.0;
2025.10.27 00:00:00.000 GMT+00:00;-629.8177;35;23BBB01CE001§§XQ01;28313158;U СЕКЦ 23BBB;В;1;0.0;6300.0;
2025.10.27 00:00:00.000 GMT+00:00;-149.9566;35;23BBB01CE002§§XQ01;28313379;I СЕКЦ 23BBB;А;1;0.0;1500.0;
2025.10.27 00:00:00.000 GMT+00:00;12.571341;195;23BBT01CE012§§XQ01;28313227;I ТРФ 23BBT ФАЗА A;А;1;0.0;100.0;
2025.10.27 00:00:00.000 GMT+00:00;12.734368;195;23BBT01CE022§§XQ01;28313131;I ТРФ 23BBT ФАЗА B;А;1;0.0;100.0;
2025.10.27 00:00:00.000 GMT+00:00;12.617709;195;23BBT01CE032§§XQ01;28313239;I ТРФ 23BBT ФАЗА C;А;1;0.0;100.0;
2025.10.27 00:00:00.000 GMT+00:00;1.1577035;195;23BBT01CE071§§XQ01;28313234;3Uо ТРФ 23BAT01;В;1;0.0;100.0;
2025.10.27 00:00:00.000 GMT+00:00;401.76483;195;23BFA01CE001§§XQ01;28313360;U СЕКЦ 23BFA;В;1;0.0;500.0;
2025.10.27 00:00:00.000 GMT+00:00;278.15097;195;23BFA01CE002§§XQ01;28313355;I РАБ ВВ СЕКЦ 23BFA;А;1;0.0;2500.0;
2025.10.27 00:00:00.000 GMT+00:00;407.32367;195;23BFA01CE101§§XQ01;28313268;U СЕКЦ 23BMA;В;1;0.0;500.0;
2025.10.27 00:00:00.000 GMT+00:00;394.38483;195;23BFB01CE001§§XQ01;28313189;U СЕКЦ 23BFB;В;1;0.0;500.0;
2025.10.27 00:00:00.000 GMT+00:00;314.52878;195;23BFB01CE002§§XQ01;28313317;I РАБ ВВ СЕКЦ 23BFB;А;1;0.0;2500.0;
2025.10.27 00:00:00.000 GMT+00:00;395.0721;195;23BFB01CE101§§XQ01;28313389;U СЕКЦ 23BMB;В;1;0.0;400.0;
2025.10.27 00:00:00.000 GMT+00:00;406.70035;195;23BMA01CE001§§XQ01;28313235;U РЕЗ ЛИН СЕКЦ 23BMA;В;1;0.0;500.0;
2025.10.27 00:00:00.000 GMT+00:00;-7.233796;195;23BMA01CE002§§XQ01;28313371;I РЕЗ ВВ СЕКЦ 23BMA;А;1;0.0;2500.0;
2025.10.27 00:00:00.000 GMT+00:00;398.98398;195;23BMB01CE001§§XQ01;28313123;U РЕЗ ЛИН СЕКЦ 23BMB;В;1;0.0;500.0;
2025.10.27 00:00:00.000 GMT+00:00;7.233984;195;23BMB01CE002§§XQ01;28313346;I РЕЗ ВВ СЕКЦ 23BMB;А;1;0.0;2500.0;
2025.10.27 00:00:00.000 GMT+00:00;839.82825;195;23GCK10CF001_C§T_H§XQ01;28315094;F В ОХЛ ЛИН ПОДВ ВЫХ ВК РАСЧ;;1;0.0;1500.0;
2025.10.27 00:00:00.000 GMT+00:00;834.11224;195;23GCK10CF001§§XQ01;28312630;F В ОХЛ ЛИН ПОДВ ВЫХ ВК;т/ч;1;300.0;1500.0;
2025.10.27 00:00:00.000 GMT+00:00;0.20833337;195;23GCK10CP001§§XQ01;28312362;P В ОХЛ ЛИН ПОДВ ВЫХ ВК;МПа;1;0.0;1.6;
2025.10.27 00:00:00.000 GMT+00:00;7.5;195;23GCK10CT001§§XQ01;28312617;T В ОХЛ ЛИН ПОДВ ВЫХ ВК;°C;1;-50.0;200.0;
2025.10.27 00:00:00.000 GMT+00:00;5.5501304;35;23GCK13CQ001§§XQ01;28313204;pH В ОКБ;pH;1;6.0;10.5;
2025.10.27 00:00:00.000 GMT+00:00;12.7;195;23GCK13CT001§§XQ01;28313060;T ОВ ПЕРЕД ОХЛ КНД ПСГ;°C;1;-50.0;200.0;
2025.10.27 00:00:00.000 GMT+00:00;13.890991;195;23GCK13CT002§§XQ01;28313030;T ОВ ПОСЛЕ ОХЛ КНД ПСГ;°C;1;-50.0;200.0;
2025.10.27 00:00:00.000 GMT+00:00;3.6689816;195;23LBA10CP001§§XQ01;28313748;ИЗМЕРЕНИЕ ДАВЛЕНИЯ СВ. ПАРА 1;МПа;1;0.0;16.0;
2025.10.27 00:00:00.000 GMT+00:00;3.758102;195;23LBA10CP002§§XQ01;28313723;ИЗМЕРЕНИЕ ДАВЛЕНИЯ СВ. ПАРА 2;МПа;1;0.0;16.0;
2025.10.27 00:00:00.000 GMT+00:00;3.666946;195;23LBA10CP901§§XQ01;28313734;ИЗМЕРЕНИЕ ДАВЛЕНИЯ СВЕЖЕГО ПАРА;МПа;1;0.0;16.0;
2025.10.27 00:00:00.000 GMT+00:00;0.45131657;195;23LBA60CP001§§XQ01;28313786;ИЗМЕРЕНИЕ ДАВЛЕНИЯ ПАРА НД 1;МПа;1;0.0;1.0;
2025.10.27 00:00:00.000 GMT+00:00;0.45464408;195;23LBA60CP002§§XQ01;28313793;ИЗМЕРЕНИЕ ДАВЛЕНИЯ ПАРА НД 2;МПа;1;0.0;1.0;
2025.10.27 00:00:00.000 GMT+00:00;0.45128983;195;23LBA60CP901§§XQ01;28313759;ИЗМЕРЕНИЕ ДАВЛЕНИЯ ПАРА НД ПТ23;МПа;1;0.0;1.0;
2025.10.27 00:00:00.000 GMT+00:00;100.0;195;23LBG20CG801§§XQ01;28312585;РК П/ПР УПЛ ПТ;%;1;0.0;100.0;
2025.10.27 00:00:00.000 GMT+00:00;0.46568373;195;23LBG20CP001§§XQ01;28312538;P П УПЛ ВЫХ РК;МПа;1;0.0;1.0;
2025.10.27 00:00:00.000 GMT+00:00;-0.9997106;35;23LCA30CQ002§§XQ01;28313349;ЭПР КНД БОУ;мкСм/см;1;0.0;10.0;
2025.10.27 00:00:00.000 GMT+00:00;0.7910413;195;23LCE50AA801§242496§OUT;28312416;Output Value;;1;0.0;100.0;
2025.10.27 00:00:00.000 GMT+00:00;3.1539352;195;23LCE50CG801§§XQ01;28312450;РК ВПР ОХЛ СИСТ КОЛ УПЛ;%;1;0.0;100.0;
2025.10.27 00:00:00.000 GMT+00:00;1536.2001;35;23LCW51CT101§§XQ01;28312473;РЕЗЕРВ;°C;1;0.0;100.0;
2025.10.27 00:00:00.000 GMT+00:00;0.0;227;23LCW53CT102§§XQ01;28312265;РЕЗЕРВ;°C;1;0.0;100.0;
2025.10.27 00:00:00.000 GMT+00:00;461.77008;195;23MAA00DT001§259644§OUT;28312326;Output Value;;1;0.0;100.0;
2025.10.27 00:00:00.000 GMT+00:00;1.5;195;23MAA00DT001§356171§OUT;28312496;Output Value;;1;0.0;100.0;
2025.10.27 00:00:00.000 GMT+00:00;0.0;227;23MAA00DT001§§ER;28312230;РЕГ ПРОГР СК ПТ ЛОГ УПР;;1;-100.0;100.0;
2025.10.27 00:00:00.000 GMT+00:00;461.7992;195;23MAA00DT001§§T1;28312504;РЕГ ПРОГР СК ПТ ЛОГ УПР;ГРАД;1;0.0;600.0;
2025.10.27 00:00:00.000 GMT+00:00;478.28928;195;23MAA00DT001§§T2;28312505;РЕГ ПРОГР СК ПТ ЛОГ УПР;;1;0.0;100.0;
2025.10.27 00:00:00.000 GMT+00:00;0.009519683;195;23MAA01CP001§§XQ01;28312426;dP СТК СК ВД 1;МПа;1;0.0;1.0;
2025.10.27 00:00:00.000 GMT+00:00;507.1061;195;23MAA01CT001§§XQ01;28312595;T П СК ВД 1;°C;1;0.0;600.0;
2025.10.27 00:00:00.000 GMT+00:00;502.5;195;23MAA01CT101§§XQ01;28312614;T М СК ВД 1;°C;1;0.0;600.0;
2025.10.27 00:00:00.000 GMT+00:00;444.40002;195;23MAA01CT102§§XQ01;28312431;T М СК ВД 1;°C;1;0.0;600.0;
2025.10.27 00:00:00.000 GMT+00:00;0.0;195;23MAA01FT101§§XQ01;28315142;dT М ВНУТР ЦИЛ ЦВД;°C/мин;1;0.0;100.0;
2025.10.27 00:00:00.000 GMT+00:00;0.099975586;195;23MAA01FT102§§XQ01;28315140;dT М ВНУТР ЦИЛ ЦВД;°C/мин;1;0.0;100.0;
2025.10.27 00:00:00.000 GMT+00:00;0.00803671;195;23MAA02CP001§§XQ01;28312236;dP СТК СК ВД 2;МПа;1;0.0;1.0;
2025.10.27 00:00:00.000 GMT+00:00;505.5;195;23MAA02CT001§§XQ01;28312571;T П СК ВД 2;°C;1;0.0;600.0;
2025.10.27 00:00:00.000 GMT+00:00;461.8;195;23MAA02CT101§§XQ01;28312464;T М СК ВД 2;°C;1;0.0;600.0;
2025.10.27 00:00:00.000 GMT+00:00;478.3;195;23MAA02CT102§1ASMON§XQ01;28312333;T М СК ВД 2;°C;1;0.0;600.0;
2025.10.27 00:00:00.000 GMT+00:00;0.0;195;23MAA02FT101§§XQ01;28315137;dT М ВНУТР ЦИЛ ЦВД;°C/мин;1;0.0;100.0;
2025.10.27 00:00:00.000 GMT+00:00;0.0;227;23MAA02FT102§§XQ01;28315139;dT М ВНУТР ЦИЛ ЦВД;°C/мин;1;0.0;100.0;
2025.10.27 00:00:00.000 GMT+00:00;25.752316;195;23MAA10CG901§§XQ01;28313760;ИЗМЕРЕНИЕ ПОЛОЖЕНИЯ РК ВД;мм;1;0.0;100.0;
2025.10.27 00:00:00.000 GMT+00:00;3.460648;195;23MAA10CP001§§XQ01;28313729;ИЗМЕРЕНИЕ ДАВЛЕНИЯ ПАРА В РЕГ.СТУПЕНИ 1;МПа;1;0.0;10.0;
2025.10.27 00:00:00.000 GMT+00:00;3.4686053;195;23MAA10CP002§§XQ01;28313791;ИЗМЕРЕНИЕ ДАВЛЕНИЯ ПАРА В РЕГ.СТУПЕНИ 2;МПа;1;0.0;10.0;
2025.10.27 00:00:00.000 GMT+00:00;3.470624;195;23MAA10CP901§§XQ01;28313776;ИЗМЕРЕНИЕ ДАВЛЕНИЯ ПАРА В РЕГ.СТУПЕНИ ПТ23;МПа;1;0.0;10.0;
2025.10.27 00:00:00.000 GMT+00:00;501.80017;195;23MAA10CT001§§XQ01;28312308;T П ВХ ЦВД;°C;1;0.0;600.0;
2025.10.27 00:00:00.000 GMT+00:00;347.70544;195;23MAA10CT002§§XQ01;28312267;Т П МЕЖ ЦИЛ ЦВД;°C;1;0.0;400.0;
2025.10.27 00:00:00.000 GMT+00:00;83.86168;195;23MAA10CT003§§XQ01;28312620;T П ВЫХ ЦВД;°C;1;0.0;300.0;
2025.10.27 00:00:00.000 GMT+00:00;84.0;195;23MAA10CT004§§XQ01;28312260;T П ВЫХ ЦВД;°C;1;0.0;300.0;
2025.10.27 00:00:00.000 GMT+00:00;194.5;195;23MAA10CT005§§XQ01;28312454;T П ВХ П НД В ЦВД;°C;1;-40.0;800.0;
2025.10.27 00:00:00.000 GMT+00:00;339.5;195;23MAA10CT111§§XQ01;28312453;T М ВЕРХ ЦВД ПАРВ ОХЛП ВД;°C;1;0.0;600.0;
2025.10.27 00:00:00.000 GMT+00:00;340.8;195;23MAA10CT112§§XQ01;28312429;T М НИЗ ЦВД ЗОНА ВД;°C;1;0.0;600.0;
2025.10.27 00:00:00.000 GMT+00:00;199.35599;195;23MAA10CT113§§XQ01;28312430;T М ВЕРХ ЦВД ЗОНА НД;°C;1;0.0;600.0;
2025.10.27 00:00:00.000 GMT+00:00;199.79485;195;23MAA10CT114§§XQ01;28312304;T М НИЗ ЦВД ЗОНА НД;°C;1;0.0;600.0;
2025.10.27 00:00:00.000 GMT+00:00;337.5;195;23MAA10CT117§§XQ01;28312331;T ПВ ОХЛЕРХ ЛЕВ ФЛ ЦВД;°C;1;0.0;600.0;
2025.10.27 00:00:00.000 GMT+00:00;338.90002;195;23MAA10CT118§§XQ01;28312567;T ПВ ОХЛЕРХ ПР ФЛ ЦВД;°C;1;0.0;600.0;
2025.10.27 00:00:00.000 GMT+00:00;390.10004;195;23MAA10CT121§§XQ01;28312410;T М ВНУТР ЦИЛ ЦВД;°C;1;0.0;600.0;
2025.10.27 00:00:00.000 GMT+00:00;345.0;195;23MAA10CT123§§XQ01;28312492;T ЛЕВ ФЛ ЦВД Г/П;°C;1;0.0;600.0;
2025.10.27 00:00:00.000 GMT+00:00;349.8008;195;23MAA10CT124§§XQ01;28312421;T ПР ФЛ ЦВД Г/П;°C;1;0.0;600.0;
2025.10.27 00:00:00.000 GMT+00:00;0.0;195;23MAA10FT111§§XQ01;28315135;dT М ВНУТР ЦИЛ ЦВД;°C/мин;1;0.0;100.0;
2025.10.27 00:00:00.000 GMT+00:00;3.0517578E-5;195;23MAA10FT112§§XQ01;28315136;dT М ВНУТР ЦИЛ ЦВД;°C/мин;1;0.0;100.0;
2025.10.27 00:00:00.000 GMT+00:00;-0.020828247;195;23MAA10FT113§§XQ01;28315138;dT М ВНУТР ЦИЛ ЦВД;°C/мин;1;0.0;100.0;
2025.10.27 00:00:00.000 GMT+00:00;-0.11682129;195;23MAA10FT114§§XQ01;28315133;dT М ВНУТР ЦИЛ ЦВД;°C/мин;1;0.0;100.0;
2025.10.27 00:00:00.000 GMT+00:00;0.0;195;23MAA10FT117§§XQ01;28315144;dT М ВНУТР ЦИЛ ЦВД;°C/мин;1;0.0;100.0;
2025.10.27 00:00:00.000 GMT+00:00;0.0;195;23MAA10FT118§§XQ01;28315141;dT М ВНУТР ЦИЛ ЦВД;°C/мин;1;0.0;100.0;
2025.10.27 00:00:00.000 GMT+00:00;0.0;11;23MAA10FT121§256839§OUT;28315132;Difference;°C/мин;2;0.0;100.0;
2025.10.27 00:00:00.000 GMT+00:00;-0.038604736;195;23MAA10FT121§§XQ01;28315130;dT М ВНУТР ЦИЛ ЦВД;°C/мин;1;0.0;100.0;
2025.10.27 00:00:00.000 GMT+00:00;0.0;195;23MAA10FT123§§XQ01;28315143;dT М ВНУТР ЦИЛ ЦВД;°C/мин;1;0.0;100.0;
2025.10.27 00:00:00.000 GMT+00:00;-0.098083496;195;23MAA10FT124§§XQ01;28315134;dT М ВНУТР ЦИЛ ЦВД;°C/мин;1;0.0;100.0;
2025.10.27 00:00:00.000 GMT+00:00;25.746527;195;23MAA11CG001§§XQ01;28313740;ИЗМЕРЕНИЕ ПОЛОЖЕНИЯ РК ВД 1 ПT23;мм;1;0.0;50.0;
2025.10.27 00:00:00.000 GMT+00:00;51.493053;195;23MAA11CG001§§XQ02;28313739;ИЗМЕРЕНИЕ ПОЛОЖЕНИЯ РК ВД 1 ПT23;%;1;0.0;100.0;
2025.10.27 00:00:00.000 GMT+00:00;0.0;227;23MAA11CG001§§XQ50;28313772;ВРЕМЯ ЗАКРЫТИЯ РК ВД 1 ПТ23;сек;1;0.0;5.0;
2025.10.27 00:00:00.000 GMT+00:00;488.2;195;23MAA11CT101§§XQ01;28312334;T М ПП/ТР ВД;°C;1;0.0;600.0;
2025.10.27 00:00:00.000 GMT+00:00;25.555555;195;23MAA12CG001§§XQ01;28313787;ИЗМЕРЕНИЕ ПОЛОЖЕНИЯ РК ВД 2 ПТ23;мм;1;0.0;50.0;
2025.10.27 00:00:00.000 GMT+00:00;51.11111;195;23MAA12CG001§§XQ02;28313788;ИЗМЕРЕНИЕ ПОЛОЖЕНИЯ РК ВД 2 ПТ23;%;1;0.0;100.0;
2025.10.27 00:00:00.000 GMT+00:00;0.0;227;23MAA12CG001§§XQ50;28313691;ВРЕМЯ ЗАКРЫТИЯ РК ВД 2 ПТ23;сек;1;0.0;5.0;
2025.10.27 00:00:00.000 GMT+00:00;489.10004;195;23MAA12CT101§§XQ01;28312270;T М ПП/ТР ВД;°C;1;0.0;600.0;
2025.10.27 00:00:00.000 GMT+00:00;150.0;195;23MAA12DG010§§XQ01;28313695;ОГРАНИЧЕНИЕ ПОЛОЖЕНИЯ РК ВД;мА;1;0.0;150.0;
2025.10.27 00:00:00.000 GMT+00:00;150.0;195;23MAA12DG010§§XQ21;28313802;ОГРАНИЧЕНИЕ ПОЛОЖЕНИЯ РК ВД;;1;0.0;150.0;
2025.10.27 00:00:00.000 GMT+00:00;100.005;195;23MAA12DG010§§XQ31;28313794;ОГРАНИЧЕНИЕ ПОЛОЖЕНИЯ РК ВД;%;1;0.0;100.0;
2025.10.27 00:00:00.000 GMT+00:00;-1.6666666;195;23MAB01CP001§§XQ01;28312508;dP СТК СК НД;кПа;1;0.0;160.0;
2025.10.27 00:00:00.000 GMT+00:00;221.6;195;23MAB01CT001§§XQ01;28312346;T П СК НД;°C;1;0.0;400.0;
2025.10.27 00:00:00.000 GMT+00:00;213.20001;195;23MAB01CT101§§XQ01;28312330;T М СК НД;°C;1;0.0;400.0;
2025.10.27 00:00:00.000 GMT+00:00;5.056758;195;23MAB02CP001§§XQ01;28312349;dP СТК СК НД;кПа;1;0.0;160.0;
2025.10.27 00:00:00.000 GMT+00:00;219.5;195;23MAB02CT001§§XQ01;28312323;T П СК НД;°C;1;0.0;400.0;
2025.10.27 00:00:00.000 GMT+00:00;207.27896;195;23MAB02CT101§§XQ01;28312563;T М СК НД;°C;1;0.0;400.0;
2025.10.27 00:00:00.000 GMT+00:00;14.291817;195;23MAB10CG901§§XQ01;28313750;ИЗМЕРЕНИЕ ПОЛОЖЕНИЯ РК НД;мм;1;0.0;150.0;
2025.10.27 00:00:00.000 GMT+00:00;14.291817;195;23MAB11CG001§§XQ01;28313742;ИЗМЕРЕНИЕ ПОЛОЖЕНИЯ РК НД 1 ПТ23;мм;1;0.0;115.0;
2025.10.27 00:00:00.000 GMT+00:00;12.427592;195;23MAB11CG001§§XQ02;28313743;ИЗМЕРЕНИЕ ПОЛОЖЕНИЯ РК НД 1 ПТ23;%;1;0.0;100.0;
2025.10.27 00:00:00.000 GMT+00:00;0.0;227;23MAB11CG001§§XQ50;28313798;ВРЕМЯ ЗАКРЫТИЯ РК НД 1 ПТ23;сек;1;0.0;5.0;
2025.10.27 00:00:00.000 GMT+00:00;210.91151;195;23MAB11CT101§§XQ01;28312370;T М ПП/ТР НД;°C;1;0.0;600.0;
2025.10.27 00:00:00.000 GMT+00:00;8.526833;195;23MAB12CG001§§XQ01;28313726;ИЗМЕРЕНИЕ ПОЛОЖЕНИЯ РК НД 2 ПТ23;мм;1;0.0;115.0;
2025.10.27 00:00:00.000 GMT+00:00;7.4218307;195;23MAB12CG001§§XQ02;28313725;ИЗМЕРЕНИЕ ПОЛОЖЕНИЯ РК НД 2 ПТ23;%;1;0.0;200.0;
2025.10.27 00:00:00.000 GMT+00:00;0.0;227;23MAB12CG001§§XQ50;28313781;ВРЕМЯ ЗАКРЫТИЯ РК НД 2 ПТ23;сек;1;0.0;5.0;
2025.10.27 00:00:00.000 GMT+00:00;205.75005;195;23MAB12CT101§§XQ01;28312340;T М ПП/ТР НД;°C;1;0.0;400.0;
2025.10.27 00:00:00.000 GMT+00:00;150.0;227;23MAB12DG010§§XQ01;28313796;ОГРАНИЧЕНИЕ ПОЛОЖЕНИЯ РК НД;мА;1;0.0;150.0;
2025.10.27 00:00:00.000 GMT+00:00;150.0;227;23MAB12DG010§§XQ21;28313749;ОГРАНИЧЕНИЕ ПОЛОЖЕНИЯ РК НД;;1;0.0;150.0;
2025.10.27 00:00:00.000 GMT+00:00;100.005;227;23MAB12DG010§§XQ31;28313779;ОГРАНИЧЕНИЕ ПОЛОЖЕНИЯ РК НД;%;1;0.0;100.0;
2025.10.27 00:00:00.000 GMT+00:00;205.93103;195;23MAB20CT101§§XQ01;28312400;T М ПМЧ П НД ВЫХ СК;°C;1;-40.0;800.0;
2025.10.27 00:00:00.000 GMT+00:00;-0.3689236;195;23MAC10CG001§§XQ01;28313707;ИЗМЕРЕНИЕ ПОЛОЖЕНИЯ ПД ПТ23;мм;1;0.0;150.0;
2025.10.27 00:00:00.000 GMT+00:00;-0.2170139;195;23MAC10CG001§§XQ02;28313706;ИЗМЕРЕНИЕ ПОЛОЖЕНИЯ ПД ПТ23;%;1;0.0;100.0;
2025.10.27 00:00:00.000 GMT+00:00;0.0;227;23MAC10CG001§§XQ50;28313752;ВРЕМЯ ЗАКРЫТИЯ ПД ПТ23;сек;1;0.0;5.0;
2025.10.27 00:00:00.000 GMT+00:00;33.900005;195;23MAC10CT001§§XQ01;28312522;T П ВЫХЛ ЦНД 1;°C;1;0.0;200.0;
2025.10.27 00:00:00.000 GMT+00:00;34.300014;195;23MAC10CT002§§XQ01;28312350;T П ВЫХЛ ЦНД 2;°C;1;0.0;200.0;
2025.10.27 00:00:00.000 GMT+00:00;34.300186;195;23MAC10CT003§§XQ01;28312459;T П ВЫХЛ ЦНД 3;°C;1;0.0;200.0;
2025.10.27 00:00:00.000 GMT+00:00;33.80002;195;23MAC10CT004§§XQ01;28312397;T П ВЫХЛ ЦНД 4;°C;1;0.0;200.0;
2025.10.27 00:00:00.000 GMT+00:00;150.0;227;23MAC11DG010§§XQ21;28313746;ОГРАНИЧЕНИЕ ПОЛОЖЕНИЯ ДИАФРАГМЫ;мА;1;0.0;150.0;
2025.10.27 00:00:00.000 GMT+00:00;100.0005;227;23MAC11DG010§§XQ31;28313732;ОГРАНИЧЕНИЕ ПОЛОЖЕНИЯ ДИАФРАГМЫ;%;1;0.0;100.0;
2025.10.27 00:00:00.000 GMT+00:00;150.0;227;23MAC11DG010§§XQ52;28313703;ОГРАНИЧЕНИЕ ПОЛОЖЕНИЯ ПД;мА;1;0.0;150.0;
2025.10.27 00:00:00.000 GMT+00:00;0.0;11;23MAD00EU002§257514§OUT;28315341;Output Value;%;2;0.0;100.0;
2025.10.27 00:00:00.000 GMT+00:00;0.0;11;23MAD00EU002§257514§O_MODE;28315340;Active Output Mode;;2;0.0;100.0;
2025.10.27 00:00:00.000 GMT+00:00;0.85486215;195;23MAD10EY105§92548§OUT;28312305;Output Value;;1;0.0;100.0;
2025.10.27 00:00:00.000 GMT+00:00;0.64488626;195;23MAD10EY105§92549§OUT;28312578;Output Value;;1;0.0;100.0;
2025.10.27 00:00:00.000 GMT+00:00;0.39460742;195;23MAD10EY105§92563§OUT;28312566;Output Value;;1;0.0;100.0;
2025.10.27 00:00:00.000 GMT+00:00;1.8541352;195;23MAD10EY105§92564§OUT;28312335;Output Value;;1;0.0;100.0;
2025.10.27 00:00:00.000 GMT+00:00;0.39460742;195;23MAD10EY105§93234§OUT;28312360;Output Value;;1;0.0;100.0;
2025.10.27 00:00:00.000 GMT+00:00;0.64488626;195;23MAD10EY105§93235§OUT;28312628;Output Value;;1;0.0;100.0;
2025.10.27 00:00:00.000 GMT+00:00;1.0532175;195;23MAD10EY105§93236§OUT;28312240;Output Value;;1;0.0;100.0;
2025.10.27 00:00:00.000 GMT+00:00;0.5105339;195;23MAD10EY105§93238§OUT;28312533;Output Value;;1;0.0;100.0;
2025.10.27 00:00:00.000 GMT+00:00;1.8541352;195;23MAD10EY105§93239§OUT;28312241;Output Value;;1;0.0;100.0;
2025.10.27 00:00:00.000 GMT+00:00;0.85486215;195;23MAD10EY105§93240§OUT;28312256;Output Value;;1;0.0;100.0;
2025.10.27 00:00:00.000 GMT+00:00;1.0532175;195;23MAD10EY105§§XQ02;28312568;ЗАЩ ПВШ ВИБР ПДШ 2К;;1;0.0;100.0;
2025.10.27 00:00:00.000 GMT+00:00;0.5105339;195;23MAD10EY105§§XQ03;28312574;ЗАЩ ПВШ ВИБР ПДШ 2К;;1;0.0;100.0;
2025.10.27 00:00:00.000 GMT+00:00;52.336918;195;23MAD11CT001§§XQ01;28312257;T МСЛ СЛИВ ПОДШ 1;°C;1;0.0;120.0;
2025.10.27 00:00:00.000 GMT+00:00;59.899994;195;23MAD11CT011§§XQ01;28312423;T БАБ ВКЛАД ПОДШ 1;°C;1;0.0;150.0;
2025.10.27 00:00:00.000 GMT+00:00;62.100006;195;23MAD11CT012§§XQ01;28312411;T БАБ ВКЛАД ПОДШ 1;°C;1;0.0;150.0;
2025.10.27 00:00:00.000 GMT+00:00;54.700146;195;23MAD11CT021§§XQ01;28312448;T БАБ УПОДШ 1;°C;1;0.0;150.0;
2025.10.27 00:00:00.000 GMT+00:00;56.200012;195;23MAD11CT022§§XQ01;28312520;T БАБ УПОДШ 2;°C;1;0.0;150.0;
2025.10.27 00:00:00.000 GMT+00:00;54.499996;195;23MAD11CT023§§XQ01;28312480;T БАБ УПОДШ 3;°C;1;0.0;150.0;
2025.10.27 00:00:00.000 GMT+00:00;55.30241;195;23MAD11CT024§§XQ01;28312357;T БАБ УПОДШ 4;°C;1;0.0;150.0;
2025.10.27 00:00:00.000 GMT+00:00;54.599606;195;23MAD11CT025§§XQ01;28312344;T БАБ УПОДШ 5;°C;1;0.0;150.0;
2025.10.27 00:00:00.000 GMT+00:00;53.608086;195;23MAD11CT026§§XQ01;28312407;T БАБ УПОДШ 6;°C;1;0.0;150.0;
2025.10.27 00:00:00.000 GMT+00:00;52.90001;195;23MAD11CT027§§XQ01;28312590;T БАБ УПОДШ 7;°C;1;0.0;150.0;
2025.10.27 00:00:00.000 GMT+00:00;53.09711;195;23MAD11CT028§§XQ01;28312409;T БАБ УПОДШ 8;°C;1;0.0;150.0;
2025.10.27 00:00:00.000 GMT+00:00;53.399902;195;23MAD11CT029§§XQ01;28312446;T БАБ УПОДШ 9;°C;1;0.0;150.0;
2025.10.27 00:00:00.000 GMT+00:00;54.690445;195;23MAD11CT030§§XQ01;28312498;T БАБ УПОДШ 10;°C;1;0.0;150.0;
2025.10.27 00:00:00.000 GMT+00:00;62.048283;195;23MAD11CT031§§XQ01;28312605;T БАБ УПОДШ 11;°C;1;0.0;150.0;
2025.10.27 00:00:00.000 GMT+00:00;57.604576;195;23MAD11CT032§§XQ01;28312449;T БАБ УПОДШ 12;°C;1;0.0;150.0;
2025.10.27 00:00:00.000 GMT+00:00;59.100002;195;23MAD11CT033§§XQ01;28312472;T БАБ УПОДШ 13;°C;1;0.0;150.0;
2025.10.27 00:00:00.000 GMT+00:00;58.80001;195;23MAD11CT034§§XQ01;28312539;T БАБ УПОДШ 14;°C;1;0.0;150.0;
2025.10.27 00:00:00.000 GMT+00:00;60.100006;195;23MAD11CT035§§XQ01;28312408;T БАБ УПОДШ 15;°C;1;0.0;150.0;
2025.10.27 00:00:00.000 GMT+00:00;62.100014;195;23MAD11CT036§§XQ01;28312390;T БАБ УПОДШ 16;°C;1;0.0;150.0;
2025.10.27 00:00:00.000 GMT+00:00;65.4;195;23MAD11CT037§§XQ01;28312556;T БАБ УПОДШ 17;°C;1;0.0;150.0;
2025.10.27 00:00:00.000 GMT+00:00;66.4;195;23MAD11CT038§§XQ01;28312274;T БАБ УПОДШ 18;°C;1;0.0;150.0;
2025.10.27 00:00:00.000 GMT+00:00;65.58573;195;23MAD11CT039§§XQ01;28312395;T БАБ УПОДШ 19;°C;1;0.0;150.0;
2025.10.27 00:00:00.000 GMT+00:00;60.60352;195;23MAD11CT040§§XQ01;28312235;T БАБ УПОДШ 20;°C;1;0.0;150.0;
2025.10.27 00:00:00.000 GMT+00:00;0.6769323;195;23MAD11CY001§§XQ01;28312251;ВИБР (В) ОПОРА ПОДШ 1;мм/с;1;0.0;15.0;
2025.10.27 00:00:00.000 GMT+00:00;1.0555398;195;23MAD11CY002§§XQ01;28312514;ВИБР (П) ОПОРА ПОДШ 1;мм/с;1;0.0;15.0;
2025.10.27 00:00:00.000 GMT+00:00;0.7843546;195;23MAD11CY003§§XQ01;28312315;ВИБР (О) ОПОРА ПОДШ 1;мм/с;1;0.0;15.0;
2025.10.27 00:00:00.000 GMT+00:00;11.744995;195;23MAD11CY004§§XQ01;28312325;ВИБР (В) РОТ ПОДШ 1;мкм;1;0.0;500.0;
2025.10.27 00:00:00.000 GMT+00:00;99.810425;195;23MAD11CY005§§XQ01;28312402;ВИБР (П) РОТ ПОДШ 1;мкм;1;0.0;500.0;
2025.10.27 00:00:00.000 GMT+00:00;-0.21985735;195;23MAD11CY006§§XQ01;28312392;ОС РОТ;мм;1;-2.5;1.5;
2025.10.27 00:00:00.000 GMT+00:00;13.107638;195;23MAD11CY008§§XQ01;28312572;ТРЦ ЦВД;мм;1;0.0;50.0;
2025.10.27 00:00:00.000 GMT+00:00;-0.15552236;195;23MAD11CY016§§XQ01;28312307;ОС РОТ;мм;1;-2.5;1.5;
2025.10.27 00:00:00.000 GMT+00:00;-0.024124606;195;23MAD11CY026§§XQ01;28312405;ОС РОТ;мм;1;-2.5;1.5;
2025.10.27 00:00:00.000 GMT+00:00;-0.16803296;195;23MAD11CY036§§XQ01;28312535;ОС РОТ;мм;1;-2.5;1.5;
2025.10.27 00:00:00.000 GMT+00:00;57.2;195;23MAD12CT001§§XQ01;28312513;T МСЛ СЛИВ ПОДШ 2;°C;1;0.0;120.0;
2025.10.27 00:00:00.000 GMT+00:00;65.80002;195;23MAD12CT011§§XQ01;28312394;T БАБ ВКЛАД ПОДШ 2;°C;1;0.0;150.0;
2025.10.27 00:00:00.000 GMT+00:00;63.30002;195;23MAD12CT012§§XQ01;28312338;T БАБ ВКЛАД ПОДШ 2;°C;1;0.0;150.0;
2025.10.27 00:00:00.000 GMT+00:00;0.8721695;195;23MAD12CY001§§XQ01;28312377;ВИБР (В) ОПОРА ПОДШ 2;мм/с;1;0.0;15.0;
2025.10.27 00:00:00.000 GMT+00:00;0.5176156;195;23MAD12CY002§§XQ01;28312497;ВИБР (П) ОПОРА ПОДШ 2;мм/с;1;0.0;15.0;
2025.10.27 00:00:00.000 GMT+00:00;0.9102582;195;23MAD12CY003§§XQ01;28312593;ВИБР (О) ОПОРА ПОДШ 2;мм/с;1;0.0;15.0;
2025.10.27 00:00:00.000 GMT+00:00;7.09035;195;23MAD12CY004§§XQ01;28312591;ВИБР (В) РОТ ПОДШ 2;мкм;1;0.0;500.0;
2025.10.27 00:00:00.000 GMT+00:00;4.6122866;195;23MAD12CY005§§XQ01;28312558;ВИБР (П) РОТ ПОДШ 2;мкм;1;0.0;500.0;
2025.10.27 00:00:00.000 GMT+00:00;2.3679354;195;23MAD12CY007§§XQ01;28312391;ООР ЦВД;мм;1;-4.0;8.0;
2025.10.27 00:00:00.000 GMT+00:00;60.200012;195;23MAD13CT001§§XQ01;28312363;T МСЛ СЛИВ ПОДШ 3;°C;1;0.0;120.0;
2025.10.27 00:00:00.000 GMT+00:00;75.3;195;23MAD13CT011§§XQ01;28312604;T БАБ ВКЛАД ПОДШ 3;°C;1;0.0;150.0;
2025.10.27 00:00:00.000 GMT+00:00;72.10014;195;23MAD13CT012§§XQ01;28312244;T БАБ ВКЛАД ПОДШ 3;°C;1;0.0;150.0;
2025.10.27 00:00:00.000 GMT+00:00;0.9034062;195;23MAD13CY001§§XQ01;28312455;ВИБР (В) ОПОРА ПОДШ 3;мм/с;1;0.0;15.0;
2025.10.27 00:00:00.000 GMT+00:00;0.86264014;195;23MAD13CY002§§XQ01;28312368;ВИБР (П) ОПОРА ПОДШ 3;мм/с;1;0.0;15.0;
2025.10.27 00:00:00.000 GMT+00:00;0.95037925;195;23MAD13CY003§§XQ01;28312490;ВИБР (О) ОПОРА ПОДШ 3;мм/с;1;0.0;15.0;
2025.10.27 00:00:00.000 GMT+00:00;1.7361112;195;23MAD13CY004§§XQ01;28312586;ВИБР (В) РОТ ПОДШ 3;мкм;1;0.0;500.0;
2025.10.27 00:00:00.000 GMT+00:00;3.6200864;195;23MAD13CY005§§XQ01;28312633;ВИБР (П) РОТ ПОДШ 3;мкм;1;0.0;500.0;
2025.10.27 00:00:00.000 GMT+00:00;55.199852;195;23MAD14CT001§§XQ01;28312561;T МСЛ СЛИВ ПОДШ 4;°C;1;0.0;120.0;
2025.10.27 00:00:00.000 GMT+00:00;71.8998;195;23MAD14CT011§§XQ01;28312551;T БАБ ВКЛАД ПОДШ 4;°C;1;0.0;150.0;
2025.10.27 00:00:00.000 GMT+00:00;74.399994;195;23MAD14CT012§§XQ01;28312380;T БАБ ВКЛАД ПОДШ 4;°C;1;0.0;150.0;
2025.10.27 00:00:00.000 GMT+00:00;3.1591146;195;23MAD14CY001§§XQ01;28312243;ВИБР (В) ОПОРА ПОДШ 4;мм/с;1;0.0;15.0;
2025.10.27 00:00:00.000 GMT+00:00;0.64671165;195;23MAD14CY002§§XQ01;28312389;ВИБР (П) ОПОРА ПОДШ 4;мм/с;1;0.0;15.0;
2025.10.27 00:00:00.000 GMT+00:00;1.3536724;195;23MAD14CY003§§XQ01;28312237;ВИБР (О) ОПОРА ПОДШ 4;мм/с;1;0.0;15.0;
2025.10.27 00:00:00.000 GMT+00:00;20.399176;195;23MAD14CY004§§XQ01;28312440;ВИБР (В) РОТ ПОДШ 4;мкм;1;0.0;500.0;
2025.10.27 00:00:00.000 GMT+00:00;-49.98553;35;23MAD14CY005§§XQ01;28312612;ВИБР (П) РОТ ПОДШ 4;мкм;1;0.0;500.0;
2025.10.27 00:00:00.000 GMT+00:00;4.5069413;195;23MAD14CY007§§XQ01;28312499;ООР ЦНД;мм;1;-4.0;8.0;
2025.10.27 00:00:00.000 GMT+00:00;-9.997107;35;23MAD99CP005§§XQ01;28312232;РЕЗЕРВ;%;1;0.0;100.0;
2025.10.27 00:00:00.000 GMT+00:00;5.4093666;195;23MAG11CP001§§XQ01;28312489;P КНДР;кПа;1;0.0;100.0;
2025.10.27 00:00:00.000 GMT+00:00;5.324074;195;23MAG11CP002§§XQ01;28312275;P КНДР;кПа;1;0.0;160.0;
2025.10.27 00:00:00.000 GMT+00:00;5.489259;195;23MAG11CP003§§XQ01;28312311;P КНДР;кПа;1;0.0;160.0;
2025.10.27 00:00:00.000 GMT+00:00;3.0;227;23MAG11CP901§1118019§O_MODE;28312367;Active Output Mode;;1;0.0;100.0;
2025.10.27 00:00:00.000 GMT+00:00;5.3724957;195;23MAG11CP901§§XQ01;28312451;P КНДР КОРП 1;кПа;1;0.0;160.0;
2025.10.27 00:00:00.000 GMT+00:00;736.72284;195;23MAG12CL001§§XQ01;28312463;L КНДР;мм;1;0.0;1000.0;
2025.10.27 00:00:00.000 GMT+00:00;678.5767;195;23MAG12CL002§§XQ01;28312379;L КНДР;мм;1;0.0;1000.0;
2025.10.27 00:00:00.000 GMT+00:00;-0.9997106;35;23MAG12CL003§§XQ01;28312445;L КНДР;мм;1;0.0;10.0;
2025.10.27 00:00:00.000 GMT+00:00;707.5045;195;23MAG12CL901§§XQ01;28312420;СР L КНДР;мм;1;0.0;1000.0;
2025.10.27 00:00:00.000 GMT+00:00;5.433769;195;23MAG12CP001§§XQ01;28312481;P КНДР;кПа;1;0.0;100.0;
2025.10.27 00:00:00.000 GMT+00:00;5.6018515;195;23MAG12CP002§QTY_SET§OUT;28315334;Sum;;1;0.0;100.0;
2025.10.27 00:00:00.000 GMT+00:00;5.603103;195;23MAG12CP002§§XQ01;28312312;P КНДР;кПа;1;0.0;160.0;
2025.10.27 00:00:00.000 GMT+00:00;5.64817;195;23MAG12CP003§§XQ01;28312608;P КНДР;кПа;1;0.0;160.0;
2025.10.27 00:00:00.000 GMT+00:00;3.0;227;23MAG12CP901§1118019§O_MODE;28312621;Active Output Mode;;1;0.0;100.0;
2025.10.27 00:00:00.000 GMT+00:00;5.628997;195;23MAG12CP901§§XQ01;28312531;P КНДР КОРП 2;кПа;1;0.0;160.0;
2025.10.27 00:00:00.000 GMT+00:00;-32.172623;195;23MAG12DL001§245265§OUT;28312294;Output Value;;1;0.0;100.0;
2025.10.27 00:00:00.000 GMT+00:00;-0.61710787;195;23MAG12DL001§§ER_12;28312233;РЕГ L КОНД НОРМ и АВАР;%;1;-100.0;100.0;
2025.10.27 00:00:00.000 GMT+00:00;700.0;195;23MAG12DL001§§XQ02;28312322;РЕГ L КОНД НОРМ и АВАР;мм;1;650.0;900.0;
2025.10.27 00:00:00.000 GMT+00:00;0.51123697;195;23MAG12DL002§НЕБАЛАНС§OUT;28312342;Difference;%;1;-100.0;100.0;
2025.10.27 00:00:00.000 GMT+00:00;1722.0929;195;23MAJ20CL001§§XQ01;28312594;L № 1 Б ПНЭ;мм;1;0.0;2500.0;
2025.10.27 00:00:00.000 GMT+00:00;1741.0963;195;23MAJ20CL002§§XQ01;28315337;L № 2 Б ПНЭ;мм;1;0.0;2500.0;
2025.10.27 00:00:00.000 GMT+00:00;1700.0;227;23MAJ20DL001§242851§OUT;28312532;Output Value;мм;1;1900.0;2100.0;
2025.10.27 00:00:00.000 GMT+00:00;0.0;195;23MAJ20DL001§244777§OUT;28312435;Output Value;;1;0.0;100.0;
2025.10.27 00:00:00.000 GMT+00:00;19.908499;195;23MAJ30CT001§§XQ01;28312519;T ВСАС 23НЭП;°C;1;-50.0;200.0;
2025.10.27 00:00:00.000 GMT+00:00;0.0;227;23MAJ31AP001§3217121§MAINTAL;28314715;Maintenance Alarm Limit;;1;0.0;100.0;
2025.10.27 00:00:00.000 GMT+00:00;0.0;227;23MAJ31AP001§3217121§MAINTINT;28314562;Maintenance Interval (hours);;1;0.0;100.0;
2025.10.27 00:00:00.000 GMT+00:00;0.0;227;23MAJ31AP001§3217122§MAINTAL;28314525;Maintenance Alarm Limit;;1;0.0;100.0;
2025.10.27 00:00:00.000 GMT+00:00;0.0;227;23MAJ31AP001§3217122§MAINTINT;28314807;Maintenance Interval (hours);;1;0.0;100.0;
2025.10.27 00:00:00.000 GMT+00:00;74282.03;195;23MAJ31AP001§§XQ11;28314051;23НЭП-1;;1;0.0;100.0;
2025.10.27 00:00:00.000 GMT+00:00;256.0;195;23MAJ31AP001§§XQ12;28314050;23НЭП-1;;1;0.0;100.0;
2025.10.27 00:00:00.000 GMT+00:00;74282.03;195;23MAJ31AP001§§XQ13;28314055;23НЭП-1;;1;0.0;100.0;
2025.10.27 00:00:00.000 GMT+00:00;256.0;195;23MAJ31AP001§§XQ14;28314053;23НЭП-1;;1;0.0;100.0;
2025.10.27 00:00:00.000 GMT+00:00;1.9132161E-5;195;23MAJ31CE002§§XQ01;28312444;I 23НЭП 1;А;1;0.0;100.0;
2025.10.27 00:00:00.000 GMT+00:00;0.6297178;195;23MAJ31CP001§§XQ01;28312466;P  23НЭП 23MAJ31AP001;МПа;1;0.0;1.0;
2025.10.27 00:00:00.000 GMT+00:00;-0.09997106;35;23MAJ31CP002§§XQ01;28312258;P НАП 23НЭП 23MAJ31AP001;МПа;1;0.0;1.0;
2025.10.27 00:00:00.000 GMT+00:00;0.0;227;23MAJ32AP001§3217121§MAINTAL;28314448;Maintenance Alarm Limit;;1;0.0;100.0;
2025.10.27 00:00:00.000 GMT+00:00;0.0;227;23MAJ32AP001§3217121§MAINTINT;28314282;Maintenance Interval (hours);;1;0.0;100.0;
2025.10.27 00:00:00.000 GMT+00:00;0.0;227;23MAJ32AP001§3217122§MAINTAL;28314205;Maintenance Alarm Limit;;1;0.0;100.0;
2025.10.27 00:00:00.000 GMT+00:00;0.0;227;23MAJ32AP001§3217122§MAINTINT;28314555;Maintenance Interval (hours);;1;0.0;100.0;
2025.10.27 00:00:00.000 GMT+00:00;74455.57;195;23MAJ32AP001§§XQ11;28314351;23НЭП-2;;1;0.0;100.0;
2025.10.27 00:00:00.000 GMT+00:00;194.0;195;23MAJ32AP001§§XQ12;28314366;23НЭП-2;;1;0.0;100.0;
2025.10.27 00:00:00.000 GMT+00:00;74455.57;195;23MAJ32AP001§§XQ13;28314367;23НЭП-2;;1;0.0;100.0;
2025.10.27 00:00:00.000 GMT+00:00;194.0;195;23MAJ32AP001§§XQ14;28314365;23НЭП-2;;1;0.0;100.0;
2025.10.27 00:00:00.000 GMT+00:00;16.073978;195;23MAJ32CE002§§XQ01;28312598;I 23НЭП 2;А;1;0.0;100.0;
2025.10.27 00:00:00.000 GMT+00:00;0.6320763;195;23MAJ32CP001§§XQ01;28312250;P  23НЭП 23MAJ32AP001;МПа;1;0.0;1.0;
2025.10.27 00:00:00.000 GMT+00:00;-0.09997106;35;23MAJ32CP002§§XQ01;28312277;P НАП 23НЭП 23MAJ32AP001;МПа;1;0.0;1.0;
2025.10.27 00:00:00.000 GMT+00:00;0.63265735;195;23MAJ40CP001§§XQ01;28312269;P В НАП ЛИН 23НЭП;МПа;1;0.0;1.0;
2025.10.27 00:00:00.000 GMT+00:00;24.509426;195;23MAJ41CG801§§XQ01;28312378;РК ТР СЛИВ ВХ ГРД;%;1;0.0;100.0;
2025.10.27 00:00:00.000 GMT+00:00;-9.997107;35;23MAJ60CG801§§XQ01;28312285;РК ПОДВ П ВХ ЭЖ РАСХОЛ;%;1;0.0;100.0;
2025.10.27 00:00:00.000 GMT+00:00;0.005555561;195;23MAJ60CP001§§XQ01;28312503;P П ЭЖ РАСХОЛ;МПа;1;0.0;1.6;
2025.10.27 00:00:00.000 GMT+00:00;0.0;227;23MAK10AE001§3217121§MAINTAL;28314065;Maintenance Alarm Limit;;1;0.0;100.0;
2025.10.27 00:00:00.000 GMT+00:00;0.0;227;23MAK10AE001§3217121§MAINTINT;28314492;Maintenance Interval (hours);;1;0.0;100.0;
2025.10.27 00:00:00.000 GMT+00:00;0.0;227;23MAK10AE001§3217122§MAINTAL;28314380;Maintenance Alarm Limit;;1;0.0;100.0;
2025.10.27 00:00:00.000 GMT+00:00;0.0;227;23MAK10AE001§3217122§MAINTINT;28314640;Maintenance Interval (hours);;1;0.0;100.0;
2025.10.27 00:00:00.000 GMT+00:00;6893.42;195;23MAK10AE001§§XQ11;28314390;ВПУ ПТ;;1;0.0;100.0;
2025.10.27 00:00:00.000 GMT+00:00;330.0;195;23MAK10AE001§§XQ12;28314393;ВПУ ПТ;;1;0.0;100.0;
2025.10.27 00:00:00.000 GMT+00:00;6893.42;195;23MAK10AE001§§XQ13;28314392;ВПУ ПТ;;1;0.0;100.0;
2025.10.27 00:00:00.000 GMT+00:00;330.0;195;23MAK10AE001§§XQ14;28314394;ВПУ ПТ;;1;0.0;100.0;
2025.10.27 00:00:00.000 GMT+00:00;0.14467593;195;23MAK10CE002§§XQ01;28312579;I ВПУ ПТ;А;1;0.0;100.0;
2025.10.27 00:00:00.000 GMT+00:00;0.0;227;23MAQ10AN001§3217121§MAINTAL;28314866;Maintenance Alarm Limit;;1;0.0;100.0;
2025.10.27 00:00:00.000 GMT+00:00;0.0;227;23MAQ10AN001§3217121§MAINTINT;28314289;Maintenance Interval (hours);;1;0.0;100.0;
2025.10.27 00:00:00.000 GMT+00:00;0.0;227;23MAQ10AN001§3217122§MAINTAL;28314290;Maintenance Alarm Limit;;1;0.0;100.0;
2025.10.27 00:00:00.000 GMT+00:00;0.0;227;23MAQ10AN001§3217122§MAINTINT;28314889;Maintenance Interval (hours);;1;0.0;100.0;
2025.10.27 00:00:00.000 GMT+00:00;98211.85;195;23MAQ10AN001§§XQ11;28314259;ЭКСГ СИСТ СМЗ;;1;0.0;100.0;
2025.10.27 00:00:00.000 GMT+00:00;164.0;195;23MAQ10AN001§§XQ12;28314258;ЭКСГ СИСТ СМЗ;;1;0.0;100.0;
2025.10.27 00:00:00.000 GMT+00:00;98211.85;195;23MAQ10AN001§§XQ13;28314261;ЭКСГ СИСТ СМЗ;;1;0.0;100.0;
2025.10.27 00:00:00.000 GMT+00:00;164.0;195;23MAQ10AN001§§XQ14;28314260;ЭКСГ СИСТ СМЗ;;1;0.0;100.0;
2025.10.27 00:00:00.000 GMT+00:00;6.603097;195;23MAQ10CE002§§XQ01;28312550;I ЭКСГ СИСТ СМЗ;А;1;0.0;50.0;
2025.10.27 00:00:00.000 GMT+00:00;0.0;227;23MAQ30AN001§3217121§MAINTAL;28314256;Maintenance Alarm Limit;;1;0.0;100.0;
2025.10.27 00:00:00.000 GMT+00:00;0.0;227;23MAQ30AN001§3217121§MAINTINT;28314124;Maintenance Interval (hours);;1;0.0;100.0;
2025.10.27 00:00:00.000 GMT+00:00;0.0;227;23MAQ30AN001§3217122§MAINTAL;28314547;Maintenance Alarm Limit;;1;0.0;100.0;
2025.10.27 00:00:00.000 GMT+00:00;0.0;227;23MAQ30AN001§3217122§MAINTINT;28314885;Maintenance Interval (hours);;1;0.0;100.0;
2025.10.27 00:00:00.000 GMT+00:00;92638.19;195;23MAQ30AN001§§XQ11;28314212;ЭКСГ СИСТ РЕГ;;1;0.0;100.0;
2025.10.27 00:00:00.000 GMT+00:00;209.0;195;23MAQ30AN001§§XQ12;28314213;ЭКСГ СИСТ РЕГ;;1;0.0;100.0;
2025.10.27 00:00:00.000 GMT+00:00;92638.19;195;23MAQ30AN001§§XQ13;28314210;ЭКСГ СИСТ РЕГ;;1;0.0;100.0;
2025.10.27 00:00:00.000 GMT+00:00;209.0;195;23MAQ30AN001§§XQ14;28314211;ЭКСГ СИСТ РЕГ;;1;0.0;100.0;
2025.10.27 00:00:00.000 GMT+00:00;5.338701;195;23MAQ30CE002§§XQ01;28312559;I ЭКСГ СИСТ РЕГ;А;1;0.0;50.0;
2025.10.27 00:00:00.000 GMT+00:00;0.0;227;23MAQ51AN001§3217121§MAINTAL;28314292;Maintenance Alarm Limit;;1;0.0;100.0;
2025.10.27 00:00:00.000 GMT+00:00;0.0;227;23MAQ51AN001§3217121§MAINTINT;28314534;Maintenance Interval (hours);;1;0.0;100.0;
2025.10.27 00:00:00.000 GMT+00:00;0.0;227;23MAQ51AN001§3217122§MAINTAL;28314657;Maintenance Alarm Limit;;1;0.0;100.0;
2025.10.27 00:00:00.000 GMT+00:00;0.0;227;23MAQ51AN001§3217122§MAINTINT;28314338;Maintenance Interval (hours);;1;0.0;100.0;
2025.10.27 00:00:00.000 GMT+00:00;53477.33;195;23MAQ51AN001§§XQ11;28314353;ВЕНТ КПУ 1;;1;0.0;100.0;
2025.10.27 00:00:00.000 GMT+00:00;163.0;195;23MAQ51AN001§§XQ12;28314354;ВЕНТ КПУ 1;;1;0.0;100.0;
2025.10.27 00:00:00.000 GMT+00:00;53477.33;195;23MAQ51AN001§§XQ13;28314356;ВЕНТ КПУ 1;;1;0.0;100.0;
2025.10.27 00:00:00.000 GMT+00:00;163.0;195;23MAQ51AN001§§XQ14;28314358;ВЕНТ КПУ 1;;1;0.0;100.0;
2025.10.27 00:00:00.000 GMT+00:00;0.10127315;195;23MAQ51CE002§§XQ01;28312525;I ВЕНТ КПУ 1;А;1;0.0;50.0;
2025.10.27 00:00:00.000 GMT+00:00;0.0;227;23MAQ52AN001§3217121§MAINTAL;28314743;Maintenance Alarm Limit;;1;0.0;100.0;
2025.10.27 00:00:00.000 GMT+00:00;0.0;227;23MAQ52AN001§3217121§MAINTINT;28314160;Maintenance Interval (hours);;1;0.0;100.0;
2025.10.27 00:00:00.000 GMT+00:00;0.0;227;23MAQ52AN001§3217122§MAINTAL;28314618;Maintenance Alarm Limit;;1;0.0;100.0;
2025.10.27 00:00:00.000 GMT+00:00;0.0;227;23MAQ52AN001§3217122§MAINTINT;28314379;Maintenance Interval (hours);;1;0.0;100.0;
2025.10.27 00:00:00.000 GMT+00:00;39171.02;195;23MAQ52AN001§§XQ11;28314194;ВЕНТ КПУ 2;;1;0.0;100.0;
2025.10.27 00:00:00.000 GMT+00:00;106.0;195;23MAQ52AN001§§XQ12;28314195;ВЕНТ КПУ 2;;1;0.0;100.0;
2025.10.27 00:00:00.000 GMT+00:00;39171.02;195;23MAQ52AN001§§XQ13;28314191;ВЕНТ КПУ 2;;1;0.0;100.0;
2025.10.27 00:00:00.000 GMT+00:00;106.0;195;23MAQ52AN001§§XQ14;28314193;ВЕНТ КПУ 2;;1;0.0;100.0;
2025.10.27 00:00:00.000 GMT+00:00;5.1661525;195;23MAQ52CE002§§XQ01;28312382;I ВЕНТ КПУ 2;А;1;0.0;50.0;
2025.10.27 00:00:00.000 GMT+00:00;131.3884;195;23MAV04CL001§§XQ01;28312526;L БГМ;мм;1;0.0;1000.0;
2025.10.27 00:00:00.000 GMT+00:00;469.77066;195;23MAV10CL001§§XQ01;28312381;L БСС;мм;1;0.0;1540.0;
2025.10.27 00:00:00.000 GMT+00:00;0.011014828;195;23MAV10CP001§§XQ01;28312624;P-P МБ СМЗ;кПа;1;0.0;2.5;
2025.10.27 00:00:00.000 GMT+00:00;51.399994;195;23MAV10CT001§§XQ01;28312345;T МСЛ МБ;°C;1;-50.0;200.0;
2025.10.27 00:00:00.000 GMT+00:00;534.612;195;23MAV10FL001§§XQ01;28312471;L БСС;мм;1;0.0;1000.0;
2025.10.27 00:00:00.000 GMT+00:00;0.0;227;23MAV11AP001§3217121§MAINTAL;28314155;Maintenance Alarm Limit;;1;0.0;100.0;
2025.10.27 00:00:00.000 GMT+00:00;0.0;227;23MAV11AP001§3217121§MAINTINT;28314192;Maintenance Interval (hours);;1;0.0;100.0;
2025.10.27 00:00:00.000 GMT+00:00;0.0;227;23MAV11AP001§3217122§MAINTAL;28314332;Maintenance Alarm Limit;;1;0.0;100.0;
2025.10.27 00:00:00.000 GMT+00:00;0.0;227;23MAV11AP001§3217122§MAINTINT;28314883;Maintenance Interval (hours);;1;0.0;100.0;
2025.10.27 00:00:00.000 GMT+00:00;48884.87;195;23MAV11AP001§§XQ11;28314105;23РМНС-1;;1;0.0;100.0;
2025.10.27 00:00:00.000 GMT+00:00;222.0;195;23MAV11AP001§§XQ12;28314106;23РМНС-1;;1;0.0;100.0;
2025.10.27 00:00:00.000 GMT+00:00;48884.87;195;23MAV11AP001§§XQ13;28314113;23РМНС-1;;1;0.0;100.0;
2025.10.27 00:00:00.000 GMT+00:00;222.0;195;23MAV11AP001§§XQ14;28314114;23РМНС-1;;1;0.0;100.0;
2025.10.27 00:00:00.000 GMT+00:00;45.779083;195;23MAV11CE002§§XQ01;28312541;I 23РМНС-1;А;1;0.0;100.0;
2025.10.27 00:00:00.000 GMT+00:00;0.0;227;23MAV12AP001§3217121§MAINTAL;28314167;Maintenance Alarm Limit;;1;0.0;100.0;
2025.10.27 00:00:00.000 GMT+00:00;0.0;227;23MAV12AP001§3217121§MAINTINT;28314510;Maintenance Interval (hours);;1;0.0;100.0;
2025.10.27 00:00:00.000 GMT+00:00;0.0;227;23MAV12AP001§3217122§MAINTAL;28314848;Maintenance Alarm Limit;;1;0.0;100.0;
2025.10.27 00:00:00.000 GMT+00:00;0.0;227;23MAV12AP001§3217122§MAINTINT;28314701;Maintenance Interval (hours);;1;0.0;100.0;
2025.10.27 00:00:00.000 GMT+00:00;49463.04;195;23MAV12AP001§§XQ11;28314128;23РМНС-2;;1;0.0;100.0;
2025.10.27 00:00:00.000 GMT+00:00;181.0;195;23MAV12AP001§§XQ12;28314127;23РМНС-2;;1;0.0;100.0;
2025.10.27 00:00:00.000 GMT+00:00;49463.04;195;23MAV12AP001§§XQ13;28314126;23РМНС-2;;1;0.0;100.0;
2025.10.27 00:00:00.000 GMT+00:00;181.0;195;23MAV12AP001§§XQ14;28314125;23РМНС-2;;1;0.0;100.0;
2025.10.27 00:00:00.000 GMT+00:00;1.8627406E-16;195;23MAV12CE002§§XQ01;28312502;I 23РМНС-2;А;1;0.0;100.0;
2025.10.27 00:00:00.000 GMT+00:00;0.0;227;23MAV13AP001§3217121§MAINTAL;28314474;Maintenance Alarm Limit;;1;0.0;100.0;
2025.10.27 00:00:00.000 GMT+00:00;0.0;227;23MAV13AP001§3217121§MAINTINT;28314514;Maintenance Interval (hours);;1;0.0;100.0;
2025.10.27 00:00:00.000 GMT+00:00;0.0;227;23MAV13AP001§3217122§MAINTAL;28314284;Maintenance Alarm Limit;;1;0.0;100.0;
2025.10.27 00:00:00.000 GMT+00:00;0.0;227;23MAV13AP001§3217122§MAINTINT;28314649;Maintenance Interval (hours);;1;0.0;100.0;
2025.10.27 00:00:00.000 GMT+00:00;1.02;195;23MAV13AP001§§XQ11;28314800;23АМНС-1;;1;0.0;100.0;
2025.10.27 00:00:00.000 GMT+00:00;166.0;195;23MAV13AP001§§XQ12;28314798;23АМНС-1;;1;0.0;100.0;
2025.10.27 00:00:00.000 GMT+00:00;1.02;195;23MAV13AP001§§XQ13;28314805;23АМНС-1;;1;0.0;100.0;
2025.10.27 00:00:00.000 GMT+00:00;166.0;195;23MAV13AP001§§XQ14;28314803;23АМНС-1;;1;0.0;100.0;
2025.10.27 00:00:00.000 GMT+00:00;0.19701108;195;23MAV13CE002§§XQ01;28312509;I 23АМНС-1;А;1;0.0;150.0;
2025.10.27 00:00:00.000 GMT+00:00;0.0;227;23MAV14AP001§3217121§MAINTAL;28314172;Maintenance Alarm Limit;;1;0.0;100.0;
2025.10.27 00:00:00.000 GMT+00:00;0.0;227;23MAV14AP001§3217121§MAINTINT;28314339;Maintenance Interval (hours);;1;0.0;100.0;
2025.10.27 00:00:00.000 GMT+00:00;0.0;227;23MAV14AP001§3217122§MAINTAL;28314132;Maintenance Alarm Limit;;1;0.0;100.0;
2025.10.27 00:00:00.000 GMT+00:00;0.0;227;23MAV14AP001§3217122§MAINTINT;28314837;Maintenance Interval (hours);;1;0.0;100.0;
2025.10.27 00:00:00.000 GMT+00:00;1.02;195;23MAV14AP001§§XQ11;28314163;23АМНС-2;;1;0.0;100.0;
2025.10.27 00:00:00.000 GMT+00:00;152.0;195;23MAV14AP001§§XQ12;28314159;23АМНС-2;;1;0.0;100.0;
2025.10.27 00:00:00.000 GMT+00:00;1.02;195;23MAV14AP001§§XQ13;28314158;23АМНС-2;;1;0.0;100.0;
2025.10.27 00:00:00.000 GMT+00:00;152.0;195;23MAV14AP001§§XQ14;28314157;23АМНС-2;;1;0.0;100.0;
2025.10.27 00:00:00.000 GMT+00:00;0.17364308;195;23MAV14CE002§§XQ01;28312359;I 23АМНС-2;А;1;0.0;150.0;
2025.10.27 00:00:00.000 GMT+00:00;52.80002;195;23MAV20CT001§§XQ01;28312565;T МСЛ ВХ Ф;°C;1;-50.0;200.0;
2025.10.27 00:00:00.000 GMT+00:00;44.15001;195;23MAV20CT901§§XQ01;28312343;T МАСЛА ВЫХ МО ПТ ЛОГ УПР;°C;1;-50.0;200.0;
2025.10.27 00:00:00.000 GMT+00:00;40.0;195;23MAV20DT001§233815§OUT;28312493;Output Value;;1;0.0;100.0;
2025.10.27 00:00:00.000 GMT+00:00;0.0;195;23MAV20DT001§233816§OUT;28312287;Output Value;;1;0.0;100.0;
2025.10.27 00:00:00.000 GMT+00:00;-2.2888184E-4;195;23MAV20DT001§233819§OUT;28312546;Difference;;1;0.0;100.0;
2025.10.27 00:00:00.000 GMT+00:00;2.193451E-4;195;23MAV20DT001§243544§OUT;28312470;Difference;;1;0.0;100.0;
2025.10.27 00:00:00.000 GMT+00:00;0.0;195;23MAV20DT001§244475§OUT;28312495;Output Value;;1;0.0;100.0;
2025.10.27 00:00:00.000 GMT+00:00;0.0;195;23MAV20DT001§§ER;28312576;РЕГ T МСЛ СМЗ ПОДШ ЛОГ УПР;;1;0.0;100.0;
2025.10.27 00:00:00.000 GMT+00:00;40.0;195;23MAV20DT001§§XQ02;28312263;РЕГ T МСЛ СМЗ ПОДШ ЛОГ УПР;°C;1;30.0;45.0;
2025.10.27 00:00:00.000 GMT+00:00;48.399994;195;23MAV21CT001§§XQ01;28312560;T МСЛ МОХЛ 1;°C;1;-50.0;200.0;
2025.10.27 00:00:00.000 GMT+00:00;40.0;195;23MAV22CT001§1ASMON§XQ01;28312616;T МСЛ МОХЛ 2;°C;1;-50.0;200.0;
2025.10.27 00:00:00.000 GMT+00:00;0.11815414;195;23MAV30CP001§§XQ01;28312385;P МСЛ СМЗ ПОДШ;МПа;1;0.0;0.25;
2025.10.27 00:00:00.000 GMT+00:00;0.059043914;195;23MAV30CP901§§XQ01;28312280;P МСЛ СМ ПОДШ ЛОГ УПР;МПа;1;0.0;0.25;
2025.10.27 00:00:00.000 GMT+00:00;43.899353;195;23MAV30CT001§§XQ01;28312549;T МСЛ СМЗ ПОДШ НИЖ 8;°C;1;10.0;60.0;
2025.10.27 00:00:00.000 GMT+00:00;0.0;227;23MAV51AP001§3217121§MAINTAL;28314204;Maintenance Alarm Limit;;1;0.0;100.0;
2025.10.27 00:00:00.000 GMT+00:00;0.0;227;23MAV51AP001§3217121§MAINTINT;28314178;Maintenance Interval (hours);;1;0.0;100.0;
2025.10.27 00:00:00.000 GMT+00:00;0.0;227;23MAV51AP001§3217122§MAINTAL;28314203;Maintenance Alarm Limit;;1;0.0;100.0;
2025.10.27 00:00:00.000 GMT+00:00;0.0;227;23MAV51AP001§3217122§MAINTINT;28314659;Maintenance Interval (hours);;1;0.0;100.0;
2025.10.27 00:00:00.000 GMT+00:00;4852.02;195;23MAV51AP001§§XQ11;28314668;23МНГ-1;;1;0.0;100.0;
2025.10.27 00:00:00.000 GMT+00:00;215.0;195;23MAV51AP001§§XQ12;28314667;23МНГ-1;;1;0.0;100.0;
2025.10.27 00:00:00.000 GMT+00:00;4852.02;195;23MAV51AP001§§XQ13;28314778;23МНГ-1;;1;0.0;100.0;
2025.10.27 00:00:00.000 GMT+00:00;215.0;195;23MAV51AP001§§XQ14;28314777;23МНГ-1;;1;0.0;100.0;
2025.10.27 00:00:00.000 GMT+00:00;0.26041666;195;23MAV51CE002§§XQ01;28312547;I 23МНГ-1;А;1;0.0;100.0;
2025.10.27 00:00:00.000 GMT+00:00;0.0;227;23MAV52AP001§3217121§MAINTAL;28314445;Maintenance Alarm Limit;;1;0.0;100.0;
2025.10.27 00:00:00.000 GMT+00:00;0.0;227;23MAV52AP001§3217121§MAINTINT;28314631;Maintenance Interval (hours);;1;0.0;100.0;
2025.10.27 00:00:00.000 GMT+00:00;0.0;227;23MAV52AP001§3217122§MAINTAL;28314285;Maintenance Alarm Limit;;1;0.0;100.0;
2025.10.27 00:00:00.000 GMT+00:00;0.0;227;23MAV52AP001§3217122§MAINTINT;28314156;Maintenance Interval (hours);;1;0.0;100.0;
2025.10.27 00:00:00.000 GMT+00:00;2184.01;227;23MAV52AP001§§XQ11;28314781;23МНГ-2;;1;0.0;100.0;
2025.10.27 00:00:00.000 GMT+00:00;148.0;227;23MAV52AP001§§XQ12;28314783;23МНГ-2;;1;0.0;100.0;
2025.10.27 00:00:00.000 GMT+00:00;2184.01;227;23MAV52AP001§§XQ13;28314784;23МНГ-2;;1;0.0;100.0;
2025.10.27 00:00:00.000 GMT+00:00;148.0;227;23MAV52AP001§§XQ14;28314823;23МНГ-2;;1;0.0;100.0;
2025.10.27 00:00:00.000 GMT+00:00;0.5787035;195;23MAV52CE002§§XQ01;28312387;I 23МНГ-2;А;1;0.0;100.0;
2025.10.27 00:00:00.000 GMT+00:00;0.1574074;195;23MAV60CP001§§XQ01;28312622;P МСЛ НАП КОЛ ГПД;МПа;1;0.0;16.0;
2025.10.27 00:00:00.000 GMT+00:00;0.0;227;23MAV70AP001§3217121§MAINTAL;28314036;Maintenance Alarm Limit;;1;0.0;100.0;
2025.10.27 00:00:00.000 GMT+00:00;0.0;227;23MAV70AP001§3217121§MAINTINT;28314293;Maintenance Interval (hours);;1;0.0;100.0;
2025.10.27 00:00:00.000 GMT+00:00;0.0;227;23MAV70AP001§3217122§MAINTAL;28314552;Maintenance Alarm Limit;;1;0.0;100.0;
2025.10.27 00:00:00.000 GMT+00:00;0.0;227;23MAV70AP001§3217122§MAINTINT;28314638;Maintenance Interval (hours);;1;0.0;100.0;
2025.10.27 00:00:00.000 GMT+00:00;112.34;195;23MAV70AP001§§XQ11;28314797;23НФМС;;1;0.0;100.0;
2025.10.27 00:00:00.000 GMT+00:00;136.0;195;23MAV70AP001§§XQ12;28314792;23НФМС;;1;0.0;100.0;
2025.10.27 00:00:00.000 GMT+00:00;112.34;195;23MAV70AP001§§XQ13;28314795;23НФМС;;1;0.0;100.0;
2025.10.27 00:00:00.000 GMT+00:00;136.0;195;23MAV70AP001§§XQ14;28314802;23НФМС;;1;0.0;100.0;
2025.10.27 00:00:00.000 GMT+00:00;0.12811688;195;23MAV70CE002§§XQ01;28312279;I 23НФМС;А;1;0.0;50.0;
2025.10.27 00:00:00.000 GMT+00:00;0.0;227;23MAV72AC001§3217121§MAINTAL;28314283;Maintenance Alarm Limit;;1;0.0;100.0;
2025.10.27 00:00:00.000 GMT+00:00;0.0;227;23MAV72AC001§3217121§MAINTINT;28314791;Maintenance Interval (hours);;1;0.0;100.0;
2025.10.27 00:00:00.000 GMT+00:00;0.0;227;23MAV72AC001§3217122§MAINTAL;28314381;Maintenance Alarm Limit;;1;0.0;100.0;
2025.10.27 00:00:00.000 GMT+00:00;0.0;227;23MAV72AC001§3217122§MAINTINT;28314841;Maintenance Interval (hours);;1;0.0;100.0;
2025.10.27 00:00:00.000 GMT+00:00;90.53;195;23MAV72AC001§§XQ11;28314608;ЭН МСЛ СМЗ;;1;0.0;100.0;
2025.10.27 00:00:00.000 GMT+00:00;90.0;195;23MAV72AC001§§XQ12;28314610;ЭН МСЛ СМЗ;;1;0.0;100.0;
2025.10.27 00:00:00.000 GMT+00:00;90.53;195;23MAV72AC001§§XQ13;28314604;ЭН МСЛ СМЗ;;1;0.0;100.0;
2025.10.27 00:00:00.000 GMT+00:00;90.0;195;23MAV72AC001§§XQ14;28314606;ЭН МСЛ СМЗ;;1;0.0;100.0;
2025.10.27 00:00:00.000 GMT+00:00;0.9837963;195;23MAV72CE002§§XQ01;28312570;I ЭН МСЛ СМЗ;А;1;0.0;200.0;
2025.10.27 00:00:00.000 GMT+00:00;3.7640936;195;23MAW05CF001§§XQ01;28312358;F П УПЛ ПТ;т/ч;1;0.0;6.0;
2025.10.27 00:00:00.000 GMT+00:00;0.41245967;195;23MAW05CP001§§XQ01;28312581;P П УПЛ;МПа;1;0.0;1.0;
2025.10.27 00:00:00.000 GMT+00:00;0.45862013;195;23MAW05CP002§§XQ01;28312465;P П УПЛ ПТ;МПа;1;0.0;1.0;
2025.10.27 00:00:00.000 GMT+00:00;0.43611962;195;23MAW05CP901§§XQ01;28312433;СР P ЭЖ;МПа;1;0.0;1.0;
2025.10.27 00:00:00.000 GMT+00:00;218.1;195;23MAW05CT001§§XQ01;28312475;T П СУПЛ;°C;1;0.0;300.0;
2025.10.27 00:00:00.000 GMT+00:00;218.0;195;23MAW05CT002§§XQ01;28312555;T П СУПЛ;°C;1;0.0;300.0;
2025.10.27 00:00:00.000 GMT+00:00;4.235834;195;23MAW05DP001§244790§OUT;28312629;Output Value;;1;0.0;100.0;
2025.10.27 00:00:00.000 GMT+00:00;0.47800004;227;23MAW05DP001§§OUT;28312584;РЕГ P ПАР ЭЖЕКТОРОВ;МПа;1;0.2;0.8;
2025.10.27 00:00:00.000 GMT+00:00;-9.997107;35;23MAW10CG801§§XQ01;28312404;КЛ РЕГ ПОД П УПЛ;%;1;0.0;100.0;
2025.10.27 00:00:00.000 GMT+00:00;140.21802;195;23MAW10CP001§§XQ01;28312527;P П УПЛ ПТ;кПа;1;0.0;250.0;
2025.10.27 00:00:00.000 GMT+00:00;139.68425;195;23MAW10CP002§§XQ01;28312491;P П УПЛ ПТ;кПа;1;0.0;250.0;
2025.10.27 00:00:00.000 GMT+00:00;145.41364;195;23MAW10CP003§§XQ01;28312543;P П УПЛ ПТ;кПа;1;0.0;250.0;
2025.10.27 00:00:00.000 GMT+00:00;3.0;227;23MAW10CP901§1118019§O_MODE;28312351;Active Output Mode;;1;0.0;100.0;
2025.10.27 00:00:00.000 GMT+00:00;142.60446;195;23MAW10CP901§§XQ01;28312458;P КОЛ УПЛ ЛОГ УПР;кПа;1;0.0;250.0;
2025.10.27 00:00:00.000 GMT+00:00;171.61768;195;23MAW10CT001§§XQ01;28312369;T П УПЛ ПТ;°C;1;0.0;300.0;
2025.10.27 00:00:00.000 GMT+00:00;171.30061;195;23MAW10CT002§§XQ01;28312299;T П УПЛ ПТ;°C;1;0.0;300.0;
2025.10.27 00:00:00.000 GMT+00:00;171.46086;195;23MAW10CT901§§XQ01;28312437;T ХОЛ КОЛ УПЛ ЛОГ УПР;°C;1;0.0;300.0;
2025.10.27 00:00:00.000 GMT+00:00;-1.0481751;195;23MAW10DP001§245490§OUT;28312441;Output Value;;1;0.0;100.0;
2025.10.27 00:00:00.000 GMT+00:00;140.0;227;23MAW10DP001§§XQ02;28312589;РЕГ P КОЛ УПЛ ЛОГ УПР;кПа;1;50.0;150.0;
2025.10.27 00:00:00.000 GMT+00:00;7.1448665;195;23MAW10DT001§244482§OUT;28312632;Output Value;;1;0.0;100.0;
2025.10.27 00:00:00.000 GMT+00:00;171.49341;195;23MAW10DT001§245640§OUT;28312286;Output Value;;1;0.0;100.0;
2025.10.27 00:00:00.000 GMT+00:00;150.0;227;23MAW10DT001§§XQ02;28312488;РЕГ Т ХОЛ КОЛ УПЛ ЛОГ УПР;°C;1;150.0;200.0;
2025.10.27 00:00:00.000 GMT+00:00;0.4637391;195;23MAW90CG801§§XQ01;28312434;КЛ РЕГ ПОД П ОБОГР ФЛШП;%;1;0.0;100.0;
2025.10.27 00:00:00.000 GMT+00:00;-0.009548016;195;23MAW90CP001§§XQ01;28312460;P П ОБОГР ФЛ;МПа;1;0.0;1.0;
2025.10.27 00:00:00.000 GMT+00:00;34.80426;195;23MAW90CT001§§XQ01;28312523;T П ОБОГР ФЛ;°C;1;0.0;600.0;
2025.10.27 00:00:00.000 GMT+00:00;0.0;227;23MAW90DP001§§ER;28312254;РЕГ P ПАР ОБОГР ФЛШП ЛОГ УПР;%;1;-100.0;100.0;
2025.10.27 00:00:00.000 GMT+00:00;0.05;227;23MAW90DP001§§XQ02;28312467;РЕГ P ПАР ОБОГР ФЛШП ЛОГ УПР;МПа;1;0.05;0.5;
2025.10.27 00:00:00.000 GMT+00:00;882.2903;195;23MAX10CL001§214676§OUT;28312373;Product;;1;0.0;1600.0;
2025.10.27 00:00:00.000 GMT+00:00;629.33844;195;23MAX10CL001§§XQ01;28312310;L МСЛ МБ РЕГ;мм;1;0.0;1600.0;
2025.10.27 00:00:00.000 GMT+00:00;0.22035988;195;23MAX10CP001§§XQ01;28312537;P-P МСЛ МБ РЕГ;КПа;1;0.0;1.5;
2025.10.27 00:00:00.000 GMT+00:00;0.0;227;23MAX11AP001§3217121§MAINTAL;28314769;Maintenance Alarm Limit;;1;0.0;100.0;
2025.10.27 00:00:00.000 GMT+00:00;0.0;227;23MAX11AP001§3217121§MAINTINT;28314188;Maintenance Interval (hours);;1;0.0;100.0;
2025.10.27 00:00:00.000 GMT+00:00;0.0;227;23MAX11AP001§3217122§MAINTAL;28314219;Maintenance Alarm Limit;;1;0.0;100.0;
2025.10.27 00:00:00.000 GMT+00:00;0.0;227;23MAX11AP001§3217122§MAINTINT;28314827;Maintenance Interval (hours);;1;0.0;100.0;
2025.10.27 00:00:00.000 GMT+00:00;43324.38;195;23MAX11AP001§§XQ11;28314101;23МНР-1;;1;0.0;100.0;
2025.10.27 00:00:00.000 GMT+00:00;268.0;195;23MAX11AP001§§XQ12;28314100;23МНР-1;;1;0.0;100.0;
2025.10.27 00:00:00.000 GMT+00:00;43324.38;195;23MAX11AP001§§XQ13;28314098;23МНР-1;;1;0.0;100.0;
2025.10.27 00:00:00.000 GMT+00:00;268.0;195;23MAX11AP001§§XQ14;28314096;23МНР-1;;1;0.0;100.0;
2025.10.27 00:00:00.000 GMT+00:00;0.028733555;195;23MAX11CE002§§XQ01;28312443;I 23МНР-1;А;1;0.0;100.0;
2025.10.27 00:00:00.000 GMT+00:00;0.0034722222;195;23MAX11CP001§§XQ01;28312613;P НАП 23МНР-1;МПа;1;0.0;6.0;
2025.10.27 00:00:00.000 GMT+00:00;0.0;11;23MAX11CT101§247496§XQ01;28315056;T под.1 ЭД 23МНР-1;°C;2;-50.0;150.0;
2025.10.27 00:00:00.000 GMT+00:00;41.30031;195;23MAX11CT101§ASMON§XQ01;28315058;T под.1 ЭД 23МНР-1;°C;1;-50.0;150.0;
2025.10.27 00:00:00.000 GMT+00:00;0.0;11;23MAX11CT102§247496§XQ01;28315055;T под.2 ЭД 23МНР-1;°C;2;-50.0;150.0;
2025.10.27 00:00:00.000 GMT+00:00;42.5;195;23MAX11CT102§ASMON§XQ01;28315059;T под.2 ЭД 23МНР-1;°C;1;-50.0;150.0;
2025.10.27 00:00:00.000 GMT+00:00;0.0;227;23MAX12AP001§3217121§MAINTAL;28314494;Maintenance Alarm Limit;;1;0.0;100.0;
2025.10.27 00:00:00.000 GMT+00:00;0.0;227;23MAX12AP001§3217121§MAINTINT;28314637;Maintenance Interval (hours);;1;0.0;100.0;
2025.10.27 00:00:00.000 GMT+00:00;0.0;227;23MAX12AP001§3217122§MAINTAL;28314413;Maintenance Alarm Limit;;1;0.0;100.0;
2025.10.27 00:00:00.000 GMT+00:00;0.0;227;23MAX12AP001§3217122§MAINTINT;28314162;Maintenance Interval (hours);;1;0.0;100.0;
2025.10.27 00:00:00.000 GMT+00:00;49165.58;195;23MAX12AP001§§XQ11;28314228;23МНР-2;;1;0.0;100.0;
2025.10.27 00:00:00.000 GMT+00:00;207.0;195;23MAX12AP001§§XQ12;28314244;23МНР-2;;1;0.0;100.0;
2025.10.27 00:00:00.000 GMT+00:00;49165.58;195;23MAX12AP001§§XQ13;28314247;23МНР-2;;1;0.0;100.0;
2025.10.27 00:00:00.000 GMT+00:00;207.0;195;23MAX12AP001§§XQ14;28314248;23МНР-2;;1;0.0;100.0;
2025.10.27 00:00:00.000 GMT+00:00;11.977448;195;23MAX12CE002§§XQ01;28312247;I 23МНР-2;А;1;0.0;100.0;
2025.10.27 00:00:00.000 GMT+00:00;5.432033;195;23MAX12CP001§§XQ01;28312564;P НАП 23МНР-2;МПа;1;0.0;6.0;
2025.10.27 00:00:00.000 GMT+00:00;0.0;11;23MAX12CT101§247496§XQ01;28315054;T под.1 ЭД 23МНР-2;°C;2;-50.0;150.0;
2025.10.27 00:00:00.000 GMT+00:00;47.6;195;23MAX12CT101§ASMON§XQ01;28315057;T под.1 ЭД 23МНР-2;°C;1;-50.0;150.0;
2025.10.27 00:00:00.000 GMT+00:00;0.0;11;23MAX12CT102§247496§XQ01;28315053;T под.2 ЭД 23МНР-2;°C;2;-50.0;150.0;
2025.10.27 00:00:00.000 GMT+00:00;54.6;195;23MAX12CT102§ASMON§XQ01;28315060;T под.2 ЭД 23МНР-2;°C;1;-50.0;150.0;
2025.10.27 00:00:00.000 GMT+00:00;0.0;227;23MAX16AP001§3217121§MAINTAL;28314083;Maintenance Alarm Limit;;1;0.0;100.0;
2025.10.27 00:00:00.000 GMT+00:00;0.0;227;23MAX16AP001§3217121§MAINTINT;28314335;Maintenance Interval (hours);;1;0.0;100.0;
2025.10.27 00:00:00.000 GMT+00:00;0.0;227;23MAX16AP001§3217122§MAINTAL;28314417;Maintenance Alarm Limit;;1;0.0;100.0;
2025.10.27 00:00:00.000 GMT+00:00;0.0;227;23MAX16AP001§3217122§MAINTINT;28314201;Maintenance Interval (hours);;1;0.0;100.0;
2025.10.27 00:00:00.000 GMT+00:00;0.01;227;23MAX16AP001§§XQ11;28314636;23МНФР;;1;0.0;100.0;
2025.10.27 00:00:00.000 GMT+00:00;16.0;227;23MAX16AP001§§XQ12;28314642;23МНФР;;1;0.0;100.0;
2025.10.27 00:00:00.000 GMT+00:00;0.01;227;23MAX16AP001§§XQ13;28314641;23МНФР;;1;0.0;100.0;
2025.10.27 00:00:00.000 GMT+00:00;16.0;227;23MAX16AP001§§XQ14;28314639;23МНФР;;1;0.0;100.0;
2025.10.27 00:00:00.000 GMT+00:00;0.15914352;195;23MAX16CE002§§XQ01;28312469;I 23МНФР;А;1;0.0;50.0;
2025.10.27 00:00:00.000 GMT+00:00;5.43097;195;23MAX20CP001§§XQ01;28312601;P МСЛ СТБ P;МПа;1;0.0;10.0;
2025.10.27 00:00:00.000 GMT+00:00;5.425347;195;23MAX30CP001§§XQ01;28312361;P МСЛ ЛИН НЕСТАБ ДАВЛ;МПа;1;0.0;10.0;
2025.10.27 00:00:00.000 GMT+00:00;52.90001;195;23MAX30CT001§§XQ01;28312401;T МСЛ РЕГ;°C;1;0.0;100.0;
2025.10.27 00:00:00.000 GMT+00:00;0.0;227;23MAX30DT001§244485§OUT;28312229;Output Value;;1;0.0;100.0;
2025.10.27 00:00:00.000 GMT+00:00;6.9009094;195;23MAX30DT001§360430§OUT;28312249;Product;;1;0.0;100.0;
2025.10.27 00:00:00.000 GMT+00:00;46.0;227;23MAX30DT001§§XQ02;28312432;РЕГ Т МСЛ СР ПТ ЛОГ УПР;°C;1;40.0;50.0;
2025.10.27 00:00:00.000 GMT+00:00;5.329861;195;23MAX31CP001§§XQ01;28312403;P МСЛ ГРУЗ АККУМ;МПа;1;0.0;10.0;
2025.10.27 00:00:00.000 GMT+00:00;0.0028031496;195;23MAX51CA081§§XQ01;28312284;I ЭМВ1;А;1;0.0;100.0;
2025.10.27 00:00:00.000 GMT+00:00;0.19807501;195;23MAX51CA082§§XQ01;28312273;I ЭМВ2;А;1;0.0;100.0;
2025.10.27 00:00:00.000 GMT+00:00;-0.083884634;195;23MAX51CA083§§XQ01;28312619;I ЭМИЗ1;А;1;0.0;100.0;
2025.10.27 00:00:00.000 GMT+00:00;0.014467592;227;23MAX51CA084§§XQ01;28312596;I ЭМИЗ2;А;1;0.0;100.0;
2025.10.27 00:00:00.000 GMT+00:00;3.4561634;195;23MAX51CP001§§XQ01;28313747;ДАВЛЕНИЕ МАСЛА K СУММАТОPAM;МПа;1;0.0;6.0;
2025.10.27 00:00:00.000 GMT+00:00;3000.6;195;23MAX51CS001§§XQ01;28313700;ИЗМЕРЕНИЕ ЧАСТОТЫ ВРАЩЕНИЯ ПТ23 #1;об/мин;1;0.0;3500.0;
2025.10.27 00:00:00.000 GMT+00:00;3000.6;195;23MAX51CS002§§XQ01;28313701;ИЗМЕРЕНИЕ ЧАСТОТЫ ВРАЩЕНИЯ ПТ23 #2;об/мин;1;0.0;3500.0;
2025.10.27 00:00:00.000 GMT+00:00;3000.75;195;23MAX51CS003§§XQ01;28313712;ИЗМЕРЕНИЕ ЧАСТОТЫ ВРАЩЕНИЯ 3;об/мин;1;0.0;3500.0;
2025.10.27 00:00:00.000 GMT+00:00;3000.65;195;23MAX51CS004§§XQ01;28313724;ИЗМЕРЕНИЕ ЧАСТОТЫ ВРАЩЕНИЯ 4;об/мин;1;0.0;3500.0;
2025.10.27 00:00:00.000 GMT+00:00;3000.6;195;23MAX51CS005§§XQ01;28313713;ИЗМЕРЕНИЕ ЧАСТОТЫ ВРАЩЕНИЯ 5;об/мин;1;0.0;3500.0;
2025.10.27 00:00:00.000 GMT+00:00;3000.6;195;23MAX51CS006§§XQ01;28313694;ИЗМЕРЕНИЕ ЧАСТОТЫ ВРАЩЕНИЯ 6;об/мин;1;0.0;3500.0;
2025.10.27 00:00:00.000 GMT+00:00;1086.915;195;23MAX51CS010§§XQ01;28312355;ФАЗА ВИБР;1/МИН;1;0.0;4000.0;
2025.10.27 00:00:00.000 GMT+00:00;3000.6772;195;23MAX51CS901§ACT SPEED§OUT_GQ;28313775;GOOD Quality Output Value;об/мин;1;0.0;3500.0;
2025.10.27 00:00:00.000 GMT+00:00;3000.6772;195;23MAX51CS901§XQ01§OUT_GQ;28313702;GOOD Quality Output Value;об/мин;1;0.0;3500.0;
2025.10.27 00:00:00.000 GMT+00:00;3000.7349;195;23MAX51CS901§§XQ01;28313757;ЧАСТОТА ВРАЩЕНИЯ ПТ23;об/мин;1;0.0;3500.0;
2025.10.27 00:00:00.000 GMT+00:00;50.010307;195;23MAX51CS901§§XQ02;28313754;ЧАСТОТА ВРАЩЕНИЯ ПТ23;Гц;1;0.0;60.0;
2025.10.27 00:00:00.000 GMT+00:00;50.010307;195;23MAX51CS901§§XQ03;28313755;ЧАСТОТА ВРАЩЕНИЯ РОТОРА (при тесте UCTE без нечувствительности);Гц;1;0.0;60.0;
2025.10.27 00:00:00.000 GMT+00:00;0.0034067775;195;23MAX51CS901§§XQ04;28313762;УСКОРЕНИЕ РОТОРА ПТ23;об/мин2;1;-1500.0;1500.0;
2025.10.27 00:00:00.000 GMT+00:00;2.4650717E-5;195;23MAX51CS901§§XQ05;28313763;УСКОРЕНИЕ РОТОРА ПТ;Гц;1;0.0;60.0;
2025.10.27 00:00:00.000 GMT+00:00;3000.6772;195;23MAX51CS901§§XQ13;28313782;СКОРОСТЬ ВРАЩЕНИЯ РОТОРА (при тесте UCTE без нечувствительности);об/мин;1;0.0;3500.0;
2025.10.27 00:00:00.000 GMT+00:00;0.030994354;195;23MAX51CY009§§XQ01;28312283;ИСКР РОТ ЦВД;мм;1;0.0;0.5;
2025.10.27 00:00:00.000 GMT+00:00;0.0;195;23MAX51FE010§242350§OUT;28312252;Output Value;;1;0.0;360.0;
2025.10.27 00:00:00.000 GMT+00:00;27.285477;195;23MAX52CP001§§XQ01;28313737;ДАВЛЕНИЕ МАСЛА ПОСЛЕ ЭГП ВД;кгс/см2;1;0.0;60.0;
2025.10.27 00:00:00.000 GMT+00:00;16.716503;195;23MAX53CP001§§XQ01;28313810;ДАВЛЕНИЕ МАСЛА ПОСЛЕ ЭГП НД;кгс/см2;1;0.0;60.0;
2025.10.27 00:00:00.000 GMT+00:00;1.6427951;195;23MAX53CP001§§XQ02;28313811;ДАВЛЕНИЕ МАСЛА ПОСЛЕ ЭГП НД;МПа;1;0.0;6.0;
2025.10.27 00:00:00.000 GMT+00:00;11.648885;195;23MAX54CP001§§XQ01;28313721;ДАВЛЕНИЕ МАСЛА ПОСЛЕ ЭГП ПД;кгс/см2;1;0.0;60.0;
2025.10.27 00:00:00.000 GMT+00:00;1.140625;195;23MAX54CP001§§XQ02;28313720;ДАВЛЕНИЕ МАСЛА ПОСЛЕ ЭГП ПД;МПа;1;0.0;6.0;
2025.10.27 00:00:00.000 GMT+00:00;10.0;195;23MAY10DE001§§XQ03;28313795;ЗАДАНИЕ МОЩНОСТИ C КОРР. ПО ДАВЛ.;МВт;1;-20.0;200.0;
2025.10.27 00:00:00.000 GMT+00:00;53.87731;195;23MAY10DE001§§XQ04;28313797;ЗАДАНИЕ МОЩНОСТИ ПТ23 С КОРР. ПО ЧАСТОТЕ;МВт;1;0.0;200.0;
2025.10.27 00:00:00.000 GMT+00:00;53.631367;195;23MAY10DE001§§XQ21;28313696;КОНЕЧНОЕ ЗАДАНИЕ МОЩНОСТИ ПТ23;МВт;1;0.0;200.0;
2025.10.27 00:00:00.000 GMT+00:00;53.689236;195;23MAY10DE001§§XQ31;28313709;ТЕКУЩЕЕ ЗАДАНИЕ МОЩНОСТИ;МВт;1;-20.0;200.0;
2025.10.27 00:00:00.000 GMT+00:00;10.0;195;23MAY10DE001§§XQ52;28313735;ЗАДАНИЕ МОЩНОСТИ ПТ23;MW;1;-40.0;400.0;
2025.10.27 00:00:00.000 GMT+00:00;0.0;227;23MAY10DE011§§XQ21;28313728;КОНЕЧНОЕ ЗДН ТЕМПА ИЗМЕНЕНИЯ МОЩНОСТИ;МВт/мин;1;0.0;25.0;
2025.10.27 00:00:00.000 GMT+00:00;0.0;227;23MAY10DE011§§XQ31;28313789;ТЕМП ИЗМЕНЕНИЯ МОЩНОСТИ;МВт/мин;1;0.0;25.0;
2025.10.27 00:00:00.000 GMT+00:00;0.0;227;23MAY10DE011§§XQ52;28313819;ЗАДАНИЕ ТЕМПА ИЗМЕНЕНИЯ МОЩНОСТИ;МВт/мин;1;0.0;40.0;
2025.10.27 00:00:00.000 GMT+00:00;0.0;227;23MAY10DE031§§OUT;28313761;ЗАДАНИЕ МАКСИМАЛЬНОЙ МОЩНОСТИ;MW;1;0.0;400.0;
2025.10.27 00:00:00.000 GMT+00:00;10.0;227;23MAY10DE031§§XQ21;28313715;МАКСИМАЛЬНАЯ МОЩНОСТЬ;МВт;1;0.0;200.0;
2025.10.27 00:00:00.000 GMT+00:00;10.0;227;23MAY10DE031§§XQ31;28313731;ЗАДАНИЕ МАКСИМАЛЬНОЙ МОЩНОСТИ;MW;1;0.0;200.0;
2025.10.27 00:00:00.000 GMT+00:00;0.028935185;195;23MAY10DE041§§YQ91;28313741;ВНЕШНЕЕ ЗАДАНИЕ МОЩНОСТИ ПТ23;МВт;1;0.0;200.0;
2025.10.27 00:00:00.000 GMT+00:00;108.97888;195;23MAY10DG001§§YQ01;28313693;ВЫХОДОЙ СИГНАЛ ТК НА РК ВД;мА;1;-150.0;150.0;
2025.10.27 00:00:00.000 GMT+00:00;59.793015;195;23MAY10DG003§§YQ01;28313773;ВЫХОДНОЙ СИГНАЛ ТК НА РК НД;мА;1;-150.0;150.0;
2025.10.27 00:00:00.000 GMT+00:00;28.5;195;23MAY10DG005§§YQ01;28313756;ВЫХОДНОЙ СИГНАЛ ТК НА РК ПД;мА;1;-150.0;150.0;
2025.10.27 00:00:00.000 GMT+00:00;0.0;227;23MAY10DG320§AXFR13§OUT;28313744;Output Value;;1;0.0;100.0;
2025.10.27 00:00:00.000 GMT+00:00;0.0;227;23MAY10DG320§AXFR23§OUT;28313801;Output Value;;1;0.0;100.0;
2025.10.27 00:00:00.000 GMT+00:00;0.0;195;23MAY10DG320§§XQ02;28313730;ТЕСТ ГЧСР. ЗДН ВЫХ СИГН ТК;мА;1;-150.0;150.0;
2025.10.27 00:00:00.000 GMT+00:00;0.0;227;23MAY10DG320§§XQ30;28313716;ЗДН АВТ ТЕСТ ГЧСР;мА;1;0.0;150.0;
2025.10.27 00:00:00.000 GMT+00:00;0.0;195;23MAY10DG320§§XQ52;28313814;ТЕСТ ГЧСР. ЗАДАТЧИК ВЫХ СИГН ТК;;1;-150.0;150.0;
2025.10.27 00:00:00.000 GMT+00:00;3.667247;195;23MAY10DP001§§XQ21;28313784;КОНЕЧНОЕ ЗАДАНИЕ ДАВЛЕНИЯ СВ. ПАРА;МПа;1;0.0;10.0;
2025.10.27 00:00:00.000 GMT+00:00;3.6681876;195;23MAY10DP001§§XQ31;28313765;ТЕКУЩЕЕ ЗАДАНИЕ ДАВЛЕНИЯ СВ. ПАРА;МПа;1;0.0;10.0;
2025.10.27 00:00:00.000 GMT+00:00;3.667247;195;23MAY10DP001§§XQ52;28313738;ЗАДАНИЕ ДАВЛЕНИЯ СВ. ПАРА;МПа;1;0.0;10.0;
2025.10.27 00:00:00.000 GMT+00:00;110.00001;195;23MAY10DP012§§XQ01;28313812;ВЫХОД РЕГУЛЯТОРА МАКС. ДАВЛЕНИЯ В РЕГ.СТ.;%;1;0.0;115.0;
2025.10.27 00:00:00.000 GMT+00:00;103.0803;195;23MAY10DP301§§XQ01;28313767;РЕГУЛЯТОР ДАВЛЕНИЯ СВ.ПАРА/МИН.ДАВЛЕНИЯ;%;1;0.0;100.0;
2025.10.27 00:00:00.000 GMT+00:00;1.8;195;23MAY10DP301§§XQ31;28313815;УСТАВКА МИН ДАВЛЕНИЯ СВЕЖЕГО ПАРА;МПа;1;-1.0;10.0;
2025.10.27 00:00:00.000 GMT+00:00;3000.0;195;23MAY10DS001§§XQ03;28313817;КОНЕЧНОЕ ЗАДАНИЕ ЧАСТОТЫ ВРАЩЕНИЯ ПТ23;об/мин;1;0.0;3500.0;
2025.10.27 00:00:00.000 GMT+00:00;3000.0;195;23MAY10DS001§§XQ04;28313821;ТЕКУЩЕЕ ЗАДАНИЕ ЧАСТОТЫ ВРАЩЕНИЯ ПТ23;об/мин;1;0.0;3500.0;
2025.10.27 00:00:00.000 GMT+00:00;50.0;195;23MAY10DS001§§XQ05;28313820;ТЕКУЩЕЕ ЗАДАНИЕ ЧАСТОТЫ ВРАЩЕНИЯ ПТ23;Гц;1;-1.0;60.0;
2025.10.27 00:00:00.000 GMT+00:00;50.0;195;23MAY10DS001§§XQ21;28313710;КОНЕЧНОЕ ЗАДАНИЕ ЧАСТОТЫ ВРАЩЕНИЯ ПТ23;Гц;1;-1.0;60.0;
2025.10.27 00:00:00.000 GMT+00:00;3000.0;195;23MAY10DS001§§XQ52;28313751;ЗАДАНИЕ ЧАСТОТЫ ВРАЩЕНИЯ ПТ23;об/мин;1;0.0;3500.0;
2025.10.27 00:00:00.000 GMT+00:00;200.0;195;23MAY10DS011§§XQ01;28313800;ТЕМП ИЗМЕНЕНИЯ СКОРОСТИ;об/мин/мин;1;0.0;1000.0;
2025.10.27 00:00:00.000 GMT+00:00;0.0;227;23MAY10DS012§122164§OUT;28313807;Output Value;;1;0.0;100.0;
2025.10.27 00:00:00.000 GMT+00:00;0.0;227;23MAY10DS012§§XQ01;28313816;ЗАДАНИЕ ТЕСТА ЧАСТОТНОГО КОРРЕКТОРА ПТ23;мГц;1;-400.0;400.0;
2025.10.27 00:00:00.000 GMT+00:00;89.44297;195;23MAY10DU001§120527§XQ52;28313711;ЗАДАНИЕ РУЧНОГО УПРАВЛЕНИЯ РК ВД;%;1;-50.0;100.0;
2025.10.27 00:00:00.000 GMT+00:00;109.0;195;23MAY10DU001§257454§OUT;28315338;Output Value;;1;0.0;100.0;
2025.10.27 00:00:00.000 GMT+00:00;109.0;195;23MAY10DU001§§XQ21;28313697;КОНЕЧНОЕ ЗАДАНИЕ РУЧНОГО УПРАВЛЕНИЯ РК ВД;мА;1;-15.0;150.0;
2025.10.27 00:00:00.000 GMT+00:00;109.0;195;23MAY10DU001§§XQ31;28313806;ТЕКУЩЕЕ ЗАДАНИЕ РУЧНОГО УПРАВЛЕНИЯ РК ВД;мА;1;-150.0;150.0;
2025.10.27 00:00:00.000 GMT+00:00;109.060616;195;23MAY10DU001§§XQ32;28313805;ВОЗМУЩЕНИЕ ПО ЧАСТОТЕ СЕТИ;мА;1;-15.0;150.0;
2025.10.27 00:00:00.000 GMT+00:00;109.0;195;23MAY10DU001§§XQ52;28313778;ЗАДАНИЕ РУЧН УПР РК ВД;%;1;-50.0;100.0;
2025.10.27 00:00:00.000 GMT+00:00;40.0;195;23MAY10DU011§XQ01§OUT;28313790;ТЕМП ИЗМЕН ЗДН РУЧН УПР РК ВД;мА/мин;1;0.0;100.0;
2025.10.27 00:00:00.000 GMT+00:00;39.38668;195;23MAY10DU011§§XQ31;28313809;ТЕМП ИЗМЕНЕНИЯ ЗАДАНИЯ;%/min;1;0.0;10.0;
2025.10.27 00:00:00.000 GMT+00:00;40.0;227;23MAY10DU011§§XQ52;28313708;ЗАДАТЧИК ТЕМПА ИЗМН ЗДН РУЧН УПР РК ВД;;1;0.0;40.0;
2025.10.27 00:00:00.000 GMT+00:00;-0.0017274284;195;23MAY10DU050§PSFGRID§OUT;28313764;Value from the telegram;MW;1;0.0;520.0;
2025.10.27 00:00:00.000 GMT+00:00;72.65633;195;23MAY10DU050§§XQ01;28313774;ВЫХОД РС/РМ/РП РК ВД;%;1;-125.0;125.0;
2025.10.27 00:00:00.000 GMT+00:00;0.0;195;23MAY10DU050§§XQ02;28313771;РС/РМ/РП РК ВД;МВт;1;-400.0;400.0;
2025.10.27 00:00:00.000 GMT+00:00;-0.0018036477;195;23MAY10DU050§§XQ42;28313690;КОРРЕКЦИЯ ЧАСТОТЫ;МВт;1;-125.0;200.0;
2025.10.27 00:00:00.000 GMT+00:00;0.015000001;195;23MAY10DU050§§XQ52;28313704;ЗАДАНИЕ ЗОНЫ НЕЧУВСТВИТЕЛЬНОСТИ ЧК ПТ23;Гц;1;0.0;0.1;
2025.10.27 00:00:00.000 GMT+00:00;5.0;227;23MAY10DU050§§XQ53;28313705;ЗАДАНИЕ СТАТИЗМА ЧК ПТ23;%;1;4.0;6.0;
2025.10.27 00:00:00.000 GMT+00:00;108.98597;195;23MAY10DU901§XQ01§OUT;28313813;ВЫХОДНОЙ СИГНАЛ ТК КОНТУРА ВД;mA;1;-150.0;150.0;
2025.10.27 00:00:00.000 GMT+00:00;150.0;195;23MAY10DU901§§XQ50;28313777;ОГРАНИЧЕНИЕ ВЫХОДНОГО СИГНАЛА ТК KOНТУPA BД ПТ23;мА;1;0.0;150.0;
2025.10.27 00:00:00.000 GMT+00:00;3329.989;195;23MAY10EK003§XQ31§OUT_GQ;28313799;GOOD Quality Output Value;;1;0.0;100.0;
2025.10.27 00:00:00.000 GMT+00:00;3330.0;195;23MAY10EK003§§XQ01;28313783;УСТАВКА ПРЕДВАРИТЕЛЬНОЙ ЗАЩИТЫ ПT23;об/мин;1;0.0;3500.0;
2025.10.27 00:00:00.000 GMT+00:00;0.028935185;195;23MAY10EK004§§XQ01;28313722;ПОСЛЕАВАРИЙНОЕ ЗАДАНИЕ МОЩНОСТИ ПТ23;МВт;1;0.0;200.0;
2025.10.27 00:00:00.000 GMT+00:00;0.0;227;23MAY10EK800§§YQ01;28313733;ВЫХОД ТК (ДИФФ, РФ);мА;1;0.0;150.0;
2025.10.27 00:00:00.000 GMT+00:00;0.45168036;195;23MAY20DP001§§XQ01;28313766;КОНЕЧНОЕ ЗАДАНИЕ ДАВЛЕНИЯ ПАРА НД;МПа;1;0.3;1.0;
2025.10.27 00:00:00.000 GMT+00:00;0.3;227;23MAY20DP001§§XQ02;28313769;УСТАВКА МИНИМАЛЬНОГО ДАВЛ ПАРА НД;МПа;1;0.0;1.0;
2025.10.27 00:00:00.000 GMT+00:00;0.4514032;195;23MAY20DP001§§XQ03;28313768;ТЕКУЩЕЕ ЗАДАНИЕ ДАВЛЕНИЯ ПАРА НД;МПа;1;0.0;1.0;
2025.10.27 00:00:00.000 GMT+00:00;0.45168036;195;23MAY20DP001§§XQ51;28313719;ЗАДАТЧИК ДАВЛЕНИЯ ПАРА НД;;1;0.3;1.0;
2025.10.27 00:00:00.000 GMT+00:00;60.094463;195;23MAY20DP301§XQ01§XQ01;28313692;ВЫХОД РЕГУЛЯТОРА ДАВЛЕНИЯ ПАРА НД;мА;1;-150.0;150.0;
2025.10.27 00:00:00.000 GMT+00:00;59.793015;195;23MAY20DP301§XQ02§XQ02;28313699;ВЫХОД КОНТУРА НД (ДО ОГРАНИЧИТЕЛЯ);мА;1;-150.0;150.0;
2025.10.27 00:00:00.000 GMT+00:00;59.766117;195;23MAY20DU001§§XQ21;28313714;КОНЕЧНОЕ ЗАДАНИЕ РУЧН УПР РК НД;мА;1;0.0;150.0;
2025.10.27 00:00:00.000 GMT+00:00;59.793015;195;23MAY20DU001§§XQ31;28313808;ТЕКУЩЕЕ ЗАДАНИЕ РУЧНОГО УПРАВЛЕНИЯ РК НД;мА;1;0.0;150.0;
2025.10.27 00:00:00.000 GMT+00:00;60.4;195;23MAY20DU001§§XQ52;28313785;ЗАДАТЧИК РУЧНОГО УПРАВЛЕНИЯ РК НД;;1;0.0;150.0;
2025.10.27 00:00:00.000 GMT+00:00;-65.520546;195;23MAY30DP001§§XQ01;28313792;ЗАДАНИЕ ДАВЛЕНИЯ ПАРА В ОТБОРЕ К ПСГ-1;;1;-100.0;150.0;
2025.10.27 00:00:00.000 GMT+00:00;-65.520546;195;23MAY30DP001§§XQ21;28313818;КОНЕЧНОЕ ЗАДАНИЕ ДАВЛЕНИЯ ПАРА В ОТБОРЕ К ПСГ-1;кПа;1;-100.0;150.0;
2025.10.27 00:00:00.000 GMT+00:00;-65.5041;195;23MAY30DP001§§XQ31;28313804;ТЕКУЩЕЕ ЗАДАНИЕ ДАВЛЕНИЯ ПАРА В ОТБОРЕ К ПСГ-1;кПа;1;-100.0;150.0;
2025.10.27 00:00:00.000 GMT+00:00;0.0;227;23MAY30DP012§§XQ01;28313803;РЕГУЛЯТОР МАКС.ДАВЛЕНИЯ ПАРА В ОТБОРЕ;mA;1;0.0;150.0;
2025.10.27 00:00:00.000 GMT+00:00;-0.065503046;195;23MAY30DP041§§XQ21;28312399;СВЯЗЬ С ЭЧСР ПТ ЛОГ УПР;MPa;1;-0.1;0.15;
2025.10.27 00:00:00.000 GMT+00:00;32.69498;195;23MAY30DP301§§XQ01;28313736;ВЫХОД РЕГУЛЯТОРА ДАВЛЕНИЯ ПАРА В ОТБОРЕ К ПСГ-1;mA;1;0.0;150.0;
2025.10.27 00:00:00.000 GMT+00:00;28.5;195;23MAY30DU001§§XQ21;28313770;КОНЕЧНОЕ ЗАДАНИЕ РУЧНОГО УПРАВЛЕНИЯ ПД;мА;1;0.0;150.0;
2025.10.27 00:00:00.000 GMT+00:00;28.5;195;23MAY30DU001§§XQ31;28313745;ТЕКУЩЕЕ ЗАДАНИЕ РУЧНОГО УПРАВЛЕНИЯ ПД;мА;1;0.0;150.0;
2025.10.27 00:00:00.000 GMT+00:00;28.5;195;23MAY30DU001§§XQ52;28313718;ЗАДАТЧИК РУЧНОГО УПРАВЛЕНИЯ ПД;;1;0.0;150.0;
2025.10.27 00:00:00.000 GMT+00:00;0.0;67;23MBV90CT001A§257039§OUT;28315264;Output Value;°C;1;0.0;100.0;
2025.10.27 00:00:00.000 GMT+00:00;0.0;27;23MBV90CT001A§§XQ01;28313897;T МСЛ СЛ ПОДШ КК;°C;1;0.0;100.0;
2025.10.27 00:00:00.000 GMT+00:00;0.0;227;23MBY10EP801§3217121§MAINTAL;28314873;Maintenance Alarm Limit;;1;0.0;100.0;
2025.10.27 00:00:00.000 GMT+00:00;0.0;227;23MBY10EP801§3217121§MAINTINT;28314104;Maintenance Interval (hours);;1;0.0;100.0;
2025.10.27 00:00:00.000 GMT+00:00;0.0;227;23MBY10EP801§3217122§MAINTAL;28314669;Maintenance Alarm Limit;;1;0.0;100.0;
2025.10.27 00:00:00.000 GMT+00:00;0.0;227;23MBY10EP801§3217122§MAINTINT;28314849;Maintenance Interval (hours);;1;0.0;100.0;
2025.10.27 00:00:00.000 GMT+00:00;89733.72;195;23MBY10EP801§§XQ11;28314185;ПТ-23;;1;0.0;100.0;
2025.10.27 00:00:00.000 GMT+00:00;235.0;195;23MBY10EP801§§XQ12;28314183;ПТ-23;;1;0.0;100.0;
2025.10.27 00:00:00.000 GMT+00:00;89733.72;195;23MBY10EP801§§XQ13;28314184;ПТ-23;;1;0.0;100.0;
2025.10.27 00:00:00.000 GMT+00:00;235.0;195;23MBY10EP801§§XQ14;28314182;ПТ-23;;1;0.0;100.0;
2025.10.27 00:00:00.000 GMT+00:00;56.31473;195;23MKA01CE003§§XQ01;28313382;АКТ N Г-23;МВт;1;-262.0;200.0;
2025.10.27 00:00:00.000 GMT+00:00;-17.485662;195;23MKA01CE004§§XQ01;28313229;РЕАКТ N Г-23;МВар;1;-265.0;265.0;
2025.10.27 00:00:00.000 GMT+00:00;50.036415;195;23MKA01CE005§§XQ01;28313352;ЧАСТ Г-23;ГЦ;1;45.0;55.0;
2025.10.27 00:00:00.000 GMT+00:00;1993.521;195;23MKA01CE012§§XQ01;28313291;I Г-23 ФАЗА A;А;1;0.0;10000.0;
2025.10.27 00:00:00.000 GMT+00:00;2077.2922;195;23MKA01CE022§§XQ01;28313139;I Г-23 ФАЗА B;А;1;0.0;10000.0;
2025.10.27 00:00:00.000 GMT+00:00;2191.2502;195;23MKA01CE032§§XQ01;28313310;I Г-23 ФАЗА C;А;1;0.0;10000.0;
2025.10.27 00:00:00.000 GMT+00:00;15954.627;195;23MKA01CE041§§XQ01;28313365;U AB Г-23;В;1;0.0;19700.0;
2025.10.27 00:00:00.000 GMT+00:00;15966.113;195;23MKA01CE051§§XQ01;28313300;U BC Г-23;В;1;0.0;19700.0;
2025.10.27 00:00:00.000 GMT+00:00;15880.546;195;23MKA01CE061§§XQ01;28313285;U CA Г-23;В;1;0.0;19700.0;
2025.10.27 00:00:00.000 GMT+00:00;1.2152778;195;23MKA01CE071§§XQ01;28313320;3Uo Г-23;В;1;0.0;100.0;
2025.10.27 00:00:00.000 GMT+00:00;50.23136;195;23MKA01CE103§§XQ01;28313248;АКТ N ТРФ СИСТ ВОЗБ 23MKC01;кВт;1;0.0;100.0;
2025.10.27 00:00:00.000 GMT+00:00;65.11;67;23MKA03CT101§256920§OUT;28315145;Output Value;%;1;0.0;1000.0;
2025.10.27 00:00:00.000 GMT+00:00;0.0;27;23MKA03CT101§§XQ01;28313836;T ОБМ СТАТ Т П3;°C;1;0.0;100.0;
2025.10.27 00:00:00.000 GMT+00:00;17.53;67;23MKA03CT102§256921§OUT;28315146;Output Value;%;1;0.0;1000.0;
2025.10.27 00:00:00.000 GMT+00:00;0.0;27;23MKA03CT102§§XQ01;28314018;T ОБМ СТАТ Т П11;°C;1;0.0;100.0;
2025.10.27 00:00:00.000 GMT+00:00;17.73;67;23MKA03CT103§256922§OUT;28315147;Output Value;%;1;0.0;1000.0;
2025.10.27 00:00:00.000 GMT+00:00;0.0;27;23MKA03CT103§§XQ01;28313822;T ОБМ СТАТ Т П23;°C;1;0.0;100.0;
2025.10.27 00:00:00.000 GMT+00:00;17.35;67;23MKA03CT104§256923§OUT;28315148;Output Value;%;1;0.0;1000.0;
2025.10.27 00:00:00.000 GMT+00:00;0.0;27;23MKA03CT104§§XQ01;28313946;T ОБМ СТАТ Т П31;°C;1;0.0;100.0;
2025.10.27 00:00:00.000 GMT+00:00;109.98;67;23MKA03CT105§256924§OUT;28315149;Output Value;%;1;0.0;1000.0;
2025.10.27 00:00:00.000 GMT+00:00;0.0;27;23MKA03CT105§§XQ01;28313987;T ОБМ СТАТ Т П43;°C;1;0.0;100.0;
2025.10.27 00:00:00.000 GMT+00:00;17.43;67;23MKA03CT106§256925§OUT;28315150;Output Value;%;1;0.0;1000.0;
2025.10.27 00:00:00.000 GMT+00:00;0.0;27;23MKA03CT106§§XQ01;28313892;T ОБМ СТАТ Т П51;°C;1;0.0;100.0;
2025.10.27 00:00:00.000 GMT+00:00;17.22;67;23MKA03CT107§256926§OUT;28315151;Output Value;%;1;0.0;1000.0;
2025.10.27 00:00:00.000 GMT+00:00;0.0;27;23MKA03CT107§§XQ01;28313843;T ОБМ СТАТ КК П3;°C;1;0.0;100.0;
2025.10.27 00:00:00.000 GMT+00:00;0.0;67;23MKA03CT108§256927§OUT;28315152;Output Value;%;1;0.0;1000.0;
2025.10.27 00:00:00.000 GMT+00:00;0.0;27;23MKA03CT108§§XQ01;28313866;T ОБМ СТАТ КК П11;°C;1;0.0;100.0;
2025.10.27 00:00:00.000 GMT+00:00;47.7;67;23MKA03CT109§256928§OUT;28315153;Output Value;%;1;0.0;1000.0;
2025.10.27 00:00:00.000 GMT+00:00;0.0;27;23MKA03CT109§§XQ01;28313909;T ОБМ СТАТ КК П23;°C;1;0.0;100.0;
2025.10.27 00:00:00.000 GMT+00:00;0.0;67;23MKA03CT110§256929§OUT;28315154;Output Value;%;1;0.0;1000.0;
2025.10.27 00:00:00.000 GMT+00:00;0.0;27;23MKA03CT110§§XQ01;28313926;T ОБМ СТАТ КК П31;°C;1;0.0;100.0;
2025.10.27 00:00:00.000 GMT+00:00;16.51;67;23MKA03CT111§256930§OUT;28315155;Output Value;%;1;0.0;1000.0;
2025.10.27 00:00:00.000 GMT+00:00;0.0;27;23MKA03CT111§§XQ01;28313961;T ОБМ СТАТ КК П43;°C;1;0.0;100.0;
2025.10.27 00:00:00.000 GMT+00:00;0.0;67;23MKA03CT112§256931§OUT;28315156;Output Value;%;1;0.0;1000.0;
2025.10.27 00:00:00.000 GMT+00:00;0.0;27;23MKA03CT112§§XQ01;28313930;T ОБМ СТАТ КК П51;°C;1;0.0;100.0;
2025.10.27 00:00:00.000 GMT+00:00;17.78;67;23MKA04CT101§256932§OUT;28315157;Output Value;°C;1;0.0;1000.0;
2025.10.27 00:00:00.000 GMT+00:00;0.0;27;23MKA04CT101§§XQ01;28313969;T АКТ СТ СЕРД СТАТ Т П3;°C;1;0.0;100.0;
2025.10.27 00:00:00.000 GMT+00:00;216.33;67;23MKA04CT102§256933§OUT;28315158;Output Value;%;1;0.0;1000.0;
2025.10.27 00:00:00.000 GMT+00:00;0.0;27;23MKA04CT102§§XQ01;28313991;T АКТ СТ СЕРД СТАТ Т П11;°C;1;0.0;100.0;
2025.10.27 00:00:00.000 GMT+00:00;17.48;67;23MKA04CT103§256934§OUT;28315159;Output Value;%;1;0.0;1000.0;
2025.10.27 00:00:00.000 GMT+00:00;0.0;27;23MKA04CT103§§XQ01;28313885;T АКТ СТ СЕРД СТАТ Т П23;°C;1;0.0;100.0;
2025.10.27 00:00:00.000 GMT+00:00;17.58;67;23MKA04CT104§256935§OUT;28315160;Output Value;%;1;0.0;1000.0;
2025.10.27 00:00:00.000 GMT+00:00;0.0;27;23MKA04CT104§§XQ01;28313981;T АКТ СТ СЕРД СТАТ Т П31;°C;1;0.0;100.0;
2025.10.27 00:00:00.000 GMT+00:00;17.07;67;23MKA04CT105§256936§OUT;28315161;Output Value;%;1;0.0;1000.0;
2025.10.27 00:00:00.000 GMT+00:00;0.0;27;23MKA04CT105§§XQ01;28313952;T АКТ СТ СЕРД СТАТ Т П43;°C;1;0.0;100.0;
2025.10.27 00:00:00.000 GMT+00:00;65.68;67;23MKA04CT106§256937§OUT;28315162;Output Value;%;1;0.0;1000.0;
2025.10.27 00:00:00.000 GMT+00:00;0.0;27;23MKA04CT106§§XQ01;28313970;T АКТ СТ СЕРД СТАТ Т П51;°C;1;0.0;100.0;
2025.10.27 00:00:00.000 GMT+00:00;24.98;67;23MKA04CT107§256938§OUT;28315163;Output Value;%;1;0.0;1000.0;
2025.10.27 00:00:00.000 GMT+00:00;0.0;27;23MKA04CT107§§XQ01;28313980;T АКТ СТ СЕРД СТАТ КК П3;°C;1;0.0;100.0;
2025.10.27 00:00:00.000 GMT+00:00;17.38;67;23MKA04CT108§256939§OUT;28315164;Output Value;%;1;0.0;1000.0;
2025.10.27 00:00:00.000 GMT+00:00;0.0;27;23MKA04CT108§§XQ01;28313856;T АКТ СТ СЕРД СТАТ КК П11;°C;1;0.0;100.0;
2025.10.27 00:00:00.000 GMT+00:00;256.89;67;23MKA04CT109§256940§OUT;28315165;Output Value;%;1;0.0;1000.0;
2025.10.27 00:00:00.000 GMT+00:00;0.0;27;23MKA04CT109§§XQ01;28313997;T АКТ СТ СЕРД СТАТ КК П23;°C;1;0.0;100.0;
2025.10.27 00:00:00.000 GMT+00:00;48.23;67;23MKA04CT110§256941§OUT;28315166;Output Value;%;1;0.0;1000.0;
2025.10.27 00:00:00.000 GMT+00:00;0.0;27;23MKA04CT110§§XQ01;28313872;T АКТ СТ СЕРД СТАТ КК П31;°C;1;0.0;100.0;
2025.10.27 00:00:00.000 GMT+00:00;30.06;67;23MKA04CT111§256942§OUT;28315167;Output Value;%;1;0.0;1000.0;
2025.10.27 00:00:00.000 GMT+00:00;0.0;27;23MKA04CT111§§XQ01;28313978;T АКТ СТ СЕРД СТАТ КК П43;°C;1;0.0;100.0;
2025.10.27 00:00:00.000 GMT+00:00;16.94;67;23MKA04CT112§256943§OUT;28315168;Output Value;°C;1;0.0;1000.0;
2025.10.27 00:00:00.000 GMT+00:00;0.0;27;23MKA04CT112§§XQ01;28314009;T АКТ СТ СЕРД СТАТ КК П51;°C;1;0.0;100.0;
2025.10.27 00:00:00.000 GMT+00:00;17.1;67;23MKA05CT001A§256944§OUT;28315169;Output Value;%;1;0.0;1000.0;
2025.10.27 00:00:00.000 GMT+00:00;0.0;27;23MKA05CT001A§§XQ01;28313979;Т ХОЛ ВОЗД СТАТ НА КОРП СТ;°C;1;0.0;100.0;
2025.10.27 00:00:00.000 GMT+00:00;16.51;67;23MKA05CT002A§256945§OUT;28315170;Output Value;°C;1;0.0;1000.0;
2025.10.27 00:00:00.000 GMT+00:00;0.0;27;23MKA05CT002A§§XQ01;28313894;Т ХОЛ ВОЗД СТАТ НА КОРП СТ;°C;1;0.0;100.0;
2025.10.27 00:00:00.000 GMT+00:00;16.84;67;23MKA05CT003A§256946§OUT;28315171;Output Value;°C;1;0.0;1000.0;
2025.10.27 00:00:00.000 GMT+00:00;0.0;27;23MKA05CT003A§§XQ01;28313999;Т ХОЛ ВОЗД СТАТ НА КОРП СТ;°C;1;0.0;100.0;
2025.10.27 00:00:00.000 GMT+00:00;16.08;67;23MKA05CT004A§256947§OUT;28315172;Output Value;°C;1;0.0;1000.0;
2025.10.27 00:00:00.000 GMT+00:00;0.0;27;23MKA05CT004A§§XQ01;28313965;Т ХОЛ ВОЗД СТАТ НА КОРП СТ;°C;1;0.0;100.0;
2025.10.27 00:00:00.000 GMT+00:00;17.05;67;23MKA05CT005A§256948§OUT;28315173;Output Value;°C;1;0.0;1000.0;
2025.10.27 00:00:00.000 GMT+00:00;0.0;27;23MKA05CT005A§§XQ01;28314022;Т ГОР ВОЗД СТАТ НА РАМЕ ВЗД;°C;1;0.0;100.0;
2025.10.27 00:00:00.000 GMT+00:00;16.64;67;23MKA05CT006A§256949§OUT;28315174;Output Value;°C;1;0.0;1000.0;
2025.10.27 00:00:00.000 GMT+00:00;0.0;27;23MKA05CT006A§§XQ01;28313886;Т ГОР ВОЗД СТАТ НА РАМЕ ВЗД;°C;1;0.0;100.0;
2025.10.27 00:00:00.000 GMT+00:00;16.51;67;23MKA05CT007A§256950§OUT;28315175;Output Value;°C;1;0.0;1000.0;
2025.10.27 00:00:00.000 GMT+00:00;0.0;27;23MKA05CT007A§§XQ01;28313906;Т ГОР ВОЗД СТАТ НА РАМЕ ВЗД;°C;1;0.0;100.0;
2025.10.27 00:00:00.000 GMT+00:00;19.53;67;23MKA05CT008A§256951§OUT;28315176;Output Value;°C;1;0.0;1000.0;
2025.10.27 00:00:00.000 GMT+00:00;0.0;27;23MKA05CT008A§§XQ01;28313934;Т ГОР ВОЗД СТАТ НА РАМЕ ВЗД;°C;1;0.0;100.0;
2025.10.27 00:00:00.000 GMT+00:00;47.16;67;23MKA05CT009A§256952§OUT;28315177;Output Value;°C;1;0.0;1000.0;
2025.10.27 00:00:00.000 GMT+00:00;0.0;27;23MKA05CT009A§§XQ01;28314033;T ХОЛ ВОЗД РОТ СТЕНКА СТ Т;°C;1;0.0;100.0;
2025.10.27 00:00:00.000 GMT+00:00;17.93;67;23MKA05CT010A§256953§OUT;28315178;Output Value;°C;1;0.0;1000.0;
2025.10.27 00:00:00.000 GMT+00:00;0.0;27;23MKA05CT010A§§XQ01;28313995;T ХОЛ ВОЗД РОТ СТЕНКА СТ Т;°C;1;0.0;100.0;
2025.10.27 00:00:00.000 GMT+00:00;19.55;67;23MKA05CT011A§256954§OUT;28315179;Output Value;°C;1;0.0;1000.0;
2025.10.27 00:00:00.000 GMT+00:00;0.0;27;23MKA05CT011A§§XQ01;28313881;T ХОЛ ВОЗД РОТ СТЕНКА СТ Т;°C;1;0.0;100.0;
2025.10.27 00:00:00.000 GMT+00:00;19.96;67;23MKA05CT012A§256955§OUT;28315180;Output Value;°C;1;0.0;1000.0;
2025.10.27 00:00:00.000 GMT+00:00;0.0;27;23MKA05CT012A§§XQ01;28314023;T ХОЛ ВОЗД РОТ СТЕНКА СТ Т;°C;1;0.0;100.0;
2025.10.27 00:00:00.000 GMT+00:00;16.16;67;23MKA05CT013A§256956§OUT;28315181;Output Value;°C;1;0.0;1000.0;
2025.10.27 00:00:00.000 GMT+00:00;0.0;27;23MKA05CT013A§§XQ01;28313923;T ХОЛ ВОЗД РОТ СТЕНКА СТ КК;°C;1;0.0;100.0;
2025.10.27 00:00:00.000 GMT+00:00;15.88;67;23MKA05CT014A§256957§OUT;28315182;Output Value;°C;1;0.0;1000.0;
2025.10.27 00:00:00.000 GMT+00:00;0.0;27;23MKA05CT014A§§XQ01;28313861;T ХОЛ ВОЗД РОТ СТЕНКА СТ КК;°C;1;0.0;100.0;
2025.10.27 00:00:00.000 GMT+00:00;16.92;67;23MKA05CT015A§256958§OUT;28315183;Output Value;°C;1;0.0;1000.0;
2025.10.27 00:00:00.000 GMT+00:00;0.0;27;23MKA05CT015A§§XQ01;28313988;T ХОЛ ВОЗД РОТ СТЕНКА СТ КК;°C;1;0.0;100.0;
2025.10.27 00:00:00.000 GMT+00:00;18.29;67;23MKA05CT016A§256959§OUT;28315184;Output Value;°C;1;0.0;1000.0;
2025.10.27 00:00:00.000 GMT+00:00;0.0;27;23MKA05CT016A§§XQ01;28313889;T ХОЛ ВОЗД РОТ СТЕНКА СТ КК;°C;1;0.0;100.0;
2025.10.27 00:00:00.000 GMT+00:00;17.98;67;23MKA05CT017A§256960§OUT;28315185;Output Value;°C;1;0.0;1000.0;
2025.10.27 00:00:00.000 GMT+00:00;0.0;27;23MKA05CT017A§§XQ01;28314013;T ГОР ВОЗД РОТ СТЕНКА СТ Т;°C;1;0.0;100.0;
2025.10.27 00:00:00.000 GMT+00:00;16.69;67;23MKA05CT018A§256961§OUT;28315186;Output Value;°C;1;0.0;1000.0;
2025.10.27 00:00:00.000 GMT+00:00;0.0;27;23MKA05CT018A§§XQ01;28313859;T ГОР ВОЗД РОТ СТЕНКА СТ Т;°C;1;0.0;100.0;
2025.10.27 00:00:00.000 GMT+00:00;17.22;67;23MKA05CT019A§256962§OUT;28315187;Output Value;°C;1;0.0;1000.0;
2025.10.27 00:00:00.000 GMT+00:00;0.0;27;23MKA05CT019A§§XQ01;28313931;T ГОР ВОЗД РОТ СТЕНКА СТ Т;°C;1;0.0;100.0;
2025.10.27 00:00:00.000 GMT+00:00;93.93;67;23MKA05CT020A§256963§OUT;28315188;Output Value;°C;1;0.0;1000.0;
2025.10.27 00:00:00.000 GMT+00:00;0.0;27;23MKA05CT020A§§XQ01;28313956;T ГОР ВОЗД РОТ СТЕНКА СТ Т;°C;1;0.0;100.0;
2025.10.27 00:00:00.000 GMT+00:00;16.26;67;23MKA05CT021A§256964§OUT;28315189;Output Value;°C;1;0.0;1000.0;
2025.10.27 00:00:00.000 GMT+00:00;0.0;27;23MKA05CT021A§§XQ01;28314024;T ГОР ВОЗД РОТ СТЕНКА СТ КК;°C;1;0.0;100.0;
2025.10.27 00:00:00.000 GMT+00:00;16.79;67;23MKA05CT022A§256965§OUT;28315190;Output Value;°C;1;0.0;1000.0;
2025.10.27 00:00:00.000 GMT+00:00;0.0;27;23MKA05CT022A§§XQ01;28313990;T ГОР ВОЗД РОТ СТЕНКА СТ КК;°C;1;0.0;100.0;
2025.10.27 00:00:00.000 GMT+00:00;16.77;67;23MKA05CT023A§256966§OUT;28315191;Output Value;°C;1;0.0;1000.0;
2025.10.27 00:00:00.000 GMT+00:00;0.0;27;23MKA05CT023A§§XQ01;28313915;T ГОР ВОЗД РОТ СТЕНКА СТ КК;°C;1;0.0;100.0;
2025.10.27 00:00:00.000 GMT+00:00;16.82;67;23MKA05CT024A§256967§OUT;28315192;Output Value;°C;1;0.0;1000.0;
2025.10.27 00:00:00.000 GMT+00:00;0.0;27;23MKA05CT024A§§XQ01;28313994;T ГОР ВОЗД РОТ СТЕНКА СТ КК;°C;1;0.0;100.0;
2025.10.27 00:00:00.000 GMT+00:00;0.0;27;23MKA06CT001§§XQ01;28314000;T ХОЛ ВОЗД ЩКА;°C;1;0.0;100.0;
2025.10.27 00:00:00.000 GMT+00:00;0.0;27;23MKA06CT002§§XQ01;28313982;T ГОР ВОЗД ЩКА;°C;1;0.0;100.0;
2025.10.27 00:00:00.000 GMT+00:00;0.0;11;23MKA06FT007§232724§OUT;28315360;Sum;°C;2;0.0;100.0;
2025.10.27 00:00:00.000 GMT+00:00;0.0;11;23MKA06FT007§257927§XQ01;28315361;Разность температур горячего и холодного воздуха щеточной траверсы Г-23;°C;2;0.0;100.0;
2025.10.27 00:00:00.000 GMT+00:00;0.0;67;23MKA06FT007§§XQ01;28314016;Разность температур горячего и холодного воздуха щеточной траверсы Г-23;°C;1;0.0;100.0;
2025.10.27 00:00:00.000 GMT+00:00;0.0;27;23MKA10CM001§§XQ01;28313985;ВЛАЖН ВОЗД Т;%;1;0.0;100.0;
2025.10.27 00:00:00.000 GMT+00:00;0.0;27;23MKA10CM002§§XQ01;28313877;ВЛАЖН ВОЗД КК;%;1;0.0;100.0;
2025.10.27 00:00:00.000 GMT+00:00;0.0;27;23MKA10CM003§§XQ01;28313848;ВЛАЖН ВОЗД ЩКА;%;1;0.0;100.0;
2025.10.27 00:00:00.000 GMT+00:00;0.0;27;23MKA10CT001§§XQ01;28313874;Т ГАЗ ГЕН Т;°C;1;0.0;100.0;
2025.10.27 00:00:00.000 GMT+00:00;0.0;27;23MKA10CT002§§XQ01;28313858;Т ГАЗ ГЕН КК;°C;1;0.0;100.0;
2025.10.27 00:00:00.000 GMT+00:00;0.0;27;23MKA10CT003§§XQ01;28313928;Т ГАЗ ГЕН ЩКА;°C;1;0.0;100.0;
2025.10.27 00:00:00.000 GMT+00:00;0.0;27;23MKA10FT001§§XQ01;28313860;ТОЧКА РОСЫ ГЕН Т;°C;1;0.0;100.0;
2025.10.27 00:00:00.000 GMT+00:00;0.0;27;23MKA10FT002§§XQ01;28313996;ТОЧКА РОСЫ ГЕН КК;°C;1;0.0;100.0;
2025.10.27 00:00:00.000 GMT+00:00;0.0;27;23MKA10FT003§§XQ01;28314011;ТОЧКА РОСЫ ГЕН ЩКА;°C;1;0.0;100.0;
2025.10.27 00:00:00.000 GMT+00:00;70.7798;195;23MKC01CE001§§XQ01;28313196;U РОТ Г-23;В;1;0.0;500.0;
2025.10.27 00:00:00.000 GMT+00:00;630.6486;195;23MKC01CE002§§XQ01;28313305;I РОТ Г-23;А;1;0.0;3000.0;
2025.10.27 00:00:00.000 GMT+00:00;72.171616;195;23MKC01CE101§§XQ01;28313154;U РОТ Г-23;В;1;0.0;500.0;
2025.10.27 00:00:00.000 GMT+00:00;618.16504;195;23MKC01CE102§§XQ01;28313264;I РОТ Г-23;А;1;0.0;3000.0;
2025.10.27 00:00:00.000 GMT+00:00;-0.15023223;195;23MKC01CE201§§XQ01;28313322;U РОТ Г-23;В;1;0.0;500.0;
2025.10.27 00:00:00.000 GMT+00:00;-9.997107;35;23MKC01CE202§§XQ01;28313257;I РОТ1 Г-23;А;1;0.0;100.0;
2025.10.27 00:00:00.000 GMT+00:00;0.71312195;195;23MKC01CE301§§XQ01;28313121;U РОТ Г-23;В;1;0.0;500.0;
2025.10.27 00:00:00.000 GMT+00:00;-9.997107;35;23MKC01CE302§§XQ01;28313318;I РОТ2 Г-23;А;1;0.0;100.0;
2025.10.27 00:00:00.000 GMT+00:00;-9.997107;35;23MKC01CE401§§XQ01;28313135;U ВОЗБ 1 Г-23;В;1;0.0;100.0;
2025.10.27 00:00:00.000 GMT+00:00;-9.997107;35;23MKC01CE501§§XQ01;28313194;U ВОЗБ 2 Г-23;В;1;0.0;100.0;
2025.10.27 00:00:00.000 GMT+00:00;-0.0941936;195;23MKC01CE601§§XQ01;28314952;U ВОЗБ Г-23 (Г-1);В;1;0.0;500.0;
2025.10.27 00:00:00.000 GMT+00:00;4.6296296;195;23MKC01CE602§§XQ01;28314951;I ВОЗБ Г-23 (Г-1);А;1;0.0;4000.0;
2025.10.27 00:00:00.000 GMT+00:00;60.282978;195;23MKD11CT001§§XQ01;28312461;T МСЛ СЛ ПОДШ 5;°C;1;0.0;120.0;
2025.10.27 00:00:00.000 GMT+00:00;69.29972;195;23MKD11CT011§§XQ01;28312500;T БАБ ВКЛ ПОДШ 5;°C;1;0.0;150.0;
2025.10.27 00:00:00.000 GMT+00:00;72.79981;195;23MKD11CT012§§XQ01;28312268;T БАБ ВКЛ ПОДШ 5;°C;1;0.0;150.0;
2025.10.27 00:00:00.000 GMT+00:00;3.795324;195;23MKD11CY001§§XQ01;28312636;ВИБР (В) ОПОР ПОДШ 5;мм/с;1;0.0;15.0;
2025.10.27 00:00:00.000 GMT+00:00;0.38982466;195;23MKD11CY002§§XQ01;28312530;ВИБР (П) ОПОР ПОДШ 5;мм/с;1;0.0;15.0;
2025.10.27 00:00:00.000 GMT+00:00;1.7347485;195;23MKD11CY003§§XQ01;28312228;ВИБР (О) ОПОР ПОДШ 5;мм/с;1;0.0;15.0;
2025.10.27 00:00:00.000 GMT+00:00;135.73198;195;23MKD11CY004§§XQ01;28312318;ВИБР (В) РОТ ПОДШ 5;мкм;1;0.0;500.0;
2025.10.27 00:00:00.000 GMT+00:00;79.79254;195;23MKD11CY005§§XQ01;28312324;ВИБР (П) РОТ ПОДШ 5;мкм;1;0.0;500.0;
2025.10.27 00:00:00.000 GMT+00:00;0.0;67;23MKD12CT101A§257035§OUT;28315260;Output Value;°C;1;0.0;1000.0;
2025.10.27 00:00:00.000 GMT+00:00;0.0;27;23MKD12CT101A§§XQ01;28313962;Т БАБ ВКЛ ПОДШ КК;°C;1;0.0;100.0;
2025.10.27 00:00:00.000 GMT+00:00;0.0;67;23MKD12CT101B§257036§OUT;28315261;Output Value;°C;1;0.0;1000.0;
2025.10.27 00:00:00.000 GMT+00:00;0.0;27;23MKD12CT101B§§XQ01;28313940;Т БАБ ВКЛ ПОДШ КК;°C;1;0.0;100.0;
2025.10.27 00:00:00.000 GMT+00:00;1.9108717;195;23MKD12CY001§§XQ01;28312627;ВИБР (В) ОПОР ПОДШ 6;мм/с;1;0.0;15.0;
2025.10.27 00:00:00.000 GMT+00:00;1.8563938;195;23MKD12CY002§§XQ01;28312603;ВИБР (П) ОПОР ПОДШ 6;мм/с;1;0.0;15.0;
2025.10.27 00:00:00.000 GMT+00:00;3.1024728;195;23MKD12CY003§§XQ01;28312524;ВИБР (О) ОПОР ПОДШ 6;мм/с;1;0.0;15.0;
2025.10.27 00:00:00.000 GMT+00:00;18.373707;195;23MKD12CY004§§XQ01;28312262;ВИБР (В) РОТ ПОДШ 6;мкм;1;0.0;500.0;
2025.10.27 00:00:00.000 GMT+00:00;14.925532;195;23MKD12CY005§§XQ01;28312291;ВИБР (П) РОТ ПОДШ 6;мкм;1;0.0;500.0;
2025.10.27 00:00:00.000 GMT+00:00;-61.642796;195;23NAA11CP001§§XQ01;28313717;ИЗМЕРЕНИЕ 1 ДАВЛЕНИЯ ПАРА В ОТБОРЕ К ПСГ-1;кПа;1;-100.0;150.0;
2025.10.27 00:00:00.000 GMT+00:00;-65.50264;195;23NAA11CP901§§XQ01;28313753;ИЗМЕРЕНИЕ ДАВЛЕНИЯ ПАРА В ОТБОРЕ ПСГ-1 ПТ23;кПа;1;-100.0;150.0;
2025.10.27 00:00:00.000 GMT+00:00;73.80002;195;23NAA11CT001§§XQ01;28312998;T П ПЕРЕД ПСГ-1;°C;1;0.0;300.0;
2025.10.27 00:00:00.000 GMT+00:00;-65.53096;195;23NAA12CP001§§XQ01;28313780;ИЗМЕРЕНИЕ 2 ДАВЛЕНИЯ ПАРА В ОТБОРЕ К ПСГ-1;кПа;1;-100.0;150.0;
2025.10.27 00:00:00.000 GMT+00:00;73.600006;195;23NAA12CT001§§XQ01;28313107;T П ПЕРЕД ПСГ-1;°C;1;0.0;300.0;
2025.10.27 00:00:00.000 GMT+00:00;-56.449455;195;23NAA21CP001§§XQ01;28312634;P П ПЕРЕД ПСГ-2;кПа;1;-100.0;500.0;
2025.10.27 00:00:00.000 GMT+00:00;83.1;195;23NAA21CT001§§XQ01;28313038;T П ПЕРЕД ПСГ-2;°C;1;0.0;300.0;
2025.10.27 00:00:00.000 GMT+00:00;-55.759743;195;23NAA22CP001§§XQ01;28312246;P П ПЕРЕД ПСГ-2;кПа;1;-100.0;500.0;
2025.10.27 00:00:00.000 GMT+00:00;83.20001;195;23NAA22CT001§§XQ01;28313099;T П ПЕРЕД ПСГ-2;°C;1;0.0;300.0;
2025.10.27 00:00:00.000 GMT+00:00;-124.99277;35;23NAB10CP001§§XQ01;28313022;P КНД СЛИВ ПСГ-1;кПа;1;-100.0;150.0;
2025.10.27 00:00:00.000 GMT+00:00;70.5;195;23NAB10CT001§§XQ01;28313078;T КНД СЛИВ ПСГ-1;°C;1;-50.0;200.0;
2025.10.27 00:00:00.000 GMT+00:00;-0.24992765;35;23NAB15CP001§§XQ01;28312984;P НКОЛ СЭН;МПа;1;0.0;2.5;
2025.10.27 00:00:00.000 GMT+00:00;-9.997107;35;23NAB16CQ001§§XQ01;28313293;Na КОНД ПОСЛЕ ПСГ-1;мкг/л;1;0.0;100.0;
2025.10.27 00:00:00.000 GMT+00:00;-9.997107;35;23NAB20CQ001§§XQ01;28313207;Na КОНД ПОСЛЕ ПСГ-2;мкг/л;1;0.0;100.0;
2025.10.27 00:00:00.000 GMT+00:00;82.89325;195;23NAB20CT001§§XQ01;28313094;T КНД СЛИВ ПСГ-2;°C;1;-50.0;200.0;
2025.10.27 00:00:00.000 GMT+00:00;383.03778;195;23NDD10CL001§§XQ01;28313009;L ПСГ-1;мм;1;0.0;1000.0;
2025.10.27 00:00:00.000 GMT+00:00;394.30624;195;23NDD10CL002§§XQ01;28313061;L ПСГ-1;мм;1;0.0;1000.0;
2025.10.27 00:00:00.000 GMT+00:00;387.28232;195;23NDD10CL901§ASEL§OUT;28313097;Output Value;мм;1;0.0;1000.0;
2025.10.27 00:00:00.000 GMT+00:00;388.27008;195;23NDD10CL901§§XQ01;28312992;L ПСГ-1;мм;1;0.0;1000.0;
2025.10.27 00:00:00.000 GMT+00:00;-31.177317;195;23NDD10DL001§244548§OUT;28313108;Output Value;;1;0.0;100.0;
2025.10.27 00:00:00.000 GMT+00:00;1.5811388;195;23NDD10DL001§§GAIN;28312999;КЛ РЕГ L КНД ПСГ-1;;1;0.0;100.0;
2025.10.27 00:00:00.000 GMT+00:00;700.0;227;23NDD10DL001§§XQ02;28312981;РЕГ L в ПСГ-1;мм;1;100.0;1000.0;
2025.10.27 00:00:00.000 GMT+00:00;-9.567422;195;23NDD20CL001§§XQ01;28313088;L ПСГ-2;мм;1;0.0;1000.0;
2025.10.27 00:00:00.000 GMT+00:00;-9.770252;195;23NDD20CL002§§XQ01;28313091;L ПСГ-2;мм;1;0.0;1000.0;
2025.10.27 00:00:00.000 GMT+00:00;-9.690418;195;23NDD20CL901§ASEL§OUT;28313073;Output Value;мм;1;0.0;1000.0;
2025.10.27 00:00:00.000 GMT+00:00;-9.685301;195;23NDD20CL901§§XQ01;28313048;L ПСГ-2;мм;1;0.0;1000.0;
2025.10.27 00:00:00.000 GMT+00:00;0.8718295;195;23PCB20AA801§242840§OUT;28312631;Output Value;;1;0.0;100.0;
2025.10.27 00:00:00.000 GMT+00:00;18.364864;195;23PCB20CG801§§XQ01;28312573;КЛ РЕГ ПОД ТХВ БАК;%;1;0.0;100.0;
2025.10.27 00:00:00.000 GMT+00:00;0.25244388;195;23PCB20CP002§§XQ01;28312516;P В ПЕРЕД МОХЛ;МПа;1;0.0;0.4;
2025.10.27 00:00:00.000 GMT+00:00;16.596096;195;23PCB20CT001§§XQ01;28312580;T В ПЕРЕД МОХЛ;°C;1;0.0;100.0;
2025.10.27 00:00:00.000 GMT+00:00;33.9;195;23PCB21CT001§§XQ01;28312554;T  В ВХ МОХЛ;°C;1;0.0;100.0;
2025.10.27 00:00:00.000 GMT+00:00;23.79996;195;23PCB22CT001§§XQ01;28312292;T В ПОСЛЕ МОХЛ;°C;1;0.0;100.0;
2025.10.27 00:00:00.000 GMT+00:00;0.99461466;195;23PCB23AA801§§GAIN;28312374;КЛ РЕГ СЛ В ОХЛ ПОСЛЕ МОХЛ СМЗ;;1;0.0;100.0;
2025.10.27 00:00:00.000 GMT+00:00;22.337963;195;23PCB23CG801§§XQ01;28312545;КЛ РЕГ СЛ В ОХЛ ПОСЛЕ МОХЛ СМЗ;%;1;0.0;100.0;
2025.10.27 00:00:00.000 GMT+00:00;0.8718295;195;23PCB51AA801§242748§OUT;28312439;Output Value;;1;0.0;100.0;
2025.10.27 00:00:00.000 GMT+00:00;16.503351;195;23PCB51AA801§242757§OUT;28312587;Output Value;;1;0.0;100.0;
2025.10.27 00:00:00.000 GMT+00:00;1.0;227;23PCB51AA801§242764§OUT;28312417;Output Value;;1;0.0;100.0;
2025.10.27 00:00:00.000 GMT+00:00;99.97106;195;23PCB51CG801§§XQ01;28312289;КЛ РЕГ СЛ В ОХЛ ПОСЛЕ МОХЛ СМЗ;%;1;0.0;100.0;
2025.10.27 00:00:00.000 GMT+00:00;17.5;195;23PCB51CT001§§XQ01;28312272;T В ПОСЛЕ МОХЛ СРПТ;°C;1;-50.0;500.0;
2025.10.27 00:00:00.000 GMT+00:00;407.10333;195;23PCB60CF001§§XQ01;28312414;F В ПЕРЕД ВОХЛ Г-23 1;т/ч;1;0.0;760.0;
2025.10.27 00:00:00.000 GMT+00:00;407.86188;195;23PCB60CF002§§XQ01;28312484;F В ПЕРЕД ВОХЛ Г-23 2;т/ч;1;0.0;760.0;
2025.10.27 00:00:00.000 GMT+00:00;407.2594;195;23PCB60CF003§§XQ01;28312486;F В ПЕРЕД ВОХЛ Г-23 3;т/ч;1;0.0;760.0;
2025.10.27 00:00:00.000 GMT+00:00;406.7514;195;23PCB60CF901§§XQ01;28312234;СР F ВОД ВО Г-23 ЛОГ УПР;т/ч;1;0.0;760.0;
2025.10.27 00:00:00.000 GMT+00:00;0.0;27;23PCB60CP001§§XQ01;28314020;P ТЕХ ВОДЫ НА ВХ ВОЗДХ;°C;1;0.0;100.0;
2025.10.27 00:00:00.000 GMT+00:00;2.5084693;195;23PCB60CP002§§XQ01;28312313;P В ВОХЛ Г-23;кПа;1;0.0;40.0;
2025.10.27 00:00:00.000 GMT+00:00;16.19;67;23PCB60CT001§256968§OUT;28315193;Output Value;°C;1;0.0;1000.0;
2025.10.27 00:00:00.000 GMT+00:00;0.0;27;23PCB60CT001§§XQ01;28313974;T ТЕХ ВОДЫ НА ВХ ВОЗДХ;°C;1;0.0;100.0;
2025.10.27 00:00:00.000 GMT+00:00;16.49;67;23PCB62CT001§256969§OUT;28315194;Output Value;°C;1;0.0;1000.0;
2025.10.27 00:00:00.000 GMT+00:00;0.0;27;23PCB62CT001§§XQ01;28313828;T ТЕХ ВОДЫ НА ВЫХ ВОЗДХ;°C;1;0.0;100.0;
2025.10.27 00:00:00.000 GMT+00:00;16.89;67;23PCB64CT001§256970§OUT;28315195;Output Value;°C;1;0.0;1000.0;
2025.10.27 00:00:00.000 GMT+00:00;0.0;27;23PCB64CT001§§XQ01;28314028;T ТЕХ ВОДЫ НА ВЫХ ВОЗДХ;°C;1;0.0;100.0;
2025.10.27 00:00:00.000 GMT+00:00;16.67;67;23PCB66CT001§256971§OUT;28315196;Output Value;°C;1;0.0;1000.0;
2025.10.27 00:00:00.000 GMT+00:00;0.0;27;23PCB66CT001§§XQ01;28313865;T ТЕХ ВОДЫ НА ВЫХ ВОЗДХ;°C;1;0.0;100.0;
2025.10.27 00:00:00.000 GMT+00:00;17.22;67;23PCB68CT001§256972§OUT;28315197;Output Value;°C;1;0.0;1000.0;
2025.10.27 00:00:00.000 GMT+00:00;0.0;27;23PCB68CT001§§XQ01;28313905;T ТЕХ ВОДЫ НА ВЫХ ВОЗДХ;°C;1;0.0;100.0;
2025.10.27 00:00:00.000 GMT+00:00;39.49653;195;23PCB69CG801§§XQ01;28312507;КЛ РЕГ СЛ В ОХЛ ПОСЛЕ ВЗДО Г-23;%;1;0.0;100.0;
2025.10.27 00:00:00.000 GMT+00:00;76.0;11;App_SERVER_2§CoServer3§HD_PRT1_USED;28315046;usage space of partition 1 (c:)[%];;1;0.0;100.0;
2025.10.27 00:00:00.000 GMT+00:00;46.0;11;App_SERVER_2§CoServer3§HD_PRT2_USED;28315052;usage space of partition 2 (d:)[%];;1;0.0;100.0;
2025.10.27 00:00:00.000 GMT+00:00;0.0;11;App_SERVER_2§CoServer3§HD_PRT3_USED;28315048;usage space of partition 3 (e:)[%];;1;0.0;100.0;
2025.10.27 00:00:00.000 GMT+00:00;84.0;11;App_SERVER_2§CoServer3§PHYS_MEM_USED;28315043;physical memory usage[%];;1;0.0;100.0;
2025.10.27 00:00:00.000 GMT+00:00;43.0;11;App_SERVER_2§CoServer3§VIRTUAL_MEM_USED;28315050;virtual system memory usage[%];;1;0.0;100.0;
2025.10.27 00:00:00.000 GMT+00:00;67.0;11;App_SERVER_2§CoServer4§HD_PRT1_USED;28315045;usage space of partition 1 (c:)[%];;1;0.0;100.0;
2025.10.27 00:00:00.000 GMT+00:00;46.0;11;App_SERVER_2§CoServer4§HD_PRT2_USED;28315049;usage space of partition 2 (d:)[%];;1;0.0;100.0;
2025.10.27 00:00:00.000 GMT+00:00;0.0;11;App_SERVER_2§CoServer4§HD_PRT3_USED;28315044;usage space of partition 3 (e:)[%];;1;0.0;100.0;
2025.10.27 00:00:00.000 GMT+00:00;89.0;11;App_SERVER_2§CoServer4§PHYS_MEM_USED;28315047;physical memory usage[%];;1;0.0;100.0;
2025.10.27 00:00:00.000 GMT+00:00;46.0;11;App_SERVER_2§CoServer4§VIRTUAL_MEM_USED;28315051;virtual system memory usage[%];;1;0.0;100.0;
2025.10.27 00:00:00.000 GMT+00:00;34.37752;195;App_SERVER_2§§APP_LOAD;28314899;Диагностика серверов 2;;1;0.0;100.0;
2025.10.27 00:00:00.000 GMT+00:00;39.0;195;App_SERVER_2§§APP_MEMORY;28314896;Диагностика серверов 2;;1;0.0;100.0;
2025.10.27 00:00:00.000 GMT+00:00;0.0;11;App_SERVER§CoServer1§HD_PRT1;28314946;available space of partition 1 (c:) in MBytes;;2;0.0;100.0;
2025.10.27 00:00:00.000 GMT+00:00;72.0;11;App_SERVER§CoServer1§HD_PRT1_USED;28314945;usage space of partition 1 (c:)[%];;1;0.0;100.0;
2025.10.27 00:00:00.000 GMT+00:00;0.0;11;App_SERVER§CoServer1§HD_PRT2;28314950;available space of partition 2 (d:) in MBytes;;2;0.0;100.0;
2025.10.27 00:00:00.000 GMT+00:00;97.0;11;App_SERVER§CoServer1§HD_PRT2_USED;28314947;usage space of partition 2 (d:)[%];;1;0.0;100.0;
2025.10.27 00:00:00.000 GMT+00:00;0.0;11;App_SERVER§CoServer1§HD_PRT3;28314948;available space of partition 3 (e:) in MBytes;;2;0.0;100.0;
2025.10.27 00:00:00.000 GMT+00:00;0.0;43;App_SERVER§CoServer1§HD_PRT3_USED;28314949;usage space of partition 3 (e:)[%];;1;0.0;100.0;
2025.10.27 00:00:00.000 GMT+00:00;81.0;11;App_SERVER§CoServer1§PHYS_MEM_USED;28315037;physical memory usage[%];;1;0.0;100.0;
2025.10.27 00:00:00.000 GMT+00:00;47.0;11;App_SERVER§CoServer1§VIRTUAL_MEM_USED;28315040;virtual system memory usage[%];;1;0.0;100.0;
2025.10.27 00:00:00.000 GMT+00:00;66.0;195;App_SERVER§CoServer2§HD_PRT1_USED;28315042;usage space of partition 1 (c:)[%];;1;0.0;100.0;
2025.10.27 00:00:00.000 GMT+00:00;96.0;195;App_SERVER§CoServer2§HD_PRT2_USED;28315041;usage space of partition 2 (d:)[%];;1;0.0;100.0;
2025.10.27 00:00:00.000 GMT+00:00;0.0;43;App_SERVER§CoServer2§HD_PRT3_USED;28315038;usage space of partition 3 (e:)[%];;1;0.0;100.0;
2025.10.27 00:00:00.000 GMT+00:00;90.0;195;App_SERVER§CoServer2§PHYS_MEM_USED;28315036;physical memory usage[%];;1;0.0;100.0;
2025.10.27 00:00:00.000 GMT+00:00;45.0;195;App_SERVER§CoServer2§VIRTUAL_MEM_USED;28315039;virtual system memory usage[%];;1;0.0;100.0;
2025.10.27 00:00:00.000 GMT+00:00;20.003073;195;App_SERVER§p02ap01_OS§APP_LOAD;28314891;Диагностика серверов;;1;0.0;100.0;
2025.10.27 00:00:00.000 GMT+00:00;58.0;195;App_SERVER§p02ap01_OS§APP_MEMORY;28314890;Диагностика серверов;;1;0.0;100.0;
2025.10.27 00:00:00.000 GMT+00:00;199.0;195;CALC§ЗАДАТЧИК N§OUT;28314984;Output Value;МВт;1;90.0;500.0;
2025.10.27 00:00:00.000 GMT+00:00;0.0;227;CALC§ЗД МИН§OUT;28315028;Output Value;Ч;1;0.0;59.0;
2025.10.27 00:00:00.000 GMT+00:00;0.0;227;CALC§ЗД Ч§OUT;28315029;Output Value;Ч;1;0.0;23.0;
2025.10.27 00:00:00.000 GMT+00:00;0.0;227;ER1§§XQ010;28314925;РАССОГЛАСОВАНИЕ НА ПИД ГМФ 1;;1;0.0;100.0;
2025.10.27 00:00:00.000 GMT+00:00;0.0;227;ER2§§XQ010;28314924;РАССОГЛАСОВАНИЕ НА ПИД ГМФ 2;;1;0.0;100.0;
2025.10.27 00:00:00.000 GMT+00:00;0.0;227;ER3§§XQ010;28314923;РАССОГЛАСОВАНИЕ НА ПИД ГМФ 3;;1;0.0;100.0;
2025.10.27 00:00:00.000 GMT+00:00;0.0;195;ESD_SEQ_10_STEP§§XQ01;28312772;N ШАГА ШП АВ ОСТ;;1;0.0;100.0;
2025.10.27 00:00:00.000 GMT+00:00;0.0;227;ESD_SEQ_20_STEP§§XQ01;28313111;N ШАГА ШП АВ ОСТ;;1;0.0;100.0;
2025.10.27 00:00:00.000 GMT+00:00;0.0;227;ESD_SEQ_30_STEP§§XQ01;28312937;N ШАГА ШП АВ ОСТ;;1;0.0;100.0;
2025.10.27 00:00:00.000 GMT+00:00;0.0;227;LAN_Application_HW§p02app1§NETWORK_ERRORS;28314892;Total error rate in percent over all ports;;1;0.0;100.0;
2025.10.27 00:00:00.000 GMT+00:00;0.0;227;LAN_Application_HW§p02app2§NETWORK_ERRORS;28314893;Total error rate in percent over all ports;;1;0.0;100.0;
2025.10.27 00:00:00.000 GMT+00:00;0.0;227;LAN_Application_HW§p02app3§NETWORK_ERRORS;28314895;Total error rate in percent over all ports;;1;0.0;100.0;
2025.10.27 00:00:00.000 GMT+00:00;0.0;227;LAN_Application_HW§p02app4§NETWORK_ERRORS;28314897;Total error rate in percent over all ports;;1;0.0;100.0;
2025.10.27 00:00:00.000 GMT+00:00;0.0;227;LAN_Automation_HW§p02aut1§NETWORK_ERRORS;28314898;Total error rate in percent over all ports;;1;0.0;100.0;
2025.10.27 00:00:00.000 GMT+00:00;0.0;227;LAN_Automation_HW§p02aut2§NETWORK_ERRORS;28314894;Total error rate in percent over all ports;;1;0.0;100.0;
2025.10.27 00:00:00.000 GMT+00:00;0.0;11;OPC_ASUE§238831§OUT;28313870;Output;;1;0.0;100.0;
2025.10.27 00:00:00.000 GMT+00:00;23.0;227;PROCESS_10_SP§§XQ01;28312691;МОТОЧАСЫ;;1;0.0;100.0;
2025.10.27 00:00:00.000 GMT+00:00;0.0;227;PROCESS_20_SP§§XQ01;28313222;МОТОЧАСЫ;;1;0.0;100.0;
2025.10.27 00:00:00.000 GMT+00:00;0.0;227;PROCESS_30_SP§§XQ01;28312753;МОТОЧАСЫ;;1;0.0;100.0;
2025.10.27 00:00:00.000 GMT+00:00;0.0;195;START_SEQ_10_STEP§§XQ01;28312918;N ШАГА ШП СТАРТА;;1;0.0;100.0;
2025.10.27 00:00:00.000 GMT+00:00;0.0;195;START_SEQ_20_STEP§§XQ01;28313206;N ШАГА ШП СТАРТА;;1;0.0;100.0;
2025.10.27 00:00:00.000 GMT+00:00;0.0;195;START_SEQ_30_STEP§§XQ01;28312931;N ШАГА ШП СТАРТА;;1;0.0;100.0;
2025.10.27 00:00:00.000 GMT+00:00;0.0;195;STBY_SEQ_10_STEP§§XQ01;28312781;N ШАГА ШП В РЕЗЕРВ;;1;0.0;100.0;
2025.10.27 00:00:00.000 GMT+00:00;0.0;195;STBY_SEQ_20_STEP§§XQ01;28313120;N ШАГА ШП В РЕЗЕРВ;;1;0.0;100.0;
2025.10.27 00:00:00.000 GMT+00:00;0.0;195;STBY_SEQ_30_STEP§§XQ01;28312752;N ШАГА ШП В РЕЗЕРВ;;1;0.0;100.0;
2025.10.27 00:00:00.000 GMT+00:00;0.0;195;STOP_SEQ_10_STEP§§XQ01;28312926;N ШАГА ШП НОРМ ОСТ;;1;0.0;100.0;
2025.10.27 00:00:00.000 GMT+00:00;0.0;195;STOP_SEQ_20_STEP§§XQ01;28313198;N ШАГА ШП НОРМ ОСТ;;1;0.0;100.0;
2025.10.27 00:00:00.000 GMT+00:00;0.0;195;STOP_SEQ_30_STEP§§XQ01;28312894;N ШАГА ШП НОРМ ОСТ;;1;0.0;100.0;
2025.10.27 00:00:00.000 GMT+00:00;0.0;11;TIME_T§247096§HH;28314981;Sum;;2;0.0;24.0;
2025.10.27 00:00:00.000 GMT+00:00;0.0;11;TIME_T§247097§HH;28314979;Sum;;2;0.0;24.0;
2025.10.27 00:00:00.000 GMT+00:00;0.0;11;TIME_T§247102§OUT;28314986;Sum;МИН;2;0.0;60.0;
2025.10.27 00:00:00.000 GMT+00:00;0.0;11;TIME_T§247103§OUT;28314985;Sum;МИН;2;0.0;60.0;
2025.10.27 00:00:00.000 GMT+00:00;2.0;195;TIME_T§247133§OUT;28314994;Sum;Ч;1;0.0;24.0;
2025.10.27 00:00:00.000 GMT+00:00;59.0;195;TIME_T§247136§OUT;28314987;Sum;Ч;1;0.0;24.0;
2025.10.27 00:00:00.000 GMT+00:00;2.0;195;TIME_T§247138§OUT;28314995;Output Value;;1;0.0;100.0;
2025.10.27 00:00:00.000 GMT+00:00;59.0;195;TIME_T§247143§OUT;28314992;Sum;Ч;1;0.0;24.0;
2025.10.27 00:00:00.000 GMT+00:00;57.0;195;TIME_T§247146§OUT;28314990;Output Value;;1;0.0;100.0;
2025.10.27 00:00:00.000 GMT+00:00;0.0;195;TIME_T§247149§OUT;28314998;Output Value;;1;0.0;100.0;
2025.10.27 00:00:00.000 GMT+00:00;59.0;195;TIME_T§247150§OUT;28314997;Sum;Ч;1;0.0;24.0;
2025.10.27 00:00:00.000 GMT+00:00;58.0;195;TIME_T§247153§OUT;28314991;Output Value;;1;0.0;100.0;
2025.10.27 00:00:00.000 GMT+00:00;2.0;195;TIME_T§247156§OUT;28314988;Sum;Ч;1;0.0;24.0;
2025.10.27 00:00:00.000 GMT+00:00;0.0;195;TIME_T§247158§OUT;28314999;Output Value;;1;0.0;100.0;
2025.10.27 00:00:00.000 GMT+00:00;2.0;195;TIME_T§L§HH;28314989;;Ч;1;0.0;24.0;
2025.10.27 00:00:00.000 GMT+00:00;58.0;195;TIME_T§L§MM;28314993;;МИН;1;0.0;60.0;
2025.10.27 00:00:00.000 GMT+00:00;58.0;195;TIME_T§L§SS;28314996;;СЕК;1;0.0;60.0;
2025.10.27 00:00:00.000 GMT+00:00;27.0;195;TIME_T§§DD;28315025;;ДЕНЬ;1;1.0;31.0;
2025.10.27 00:00:00.000 GMT+00:00;2.0;195;TIME_T§§HH;28314980;;Ч;1;0.0;24.0;
2025.10.27 00:00:00.000 GMT+00:00;58.0;195;TIME_T§§MM;28314983;;МИН;1;0.0;60.0;
2025.10.27 00:00:00.000 GMT+00:00;10.0;195;TIME_T§§MONTH;28315027;;МЕС;1;1.0;12.0;
2025.10.27 00:00:00.000 GMT+00:00;58.0;195;TIME_T§§SS;28314982;;СЕК;1;0.0;60.0;
2025.10.27 00:00:00.000 GMT+00:00;2025.0;227;TIME_T§§YY;28315023;;Г;1;0.0;2099.0;
2025.10.27 00:00:00.000 GMT+00:00;0.0;227;TIME_T§ЗД МИН§OUT;28315026;Output Value;Ч;1;0.0;59.0;
2025.10.27 00:00:00.000 GMT+00:00;0.0;227;TIME_T§ЗД Ч§OUT;28315024;Output Value;Ч;1;0.0;23.0;
2025.10.27 00:00:00.000 GMT+00:00;0.0;11;TMP_TRG§246530§XQ010;28315009;РАССОГЛАСОВАНИЕ НА ПИД ГМФ 1;;2;0.0;100.0;
2025.10.27 00:00:00.000 GMT+00:00;0.0;11;TMP_TRG§246531§OUT;28315010;Output Value;;2;0.0;100.0;
2025.10.27 00:00:00.000 GMT+00:00;0.0;11;TMP_TRG§246534§OUT;28315007;Output Value;;2;0.0;100.0;
2025.10.27 00:00:00.000 GMT+00:00;0.0;11;TMP_TRG§246535§XQ01;28315011;УП МАСТЕРА;;2;0.0;100.0;
2025.10.27 00:00:00.000 GMT+00:00;0.0;11;TMP_TRG§246538§XQ010;28315012;РАССОГЛАСОВАНИЕ НА ПИД ГМФ 2;;2;0.0;100.0;
2025.10.27 00:00:00.000 GMT+00:00;0.0;11;TMP_TRG§246542§XQ010;28315008;РАССОГЛАСОВАНИЕ НА ПИД ГМФ 3;;2;0.0;100.0;
2025.10.27 00:00:00.000 GMT+00:00;0.0;227;VALUE_10_SPARE_01§§XQ01;28312856;РЕЗЕРВ;;1;0.0;100.0;
2025.10.27 00:00:00.000 GMT+00:00;0.0;227;VALUE_10_SPARE_02§§XQ01;28312959;РЕЗЕРВ;;1;0.0;100.0;
2025.10.27 00:00:00.000 GMT+00:00;0.0;227;VALUE_20_SPARE_01§§XQ01;28313115;РЕЗЕРВ;;1;0.0;100.0;
2025.10.27 00:00:00.000 GMT+00:00;0.0;227;VALUE_20_SPARE_02§§XQ01;28313340;РЕЗЕРВ;;1;0.0;100.0;
2025.10.27 00:00:00.000 GMT+00:00;0.0;227;VALUE_30_SPARE_01§§XQ01;28312956;РЕЗЕРВ;;1;0.0;100.0;
2025.10.27 00:00:00.000 GMT+00:00;0.0;227;VALUE_30_SPARE_02§§XQ01;28312652;РЕЗЕРВ;;1;0.0;100.0;
2025.10.27 00:00:00.000 GMT+00:00;0.3601179;195;_23LBA10CP901§154923§XQ02;28312295;P ПМЧ ВХ ЦВД ЛОГ УПР;МПа;1;0.0;10.0;
2025.10.27 00:00:00.000 GMT+00:00;0.45218462;195;_23LBA60CP001§§XQ02;28312515;P ПАРА НД 1 ЛОГ УПР;МПа;1;0.0;1.0;
2025.10.27 00:00:00.000 GMT+00:00;0.45536748;195;_23LBA60CP002§§XQ02;28312347;P ПАРА НД 2 ЛОГ УПР;МПа;1;0.0;1.0;
2025.10.27 00:00:00.000 GMT+00:00;0.044295877;195;_23LBA60CP901§§XQ02;28312569;P ПАРА НД ЛОГ УПР;МПа;1;0.0;1.0;
2025.10.27 00:00:00.000 GMT+00:00;50.00124;195;_23MAX51CS901§§XQ02;28314965;СКОР ВРАЩ ПТ ЛОГ УПР;;1;49.0;51.0;
2025.10.27 00:00:00.000 GMT+00:00;0.0;227;tmp_TRG§246531§OUT;28314920;Output Value;;1;0.0;100.0;
2025.10.27 00:00:00.000 GMT+00:00;0.0;227;tmp_TRG§246534§OUT;28314921;Output Value;;1;0.0;100.0;
2025.10.27 00:00:00.000 GMT+00:00;0.0;11;tmp_TRG§246538§OUT;28314917;;;2;0.0;100.0;
2025.10.27 00:00:00.000 GMT+00:00;0.0;11;tmp_TRG§246542§OUT;28314922;;;2;0.0;100.0;
2025.10.27 00:00:00.000 GMT+00:00;0.0;11;tmp_TRG§§OUT;28314919;;;2;0.0;100.0;
